{"stats":{"minecraft:custom":{"minecraft:mob_kills":17,"minecraft:interact_with_crafting_table":16,"minecraft:open_barrel":29,"minecraft:bell_ring":8,"minecraft:time_since_death":54686,"minecraft:climb_one_cm":1416,"minecraft:sprint_one_cm":187666,"minecraft:walk_one_cm":222178,"minecraft:damage_blocked_by_shield":75,"minecraft:drop":46,"minecraft:play_noteblock":1,"minecraft:talked_to_villager":3,"minecraft:play_time":66842,"minecraft:deaths":1,"minecraft:sneak_time":3051,"minecraft:walk_under_water_one_cm":46,"minecraft:jump":935,"minecraft:interact_with_blast_furnace":1,"minecraft:walk_on_water_one_cm":1498,"minecraft:total_world_time":66842,"minecraft:interact_with_furnace":27,"minecraft:tune_noteblock":27,"minecraft:interact_with_stonecutter":3,"minecraft:sleep_in_bed":4,"minecraft:time_since_rest":7670,"minecraft:damage_taken":1347,"minecraft:damage_dealt":2339,"minecraft:swim_one_cm":918,"minecraft:fly_one_cm":170283,"minecraft:open_chest":107,"minecraft:crouch_one_cm":9138,"minecraft:interact_with_smoker":1,"minecraft:fall_one_cm":19948},"minecraft:picked_up":{"minecraft:black_carpet":13,"minecraft:chainmail_boots":2,"minecraft:anvil":4,"minecraft:leather_leggings":1,"shieldsplus:wooden_shield":1,"minecraft:brown_mushroom":3,"minecraft:lead":1,"minecraft:wooden_pickaxe":1,"minecraft:stone_brick_stairs":1,"minecraft:string":2,"variantvanillablocks:spruce_crafting_table":3,"minecraft:armor_stand":1,"minecraft:experience_bottle":1,"minecraft:blue_orchid":8,"minecraft:candle":1,"minecraft:spruce_planks":33,"perfectplushies:dolphin_plushie":1,"perfectplushies:geode_plushie":1,"minecraft:tinted_glass":5,"minecraft:sugar_cane":55,"minecraft:chest":15,"minecraft:furnace":3,"minecraft:dark_oak_sapling":111,"minecraft:raw_iron":12,"minecraft:stick":9,"minecraft:note_block":1,"minecraft:spruce_fence":2,"minecraft:porkchop":2,"minecraft:carrot":72,"minecraft:iron_horse_armor":4,"minecraft:blue_carpet":9,"minecraft:dark_oak_planks":8,"minecraft:stone_sword":1,"minecraft:honey_bottle":1,"minecraft:light_gray_bed":4,"minecraft:rotten_flesh":7,"minecraft:hay_block":79,"minecraft:end_rod":1,"minecraft:cobblestone":80,"minecraft:leather_chestplate":1,"minecraft:lilac":1,"minecraft:golden_carrot":1,"perfectplushies:dumbo_blob_plushie":2,"minecraft:potato":7,"perfectplushies:doe_plushie":3,"minecraft:wither_skeleton_skull":2,"minecraft:blue_bed":2,"minecraft:lapis_lazuli":54,"minecraft:map":1,"minecraft:dirt":10,"minecraft:lantern":5,"minecraft:name_tag":1,"minecraft:leather_boots":2,"minecraft:bone":54,"minecraft:gray_carpet":3,"minecraft:stone_bricks":2,"minecraft:raw_gold":9,"minecraft:iron_ingot":1,"minecraft:stone_pickaxe":2,"minecraft:dark_oak_sign":2,"perfectplushies:dog_plushie":2,"minecraft:bamboo":4,"minecraft:stone_hoe":1,"minecraft:honeycomb":2,"minecraft:book":59,"minecraft:oak_slab":2,"shieldsplus:stone_shield":1,"minecraft:black_candle":1,"minecraft:cooked_porkchop":1,"minecraft:sweet_berries":3,"minecraft:chiseled_stone_bricks":1,"minecraft:stone_brick_slab":1,"minecraft:spruce_sapling":1,"minecraft:stripped_spruce_log":3,"minecraft:spruce_log":7,"naturalist:duck_egg":1,"minecraft:leather_helmet":3,"minecraft:dark_prismarine":2,"minecraft:pumpkin_seeds":8,"minecraft:diamond":1,"minecraft:stone_axe":2,"minecraft:emerald":2,"minecraft:bread":2,"minecraft:light_gray_carpet":8,"minecraft:stripped_dark_oak_log":4,"minecraft:coal":33},"minecraft:crafted":{"minecraft:furnace":1,"minecraft:stone_pickaxe":2,"minecraft:dark_oak_planks":20,"shieldsplus:wooden_shield":2,"minecraft:cooked_porkchop":2,"variantvanillablocks:spruce_crafting_table":3,"minecraft:spruce_planks":48,"minecraft:wooden_pickaxe":1,"minecraft:baked_potato":4,"minecraft:stone_axe":1,"minecraft:air":0,"minecraft:stick":17,"minecraft:chainmail_boots":1,"minecraft:iron_ingot":2,"minecraft:torch":20},"minecraft:used":{"perfectplushies:doe_plushie":1,"minecraft:light_gray_carpet":2,"minecraft:black_carpet":1,"minecraft:spruce_planks":33,"minecraft:chest":1,"minecraft:tinted_glass":5,"minecraft:stone_hoe":73,"minecraft:rotten_flesh":1,"minecraft:torch":13,"minecraft:dirt":7,"minecraft:carrot":40,"minecraft:snowball":12,"minecraft:spruce_fence":2,"minecraft:stone_brick_slab":1,"variantvanillablocks:spruce_crafting_table":3,"minecraft:dark_oak_planks":1,"minecraft:stone_brick_stairs":1,"minecraft:stone_bricks":2,"minecraft:golden_carrot":1,"perfectplushies:dog_plushie":2,"minecraft:furnace":3,"minecraft:light_gray_bed":4,"minecraft:leather_leggings":2,"minecraft:end_rod":1,"minecraft:stone_pickaxe":68,"minecraft:dark_oak_sign":2,"minecraft:baked_potato":4,"minecraft:leather_chestplate":1,"minecraft:wooden_pickaxe":7,"minecraft:blue_bed":1,"minecraft:leather_boots":2,"minecraft:note_block":1,"minecraft:dark_prismarine":2,"minecraft:bread":4,"shieldsplus:stone_shield":6,"minecraft:iron_pickaxe":57,"minecraft:leather_helmet":1,"minecraft:stone_axe":105,"minecraft:blue_carpet":1,"minecraft:chiseled_stone_bricks":1,"minecraft:cobblestone":1,"perfectplushies:dumbo_blob_plushie":2,"minecraft:chainmail_boots":1,"minecraft:cooked_porkchop":1,"minecraft:black_candle":1,"minecraft:candle":1},"minecraft:dropped":{"minecraft:diamond":1,"minecraft:cooked_porkchop":2,"perfectplushies:dolphin_plushie":1,"minecraft:cobblestone":42,"minecraft:apple":4,"minecraft:iron_horse_armor":4,"minecraft:leather_helmet":2,"minecraft:stick":4,"minecraft:blue_carpet":4,"minecraft:gray_carpet":1,"minecraft:blue_bed":1,"shieldsplus:wooden_shield":3,"naturalist:duck_egg":1,"minecraft:stone_axe":1,"minecraft:sweet_berries":2,"minecraft:stone_sword":1,"minecraft:black_carpet":6,"minecraft:raw_iron":1,"minecraft:experience_bottle":1,"minecraft:rotten_flesh":2,"minecraft:wither_skeleton_skull":1,"minecraft:light_gray_carpet":3,"minecraft:name_tag":1,"minecraft:carrot":36,"minecraft:leather_chestplate":1,"minecraft:potato":2,"minecraft:leather_boots":1,"minecraft:leather_leggings":1,"minecraft:stone_pickaxe":1,"perfectplushies:dumbo_blob_plushie":1},"minecraft:killed":{"luminousworld:frigid_zombie":12,"minecraft:spider":2,"undead_revamp2:sucker":4,"luminousworld:firefly":2,"minecraft:pig":2,"naturalist:snake":2,"luminousworld:frigid_skeleton":8,"minecraft:zombie":2},"minecraft:mined":{"minecraft:dark_oak_planks":1,"minecraft:dark_prismarine":2,"minecraft:spruce_planks":4,"minecraft:candle":1,"minecraft:jungle_leaves":1,"perfectplushies:dumbo_blob_plushie":2,"minecraft:spruce_fence":2,"minecraft:grass_block":1,"minecraft:white_stained_glass":2,"minecraft:light_gray_bed":4,"minecraft:chiseled_stone_bricks":1,"minecraft:hay_block":73,"minecraft:furnace":2,"minecraft:carrots":7,"minecraft:iron_ore":12,"minecraft:stripped_spruce_log":3,"minecraft:deepslate_lapis_ore":8,"minecraft:anvil":4,"minecraft:bookshelf":19,"minecraft:rail":1,"minecraft:iron_bars":2,"minecraft:lantern":12,"variantvanillablocks:spruce_crafting_table":2,"minecraft:black_candle":1,"minecraft:stone":36,"perfectplushies:dog_plushie":2,"minecraft:oak_slab":1,"minecraft:stripped_dark_oak_log":5,"minecraft:stone_brick_slab":1,"minecraft:note_block":1,"minecraft:chest":15,"minecraft:cobblestone":5,"minecraft:deepslate_coal_ore":3,"minecraft:oak_planks":8,"perfectplushies:doe_plushie":1,"minecraft:blue_bed":2,"minecraft:seagrass":1,"minecraft:tinted_glass":6,"minecraft:spruce_log":7,"minecraft:stone_brick_stairs":1,"minecraft:coal_ore":26,"minecraft:dirt":7,"minecraft:wither_skeleton_skull":1,"minecraft:stone_bricks":3,"minecraft:gold_ore":9},"minecraft:killed_by":{"minecraft:zombie":1}},"DataVersion":3465}