{"stats":{"minecraft:custom":{"minecraft:interact_with_furnace":12,"minecraft:mob_kills":4,"minecraft:interact_with_crafting_table":14,"minecraft:open_barrel":20,"minecraft:interact_with_stonecutter":2,"minecraft:time_since_death":18686,"minecraft:sleep_in_bed":1,"minecraft:time_since_rest":4138,"minecraft:sprint_one_cm":40161,"minecraft:walk_one_cm":96905,"minecraft:damage_taken":799,"minecraft:drop":28,"minecraft:damage_dealt":827,"minecraft:fly_one_cm":26115,"minecraft:open_chest":63,"minecraft:crouch_one_cm":4612,"minecraft:play_time":30842,"minecraft:deaths":1,"minecraft:sneak_time":1831,"minecraft:jump":264,"minecraft:interact_with_blast_furnace":1,"minecraft:walk_on_water_one_cm":1447,"minecraft:total_world_time":30842,"minecraft:fall_one_cm":6356},"minecraft:picked_up":{"minecraft:black_carpet":13,"minecraft:leather_chestplate":1,"minecraft:chainmail_boots":2,"minecraft:golden_carrot":1,"minecraft:anvil":4,"shieldsplus:wooden_shield":1,"minecraft:brown_mushroom":3,"minecraft:lead":1,"minecraft:wooden_pickaxe":1,"minecraft:potato":7,"perfectplushies:doe_plushie":3,"minecraft:wither_skeleton_skull":2,"minecraft:map":1,"minecraft:lapis_lazuli":54,"minecraft:dirt":10,"minecraft:lantern":5,"variantvanillablocks:spruce_crafting_table":2,"minecraft:armor_stand":1,"minecraft:leather_boots":2,"minecraft:experience_bottle":1,"minecraft:bone":54,"minecraft:blue_orchid":8,"minecraft:gray_carpet":3,"minecraft:spruce_planks":32,"minecraft:dark_oak_sign":2,"perfectplushies:dolphin_plushie":1,"minecraft:stone_pickaxe":2,"minecraft:tinted_glass":5,"minecraft:bamboo":4,"minecraft:sugar_cane":55,"minecraft:chest":15,"minecraft:honeycomb":2,"minecraft:furnace":2,"minecraft:book":26,"minecraft:dark_oak_sapling":111,"minecraft:oak_slab":2,"minecraft:stick":9,"minecraft:black_candle":1,"minecraft:cooked_porkchop":1,"minecraft:sweet_berries":3,"minecraft:spruce_fence":1,"minecraft:porkchop":2,"minecraft:stripped_spruce_log":3,"minecraft:spruce_sapling":1,"minecraft:spruce_log":5,"minecraft:carrot":72,"minecraft:blue_carpet":9,"minecraft:leather_helmet":3,"minecraft:dark_oak_planks":7,"minecraft:pumpkin_seeds":8,"minecraft:stone_sword":1,"minecraft:light_gray_bed":3,"minecraft:honey_bottle":1,"minecraft:rotten_flesh":5,"minecraft:diamond":1,"minecraft:stone_axe":2,"minecraft:end_rod":1,"minecraft:light_gray_carpet":8,"minecraft:stripped_dark_oak_log":4,"minecraft:coal":2,"minecraft:cobblestone":74},"minecraft:crafted":{"minecraft:cooked_porkchop":2,"variantvanillablocks:spruce_crafting_table":1,"minecraft:spruce_planks":40,"minecraft:wooden_pickaxe":1,"minecraft:baked_potato":4,"minecraft:furnace":1,"minecraft:stone_axe":1,"minecraft:air":0,"minecraft:stick":8,"minecraft:iron_ingot":2,"minecraft:chainmail_boots":1,"minecraft:stone_pickaxe":1,"minecraft:dark_oak_planks":20,"shieldsplus:wooden_shield":2},"minecraft:used":{"minecraft:end_rod":1,"minecraft:dark_oak_sign":2,"minecraft:stone_pickaxe":57,"perfectplushies:doe_plushie":1,"minecraft:black_carpet":1,"minecraft:light_gray_carpet":2,"minecraft:chest":1,"minecraft:spruce_planks":10,"minecraft:wooden_pickaxe":7,"minecraft:tinted_glass":5,"minecraft:leather_boots":1,"minecraft:rotten_flesh":1,"minecraft:dirt":7,"minecraft:carrot":12,"minecraft:spruce_fence":1,"variantvanillablocks:spruce_crafting_table":2,"minecraft:bread":3,"minecraft:leather_helmet":1,"minecraft:stone_axe":56,"minecraft:blue_carpet":1,"minecraft:golden_carrot":1,"minecraft:furnace":2,"minecraft:cooked_porkchop":1,"minecraft:black_candle":1,"minecraft:light_gray_bed":3},"minecraft:dropped":{"minecraft:stone_axe":1,"minecraft:sweet_berries":1,"minecraft:stone_sword":1,"minecraft:diamond":1,"minecraft:black_carpet":6,"minecraft:cooked_porkchop":2,"minecraft:experience_bottle":1,"perfectplushies:dolphin_plushie":1,"minecraft:cobblestone":42,"minecraft:wither_skeleton_skull":1,"minecraft:light_gray_carpet":3,"minecraft:carrot":36,"minecraft:leather_helmet":1,"minecraft:leather_chestplate":1,"minecraft:potato":2,"minecraft:leather_boots":1,"minecraft:stone_pickaxe":1,"minecraft:blue_carpet":4,"minecraft:gray_carpet":1,"shieldsplus:wooden_shield":3},"minecraft:killed":{"luminousworld:frigid_zombie":4,"minecraft:pig":2,"luminousworld:frigid_skeleton":2},"minecraft:mined":{"minecraft:oak_slab":1,"minecraft:spruce_planks":3,"minecraft:jungle_leaves":1,"minecraft:stripped_dark_oak_log":5,"minecraft:grass_block":1,"minecraft:spruce_fence":1,"minecraft:chest":15,"minecraft:light_gray_bed":3,"minecraft:deepslate_coal_ore":3,"perfectplushies:doe_plushie":1,"minecraft:seagrass":1,"minecraft:furnace":1,"minecraft:carrots":7,"minecraft:tinted_glass":6,"minecraft:spruce_log":5,"minecraft:stripped_spruce_log":3,"minecraft:anvil":4,"minecraft:deepslate_lapis_ore":8,"minecraft:bookshelf":8,"minecraft:lantern":12,"variantvanillablocks:spruce_crafting_table":1,"minecraft:dirt":7,"minecraft:black_candle":1,"minecraft:wither_skeleton_skull":1,"minecraft:stone":35},"minecraft:killed_by":{"minecraft:zombie":1}},"DataVersion":3465}