{"stats":{"minecraft:picked_up":{"minecraft:iron_chestplate":6,"minecraft:wheat":89,"minecraft:black_carpet":13,"minecraft:chainmail_boots":2,"minecraft:flower_pot":1,"minecraft:anvil":22,"minecraft:lead":7,"minecraft:enchanted_book":1,"kawaiidishes:cappuccino_coffee":6,"seadwellers:aquamarine":1,"minecraft:stone_brick_stairs":1,"minecraft:brewing_stand":2,"minecraft:golden_sword":2,"minecraft:string":22,"minecraft:cooked_salmon":3,"minecraft:iron_leggings":5,"minecraft:armor_stand":5,"minecraft:pufferfish":3,"minecraft:experience_bottle":2,"kawaiidishes:expresso_coffee":1,"minecraft:diamond_leggings":1,"minecraft:gold_nugget":46,"kawaiidishes:cocoa_powder":17,"minecraft:bucket":2,"minecraft:spruce_planks":37,"perfectplushies:dolphin_plushie":1,"minecraft:rose_bush":1,"perfectplushies:geode_plushie":1,"minecraft:iron_pickaxe":6,"kawaiidishes:piece_of_honey_cheesecake":24,"minecraft:coal_block":9,"minecraft:iron_boots":6,"minecraft:furnace":10,"kawaiidishes:roasted_cocoa_beans":38,"minecraft:beehive":1,"minecraft:stick":39,"minecraft:birch_trapdoor":1,"minecraft:oak_fence":2,"minecraft:torch":41,"minecraft:porkchop":2,"kawaiidishes:coffee_machine":5,"kawaiidishes:red_stool":4,"minecraft:cherry_log":61,"minecraft:brown_carpet":4,"luminousworld:shellmet_helmet":1,"minecraft:stone_sword":1,"minecraft:honey_bottle":1,"minecraft:light_gray_bed":4,"minecraft:rotten_flesh":40,"luminousworld:soft_birch_log":1,"minecraft:end_rod":1,"supplementaries:ash":5,"minecraft:obsidian":8,"minecraft:cod":5,"minecraft:cobblestone":179,"minecraft:nautilus_shell":3,"minecraft:birch_log":14,"minecraft:pink_petals":154,"minecraft:leather_chestplate":1,"minecraft:feather":1,"minecraft:lilac":2,"minecraft:water_bucket":2,"supplementaries:candy":4,"perfectplushies:dumbo_blob_plushie":3,"minecraft:black_bed":5,"minecraft:golden_leggings":1,"minecraft:dark_oak_boat":3,"kawaiidishes:coffee_powder":14,"minecraft:smoker":2,"minecraft:potato":225,"perfectplushies:doe_plushie":7,"perfectplushies:hummingbird_plushie":1,"minecraft:flint":27,"luminousworld:raw_venison":3,"undead_revamp2:huntereye":4,"minecraft:wither_skeleton_skull":4,"minecraft:lantern":53,"minecraft:map":1,"minecraft:lapis_lazuli":182,"minecraft:dirt":118,"minecraft:name_tag":3,"minecraft:leather_boots":3,"minecraft:bone":184,"kawaiidishes:caramel_bunny_ears":1,"perfectplushies:red_panda_plushie":1,"kawaiidishes:piece_of_chocolate_cheesecake":4,"minecraft:stonecutter":2,"minecraft:bow":1,"minecraft:wheat_seeds":254,"minecraft:raw_gold":9,"minecraft:mossy_stone_bricks":4,"minecraft:grindstone":1,"minecraft:dark_oak_sign":2,"minecraft:rabbit":1,"minecraft:bamboo":153,"minecraft:stone_hoe":2,"minecraft:honeycomb":2,"kawaiidishes:mug":30,"perfectplushies:elephant_plushie":1,"minecraft:cooked_porkchop":1,"luminousworld:creepberries":10,"minecraft:sand":267,"minecraft:jungle_planks":1,"minecraft:stripped_spruce_log":6,"perfectplushies:rabbit_plushie":2,"minecraft:cyan_bed":1,"minecraft:dark_oak_log":3,"perfectplushies:panda_plushie":3,"minecraft:barrel":3,"naturalist:duck_egg":1,"luminousworld:amethyst_disc":1,"minecraft:dark_prismarine":2,"minecraft:diamond":6,"minecraft:spruce_boat":3,"luminousworld:yellowpetunias":4,"luminousworld:blueberry":3,"minecraft:golden_horse_armor":1,"minecraft:grass":4,"minecraft:golden_apple":6,"kawaiidishes:piece_of_cheesecake":12,"minecraft:emerald":52,"minecraft:bread":146,"minecraft:cherry_slab":6,"minecraft:oak_sapling":7,"minecraft:light_gray_carpet":8,"minecraft:cocoa_beans":15,"luminousworld:groundpebbles_1":4,"minecraft:coarse_dirt":12,"luminousworld:decorative_brown_2":1,"shieldsplus:wooden_shield":1,"minecraft:leather_leggings":1,"minecraft:brown_mushroom":4,"minecraft:wooden_pickaxe":1,"minecraft:stone_brick_wall":1,"minecraft:gold_block":1,"minecraft:moss_carpet":1,"minecraft:iron_axe":2,"variantvanillablocks:spruce_crafting_table":3,"minecraft:compass":1,"minecraft:blue_orchid":8,"minecraft:candle":1,"minecraft:iron_nugget":13,"minecraft:poppy":3,"minecraft:tinted_glass":5,"minecraft:birch_sapling":5,"minecraft:sugar_cane":192,"minecraft:chest":47,"luminousworld:white_oak_plank":12,"kawaiidishes:piece_of_cake":18,"minecraft:dark_oak_sapling":122,"minecraft:stone":10,"minecraft:raw_iron":84,"minecraft:note_block":1,"minecraft:spruce_fence":4,"minecraft:carrot":233,"minecraft:stone_pressure_plate":1,"minecraft:iron_horse_armor":4,"minecraft:blue_carpet":9,"minecraft:dark_oak_planks":8,"luminousworld:white_oak_sapling":17,"luminousworld:decorative_brown_mushroom_1":4,"minecraft:cooked_cod":4,"minecraft:peony":1,"minecraft:jungle_stairs":5,"minecraft:hay_block":270,"minecraft:saddle":4,"minecraft:gold_ingot":35,"minecraft:black_banner":12,"minecraft:white_wool":5,"minecraft:skeleton_skull":1,"minecraft:rail":1,"minecraft:golden_carrot":1,"minecraft:salmon":2,"minecraft:leather":2,"minecraft:red_mushroom":10,"minecraft:oak_log":33,"minecraft:golden_boots":1,"minecraft:cobblestone_stairs":2,"kawaiidishes:latte_coffee":1,"minecraft:blue_bed":2,"minecraft:white_banner":1,"minecraft:stone_bricks":29,"minecraft:apple":26,"minecraft:gray_carpet":3,"minecraft:iron_ingot":64,"minecraft:stone_pickaxe":2,"minecraft:tall_grass":2,"perfectplushies:dog_plushie":8,"minecraft:glass_bottle":1,"minecraft:iron_sword":2,"minecraft:acacia_sapling":7,"minecraft:book":428,"minecraft:scaffolding":61,"minecraft:oak_slab":2,"kawaiidishes:roasted_coffee_beans":8,"shieldsplus:stone_shield":3,"minecraft:milk_bucket":1,"minecraft:black_candle":1,"luminousworld:clovers_1":13,"minecraft:sweet_berries":5,"minecraft:chiseled_stone_bricks":1,"minecraft:stone_brick_slab":1,"minecraft:dandelion":9,"minecraft:raw_iron_block":2,"minecraft:gravel":147,"minecraft:lava_bucket":2,"burnt:burnt_dirt":1,"minecraft:spruce_sapling":1,"minecraft:blast_furnace":1,"minecraft:white_bed":19,"minecraft:spruce_log":7,"minecraft:spider_eye":1,"blue_skies:starlit_log":16,"minecraft:leather_helmet":5,"luminousworld:whiteoaklog":184,"minecraft:diamond_shovel":1,"minecraft:pumpkin_seeds":8,"minecraft:polished_diorite":5,"minecraft:stone_axe":2,"minecraft:iron_helmet":8,"minecraft:scute":1,"perfectplushies:duck_plushie":2,"minecraft:cherry_sapling":4,"minecraft:warped_roots":1,"kawaiidishes:brown_thigh_highs":1,"minecraft:baked_potato":3,"minecraft:black_wool":15,"minecraft:stripped_dark_oak_log":4,"minecraft:coal":390,"minecraft:hopper":22},"minecraft:crafted":{"minecraft:oak_planks":16,"minecraft:cherry_slab":6,"blue_skies:starlit_crafting_table":1,"minecraft:diamond_shovel":1,"minecraft:iron_boots":1,"supplementaries:flute":1,"supplementaries:candy":8,"minecraft:cooked_porkchop":2,"minecraft:crafting_table":2,"variantvanillablocks:spruce_crafting_table":4,"minecraft:diamond_axe":2,"minecraft:spruce_planks":60,"minecraft:wooden_pickaxe":1,"minecraft:baked_potato":68,"minecraft:birch_planks":4,"minecraft:iron_chestplate":2,"minecraft:wooden_hoe":1,"minecraft:paper":3,"minecraft:diamond_pickaxe":2,"minecraft:stick":52,"minecraft:iron_ingot":102,"naturalist:bug_net":1,"minecraft:cherry_planks":12,"minecraft:wooden_sword":1,"minecraft:raw_iron":18,"minecraft:coal":81,"minecraft:furnace":4,"minecraft:bone_meal":78,"variantvanillablocks:spruce_chest":2,"luminousworld:white_oak_slab":3,"minecraft:scaffolding":12,"minecraft:iron_axe":1,"luminousworld:white_oak_plank":8,"minecraft:stone_pickaxe":2,"minecraft:dark_oak_planks":20,"shieldsplus:wooden_shield":4,"minecraft:wheat":765,"minecraft:sugar":23,"shieldsplus:iron_shield":2,"minecraft:iron_sword":1,"minecraft:bucket":2,"minecraft:stone_axe":1,"minecraft:bread":255,"minecraft:air":0,"minecraft:chainmail_boots":1,"minecraft:iron_leggings":1,"blue_skies:starlit_planks":20,"blue_skies:starlit_chest":2,"minecraft:torch":96},"minecraft:used":{"minecraft:black_carpet":1,"minecraft:chest":7,"minecraft:iron_sword":219,"minecraft:rotten_flesh":1,"minecraft:iron_chestplate":2,"luminousworld:decorative_brown_2":1,"shieldsplus:iron_shield":6,"perfectplushies:frog_plushie":1,"minecraft:jungle_planks":1,"minecraft:carrot":40,"minecraft:snowball":12,"minecraft:milk_bucket":1,"minecraft:spruce_boat":2,"variantvanillablocks:spruce_crafting_table":5,"blue_skies:starlit_chest":2,"minecraft:lava_bucket":1,"luminousworld:white_oak_sapling":11,"minecraft:lantern":4,"minecraft:iron_helmet":2,"supplementaries:candy":4,"minecraft:stone_brick_stairs":1,"minecraft:stone_bricks":10,"minecraft:birch_trapdoor":1,"minecraft:brown_carpet":1,"minecraft:dark_oak_boat":1,"minecraft:hay_block":14,"minecraft:scaffolding":11,"minecraft:furnace":8,"minecraft:gold_block":1,"luminousworld:decorative_brown_mushroom_1":4,"kawaiidishes:mug":1,"kawaiidishes:latte_coffee":2,"minecraft:end_rod":1,"minecraft:leather_leggings":2,"minecraft:sugar_cane":2,"minecraft:stone_pickaxe":68,"minecraft:leather_chestplate":1,"minecraft:dark_oak_sign":2,"blue_skies:starlit_sapling":1,"minecraft:wooden_pickaxe":7,"minecraft:diamond_axe":661,"luminousworld:groundpebbles_1":4,"minecraft:blue_bed":1,"minecraft:golden_apple":5,"minecraft:stone_brick_wall":1,"minecraft:blast_furnace":1,"minecraft:black_bed":3,"minecraft:note_block":1,"luminousworld:white_oak_slab":3,"kawaiidishes:piece_of_chocolate_cheesecake":4,"perfectplushies:panda_plushie":1,"minecraft:bread":120,"minecraft:cyan_bed":1,"minecraft:gravel":1,"minecraft:lilac":1,"minecraft:wooden_sword":19,"perfectplushies:dumbo_blob_plushie":4,"variantvanillablocks:spruce_chest":2,"minecraft:chainmail_boots":2,"luphieclutteredmod:stripped_luphie_flowering_log":1,"minecraft:coarse_dirt":5,"minecraft:bone_meal":87,"minecraft:experience_bottle":2,"minecraft:oak_fence":2,"minecraft:rose_bush":1,"luminousworld:whiteoaklog":33,"perfectplushies:doe_plushie":3,"minecraft:light_gray_carpet":2,"minecraft:spruce_planks":48,"minecraft:tinted_glass":5,"minecraft:stone_hoe":73,"minecraft:torch":102,"minecraft:dirt":231,"minecraft:anvil":5,"minecraft:spruce_fence":3,"minecraft:polished_diorite":4,"minecraft:stone_brick_slab":1,"minecraft:dark_oak_planks":1,"kawaiidishes:piece_of_honey_cheesecake":2,"blue_skies:starlit_log":1,"minecraft:iron_axe":30,"kawaiidishes:dark_brown_shoes":1,"blue_skies:crescent_fruit_sapling":1,"minecraft:iron_boots":1,"blue_skies:starlit_crafting_table":1,"kawaiidishes:coffee_machine":2,"undead_revamp2:huntereye":1,"minecraft:bamboo":12,"minecraft:diamond_chestplate":1,"minecraft:golden_carrot":1,"perfectplushies:dog_plushie":4,"minecraft:stone_pressure_plate":1,"minecraft:cherry_log":1,"minecraft:light_gray_bed":4,"minecraft:iron_leggings":1,"minecraft:water_bucket":19,"minecraft:cobblestone_stairs":2,"minecraft:birch_planks":1,"minecraft:baked_potato":55,"luminousworld:white_oak_plank":10,"minecraft:leather_boots":2,"minecraft:rail":1,"minecraft:crafting_table":2,"minecraft:white_bed":16,"minecraft:smoker":1,"minecraft:wooden_hoe":5,"minecraft:dark_prismarine":2,"minecraft:diamond_pickaxe":232,"minecraft:oak_log":1,"minecraft:black_wool":2,"minecraft:diamond_shovel":498,"luphieclutteredmod:luphie_flowering_pink_log":1,"shieldsplus:stone_shield":18,"minecraft:iron_pickaxe":172,"minecraft:leather_helmet":1,"minecraft:jungle_stairs":5,"minecraft:chiseled_stone_bricks":1,"minecraft:stone_axe":105,"minecraft:pink_petals":51,"kawaiidishes:white_thigh_highs":1,"minecraft:blue_carpet":1,"perfectplushies:elephant_plushie":1,"minecraft:cobblestone":30,"perfectplushies:duck_plushie":1,"minecraft:white_banner":1,"minecraft:cooked_porkchop":1,"minecraft:bucket":21,"minecraft:black_candle":1,"minecraft:dandelion":1,"minecraft:candle":1},"minecraft:killed":{"enemyexpansion:equestrian":2,"minecraft:spider":10,"undead_revamp2:thesmoker":4,"luminousworld:king_crab":4,"undead_revamp2:theswarmer":2,"undead_revamp2:thepregnant":2,"sleep_tight:bedbug":2,"minecraft:pig":2,"minecraft:zombie_villager":16,"naturalist:snake":2,"luminousworld:frigid_skeleton":8,"undead_revamp2:thebeartamer":2,"minecraft:creeper":4,"undead_revamp2:thebidyupside":2,"minecraft:zombie":24,"enemyexpansion:botfly":4,"luminous_monsters:sunken":2,"luminousworld:frigid_zombie":12,"undead_revamp2:thehunter":2,"luminousworld:sand_crab":8,"enemyexpansion:direwolf":2,"undead_revamp2:thebidy":4,"minecraft:drowned":10,"undead_revamp2:sucker":12,"luminousworld:firefly":2,"naturalist:butterfly":2,"undead_revamp2:the_moonflower":2,"naturalist:sparrow":2},"minecraft:custom":{"minecraft:interact_with_crafting_table":60,"minecraft:open_barrel":66,"minecraft:bell_ring":8,"minecraft:leave_game":11,"minecraft:time_since_death":242530,"minecraft:sprint_one_cm":1118425,"minecraft:damage_blocked_by_shield":350,"minecraft:drop":152,"minecraft:play_noteblock":1,"minecraft:talked_to_villager":22,"minecraft:play_time":393245,"minecraft:deaths":3,"minecraft:jump":7966,"minecraft:walk_on_water_one_cm":34451,"minecraft:interact_with_furnace":86,"minecraft:sleep_in_bed":27,"minecraft:damage_dealt":19818,"minecraft:crouch_one_cm":41346,"minecraft:interact_with_smoker":12,"minecraft:horse_one_cm":4288,"minecraft:mob_kills":80,"minecraft:inspect_hopper":3,"minecraft:damage_dealt_resisted":687,"minecraft:climb_one_cm":29266,"minecraft:walk_one_cm":851480,"minecraft:sneak_time":14779,"minecraft:walk_under_water_one_cm":37104,"minecraft:boat_one_cm":213699,"minecraft:interact_with_blast_furnace":8,"minecraft:total_world_time":393245,"minecraft:tune_noteblock":27,"minecraft:interact_with_stonecutter":3,"minecraft:damage_absorbed":190,"minecraft:time_since_rest":28828,"minecraft:damage_taken":7972,"minecraft:swim_one_cm":170031,"minecraft:fly_one_cm":1658891,"minecraft:open_chest":469,"minecraft:fall_one_cm":252430},"minecraft:killed_by":{"minecraft:drowned":2,"minecraft:zombie":1},"minecraft:dropped":{"minecraft:brown_mushroom":1,"minecraft:birch_planks":3,"minecraft:diamond_axe":1,"minecraft:diamond":1,"minecraft:dark_oak_sapling":64,"minecraft:cooked_porkchop":2,"perfectplushies:dolphin_plushie":1,"minecraft:warped_roots":1,"minecraft:iron_horse_armor":4,"minecraft:saddle":1,"luminousworld:blueberry":3,"minecraft:leather_helmet":2,"minecraft:emerald":14,"shieldsplus:iron_shield":1,"minecraft:wooden_sword":1,"minecraft:sugar":11,"minecraft:iron_pickaxe":1,"perfectplushies:rabbit_plushie":1,"minecraft:dark_oak_boat":1,"minecraft:blue_bed":1,"shieldsplus:wooden_shield":3,"minecraft:stone_axe":1,"luminousworld:white_oak_plank":2,"minecraft:black_carpet":6,"kawaiidishes:brown_thigh_highs":1,"minecraft:cherry_sapling":1,"minecraft:rotten_flesh":14,"minecraft:diamond_shovel":1,"minecraft:light_gray_carpet":3,"minecraft:carrot":36,"minecraft:leather_chestplate":1,"kawaiidishes:cappuccino_coffee":3,"kawaiidishes:piece_of_chocolate_cheesecake":1,"minecraft:leather_boots":1,"minecraft:chest":1,"minecraft:leather_leggings":1,"minecraft:scaffolding":21,"perfectplushies:dumbo_blob_plushie":1,"minecraft:stone_hoe":2,"minecraft:bread":68,"minecraft:wheat_seeds":5,"minecraft:cherry_log":4,"minecraft:iron_helmet":1,"minecraft:cobblestone":51,"minecraft:apple":4,"minecraft:coal":32,"minecraft:stick":23,"kawaiidishes:piece_of_honey_cheesecake":18,"minecraft:milk_bucket":1,"luminousworld:raw_venison":3,"minecraft:wooden_hoe":1,"minecraft:rabbit":1,"minecraft:cherry_planks":1,"minecraft:iron_leggings":2,"minecraft:blue_carpet":4,"minecraft:bucket":4,"minecraft:gray_carpet":1,"minecraft:dandelion":4,"naturalist:duck_egg":1,"minecraft:furnace":1,"minecraft:moss_carpet":1,"minecraft:sweet_berries":4,"minecraft:coarse_dirt":7,"minecraft:stone_sword":1,"minecraft:raw_iron":1,"minecraft:experience_bottle":1,"minecraft:wither_skeleton_skull":1,"twilightforest:time_sapling":1,"minecraft:iron_boots":2,"minecraft:cherry_slab":12,"minecraft:name_tag":1,"minecraft:spruce_fence":1,"kawaiidishes:mug":2,"minecraft:potato":2,"minecraft:hay_block":1,"minecraft:flower_pot":1,"minecraft:mossy_stone_bricks":4,"minecraft:iron_chestplate":2,"minecraft:diamond_pickaxe":1,"minecraft:golden_leggings":1,"minecraft:oak_sapling":2,"kawaiidishes:expresso_coffee":1,"minecraft:golden_sword":1,"minecraft:barrel":1,"kawaiidishes:piece_of_cake":3,"minecraft:stone_pickaxe":1,"supplementaries:candy":8,"supplementaries:flute":1},"minecraft:mined":{"minecraft:dark_oak_planks":1,"minecraft:spruce_planks":4,"minecraft:white_bed":18,"minecraft:cobblestone_stairs":2,"minecraft:cherry_log":50,"minecraft:jungle_leaves":5,"minecraft:brewing_stand":2,"minecraft:obsidian":5,"minecraft:grass_block":24,"minecraft:light_gray_bed":4,"minecraft:coal_block":10,"minecraft:polished_diorite":6,"minecraft:hopper":16,"minecraft:chiseled_stone_bricks":1,"minecraft:raw_iron_block":4,"minecraft:magma_block":1,"minecraft:iron_ore":59,"minecraft:barrel":6,"minecraft:fire":3,"minecraft:moss_carpet":2,"minecraft:anvil":12,"minecraft:deepslate_lapis_ore":8,"burnt:burnt_log":2,"minecraft:dirt_path":1,"perfectplushies:panda_plushie":1,"minecraft:oak_stairs":1,"minecraft:iron_bars":2,"minecraft:black_candle":1,"kawaiidishes:mug":6,"minecraft:white_banner":1,"luminousworld:decorative_brown_2":2,"kawaiidishes:coffee_machine":5,"luminousworld:creepbush":10,"perfectplushies:dog_plushie":4,"luminousworld:purple_petunias":1,"minecraft:smoker":2,"minecraft:torch":4,"minecraft:note_block":1,"minecraft:jungle_stairs":6,"minecraft:blast_furnace":1,"minecraft:potted_warped_roots":1,"minecraft:chest":47,"burnt:smoldering_log_start":3,"minecraft:cobblestone":11,"minecraft:oak_planks":11,"minecraft:cyan_bed":1,"minecraft:sugar_cane":5,"minecraft:grindstone":1,"minecraft:wall_torch":1,"minecraft:pink_petals":22,"minecraft:skeleton_skull":1,"minecraft:seagrass":1,"perfectplushies:frog_plushie":1,"minecraft:dark_oak_slab":1,"luminousworld:clovers_1":3,"minecraft:birch_log":14,"minecraft:tinted_glass":6,"minecraft:wheat":82,"minecraft:birch_trapdoor":1,"minecraft:lilac":2,"minecraft:stone_brick_stairs":1,"minecraft:black_bed":5,"minecraft:grass":128,"minecraft:oak_log":34,"minecraft:dirt":68,"minecraft:sand":269,"luminousworld:grassvariant_3":14,"minecraft:wither_skeleton_skull":1,"minecraft:stonecutter":2,"minecraft:netherrack":6,"minecraft:oak_leaves":6,"minecraft:dark_prismarine":2,"luminousworld:grassvariant_4":6,"minecraft:candle":1,"perfectplushies:dumbo_blob_plushie":2,"luminousworld:mossbuds_2":1,"minecraft:spruce_fence":2,"luminousworld:clovers_4":1,"minecraft:jungle_planks":1,"minecraft:white_stained_glass":2,"luminousworld:grassvariant_2":18,"luminousworld:whiteoakleaves":30,"burnt:smoldering_log_broken":1,"luminousworld:clovers_2":2,"luminousworld:decorative_brown_mushroom_1":4,"luminousworld:blackberrybush":2,"minecraft:spruce_leaves":1,"luminousworld:white_oak_plank":10,"burnt:smoldering_grass":3,"minecraft:hay_block":93,"luminousworld:sunset_petunias":1,"burnt:burnt_grass":2,"minecraft:furnace":9,"minecraft:carrots":19,"minecraft:stripped_spruce_log":6,"minecraft:gold_block":1,"minecraft:peony":1,"minecraft:bookshelf":101,"minecraft:potatoes":18,"minecraft:vine":3,"minecraft:rail":1,"minecraft:lantern":14,"variantvanillablocks:spruce_crafting_table":2,"minecraft:bamboo":12,"luminousworld:clovers_3":1,"minecraft:stone":124,"luminousworld:soft_birch_log":1,"minecraft:oak_slab":1,"minecraft:scaffolding":28,"minecraft:brown_carpet":1,"minecraft:stripped_dark_oak_log":5,"blue_skies:starlit_log":6,"minecraft:stone_brick_slab":1,"minecraft:dandelion":1,"minecraft:oak_fence":3,"burnt:burnt_dirt":2,"minecraft:cornflower":1,"minecraft:rose_bush":1,"minecraft:stone_slab":2,"minecraft:tall_grass":25,"minecraft:deepslate_coal_ore":4,"perfectplushies:elephant_plushie":1,"burnt:burnt_log_broken":2,"perfectplushies:doe_plushie":3,"minecraft:blue_bed":2,"luminousworld:whiteoaklog":182,"minecraft:coarse_dirt":5,"minecraft:beehive":1,"minecraft:sweet_berry_bush":2,"minecraft:black_wall_banner":12,"minecraft:spruce_log":7,"minecraft:birch_leaves":2,"luminousworld:white_oak_slab":1,"kawaiidishes:red_stool":4,"minecraft:black_wool":2,"luminousworld:clovers_5":2,"minecraft:coal_ore":125,"minecraft:cherry_leaves":31,"minecraft:gravel":174,"burnt:smoldering_log":7,"minecraft:cobweb":19,"minecraft:stone_bricks":12,"minecraft:mossy_stone_bricks":1,"minecraft:gold_ore":9,"minecraft:fern":2}},"DataVersion":3465}