{"stats":{"minecraft:custom":{"minecraft:interact_with_furnace":4,"minecraft:mob_kills":2,"minecraft:interact_with_crafting_table":6,"minecraft:open_barrel":11,"minecraft:time_since_death":6686,"minecraft:time_since_rest":6713,"minecraft:sprint_one_cm":19536,"minecraft:walk_one_cm":53861,"minecraft:damage_taken":623,"minecraft:drop":24,"minecraft:damage_dealt":734,"minecraft:fly_one_cm":21281,"minecraft:open_chest":26,"minecraft:crouch_one_cm":2493,"minecraft:play_time":18842,"minecraft:deaths":1,"minecraft:sneak_time":1236,"minecraft:jump":185,"minecraft:walk_on_water_one_cm":1447,"minecraft:total_world_time":18842,"minecraft:fall_one_cm":4175},"minecraft:picked_up":{"minecraft:black_carpet":13,"minecraft:leather_chestplate":1,"minecraft:chainmail_boots":1,"minecraft:golden_carrot":1,"minecraft:anvil":4,"minecraft:brown_mushroom":3,"minecraft:lead":1,"minecraft:wooden_pickaxe":1,"minecraft:potato":7,"perfectplushies:doe_plushie":3,"minecraft:lapis_lazuli":54,"minecraft:dirt":10,"minecraft:lantern":1,"variantvanillablocks:spruce_crafting_table":2,"minecraft:armor_stand":1,"minecraft:leather_boots":2,"minecraft:experience_bottle":1,"minecraft:bone":46,"minecraft:blue_orchid":8,"minecraft:gray_carpet":3,"minecraft:spruce_planks":32,"perfectplushies:dolphin_plushie":1,"minecraft:stone_pickaxe":2,"minecraft:tinted_glass":5,"minecraft:bamboo":3,"minecraft:sugar_cane":36,"minecraft:chest":12,"minecraft:honeycomb":2,"minecraft:furnace":2,"minecraft:book":17,"minecraft:dark_oak_sapling":92,"minecraft:oak_slab":2,"minecraft:stick":9,"minecraft:black_candle":1,"minecraft:cooked_porkchop":1,"minecraft:sweet_berries":3,"minecraft:spruce_fence":1,"minecraft:porkchop":2,"minecraft:stripped_spruce_log":3,"minecraft:spruce_sapling":1,"minecraft:spruce_log":5,"minecraft:carrot":72,"minecraft:blue_carpet":9,"minecraft:leather_helmet":3,"minecraft:dark_oak_planks":3,"minecraft:pumpkin_seeds":8,"minecraft:stone_sword":1,"minecraft:honey_bottle":1,"minecraft:rotten_flesh":4,"minecraft:diamond":1,"minecraft:stone_axe":2,"minecraft:light_gray_carpet":8,"minecraft:stripped_dark_oak_log":2,"minecraft:coal":2,"minecraft:cobblestone":74},"minecraft:crafted":{"minecraft:cooked_porkchop":2,"variantvanillablocks:spruce_crafting_table":1,"minecraft:spruce_planks":32,"minecraft:wooden_pickaxe":1,"minecraft:furnace":1,"minecraft:stone_axe":1,"minecraft:air":0,"minecraft:stick":8,"minecraft:stone_pickaxe":1},"minecraft:used":{"minecraft:stone_pickaxe":45,"perfectplushies:doe_plushie":1,"minecraft:black_carpet":1,"minecraft:light_gray_carpet":2,"minecraft:chest":1,"minecraft:spruce_planks":10,"minecraft:wooden_pickaxe":7,"minecraft:tinted_glass":5,"minecraft:leather_boots":1,"minecraft:dirt":7,"minecraft:carrot":12,"minecraft:spruce_fence":1,"variantvanillablocks:spruce_crafting_table":2,"minecraft:leather_helmet":1,"minecraft:stone_axe":45,"minecraft:blue_carpet":1,"minecraft:furnace":2,"minecraft:cooked_porkchop":1,"minecraft:black_candle":1},"minecraft:killed":{"minecraft:pig":2,"luminousworld:frigid_skeleton":2},"minecraft:dropped":{"minecraft:stone_axe":1,"minecraft:sweet_berries":1,"minecraft:stone_sword":1,"minecraft:diamond":1,"minecraft:black_carpet":6,"minecraft:cooked_porkchop":2,"minecraft:experience_bottle":1,"perfectplushies:dolphin_plushie":1,"minecraft:cobblestone":42,"minecraft:light_gray_carpet":3,"minecraft:carrot":36,"minecraft:leather_helmet":1,"minecraft:leather_chestplate":1,"minecraft:potato":2,"minecraft:leather_boots":1,"minecraft:stone_pickaxe":1,"minecraft:blue_carpet":4,"minecraft:gray_carpet":1},"minecraft:mined":{"minecraft:oak_slab":1,"minecraft:spruce_planks":3,"minecraft:jungle_leaves":1,"minecraft:stripped_dark_oak_log":3,"minecraft:grass_block":1,"minecraft:spruce_fence":1,"minecraft:chest":12,"minecraft:deepslate_coal_ore":3,"perfectplushies:doe_plushie":1,"minecraft:seagrass":1,"minecraft:furnace":1,"minecraft:carrots":7,"minecraft:tinted_glass":5,"minecraft:spruce_log":5,"minecraft:stripped_spruce_log":3,"minecraft:anvil":4,"minecraft:deepslate_lapis_ore":8,"minecraft:bookshelf":5,"variantvanillablocks:spruce_crafting_table":1,"minecraft:dirt":7,"minecraft:black_candle":1,"minecraft:stone":35},"minecraft:killed_by":{"minecraft:zombie":1}},"DataVersion":3465}