{"stats":{"minecraft:used":{"minecraft:beetroot_seeds":4,"minecraft:wheat_seeds":3},"minecraft:custom":{"minecraft:jump":29,"minecraft:open_chest":3,"minecraft:time_since_rest":41487,"minecraft:crouch_one_cm":93,"minecraft:walk_on_water_one_cm":3756,"minecraft:play_time":41487,"minecraft:damage_taken":70,"minecraft:time_since_death":41487,"minecraft:walk_one_cm":2101,"minecraft:sneak_time":425,"minecraft:total_world_time":41487,"minecraft:walk_under_water_one_cm":38073,"minecraft:swim_one_cm":13098,"minecraft:drop":4,"minecraft:fly_one_cm":152009},"minecraft:dropped":{"minecraft:beetroot_seeds":16,"minecraft:wheat_seeds":3,"minecraft:beetroot":2},"minecraft:picked_up":{"minecraft:beetroot":3,"minecraft:beetroot_seeds":16,"minecraft:wheat_seeds":3}},"DataVersion":3465}