{"stats":{"minecraft:custom":{"minecraft:mob_kills":27,"minecraft:interact_with_crafting_table":36,"minecraft:open_barrel":38,"minecraft:bell_ring":8,"minecraft:leave_game":1,"minecraft:time_since_death":114469,"minecraft:climb_one_cm":3465,"minecraft:sprint_one_cm":388588,"minecraft:walk_one_cm":356255,"minecraft:damage_blocked_by_shield":105,"minecraft:drop":80,"minecraft:play_noteblock":1,"minecraft:talked_to_villager":9,"minecraft:play_time":126625,"minecraft:deaths":1,"minecraft:sneak_time":3956,"minecraft:walk_under_water_one_cm":106,"minecraft:jump":2304,"minecraft:interact_with_blast_furnace":1,"minecraft:walk_on_water_one_cm":2338,"minecraft:total_world_time":126625,"minecraft:interact_with_furnace":76,"minecraft:tune_noteblock":27,"minecraft:interact_with_stonecutter":3,"minecraft:sleep_in_bed":12,"minecraft:time_since_rest":12996,"minecraft:damage_taken":2396,"minecraft:damage_dealt":3995,"minecraft:swim_one_cm":1270,"minecraft:fly_one_cm":455975,"minecraft:open_chest":171,"minecraft:crouch_one_cm":12813,"minecraft:interact_with_smoker":2,"minecraft:fall_one_cm":67482,"minecraft:horse_one_cm":4288},"minecraft:picked_up":{"minecraft:coarse_dirt":1,"minecraft:black_carpet":13,"minecraft:chainmail_boots":2,"minecraft:anvil":5,"shieldsplus:wooden_shield":1,"minecraft:leather_leggings":1,"minecraft:brown_mushroom":3,"minecraft:lead":1,"minecraft:wooden_pickaxe":1,"minecraft:stone_brick_wall":1,"kawaiidishes:cappuccino_coffee":1,"minecraft:stone_brick_stairs":1,"minecraft:string":2,"variantvanillablocks:spruce_crafting_table":3,"minecraft:armor_stand":1,"kawaiidishes:expresso_coffee":1,"minecraft:experience_bottle":1,"minecraft:blue_orchid":8,"minecraft:candle":1,"minecraft:bucket":2,"minecraft:spruce_planks":33,"kawaiidishes:cocoa_powder":3,"perfectplushies:dolphin_plushie":1,"perfectplushies:geode_plushie":1,"kawaiidishes:piece_of_honey_cheesecake":3,"minecraft:tinted_glass":5,"minecraft:sugar_cane":55,"minecraft:chest":16,"kawaiidishes:roasted_cocoa_beans":10,"minecraft:furnace":3,"kawaiidishes:piece_of_cake":7,"minecraft:dark_oak_sapling":111,"minecraft:stick":9,"minecraft:raw_iron":46,"minecraft:oak_fence":1,"minecraft:spruce_fence":4,"minecraft:note_block":1,"minecraft:porkchop":2,"kawaiidishes:coffee_machine":2,"minecraft:carrot":105,"minecraft:iron_horse_armor":4,"minecraft:blue_carpet":9,"minecraft:dark_oak_planks":8,"minecraft:stone_sword":1,"minecraft:honey_bottle":1,"minecraft:light_gray_bed":4,"minecraft:rotten_flesh":11,"minecraft:hay_block":83,"minecraft:gold_ingot":1,"minecraft:saddle":2,"minecraft:end_rod":1,"minecraft:rail":1,"minecraft:cobblestone":105,"minecraft:leather_chestplate":1,"minecraft:lilac":1,"minecraft:golden_carrot":1,"supplementaries:candy":4,"perfectplushies:dumbo_blob_plushie":2,"kawaiidishes:coffee_powder":2,"minecraft:potato":25,"perfectplushies:doe_plushie":4,"minecraft:oak_log":3,"kawaiidishes:latte_coffee":1,"minecraft:wither_skeleton_skull":2,"minecraft:lapis_lazuli":54,"minecraft:map":1,"minecraft:dirt":16,"minecraft:blue_bed":2,"minecraft:lantern":6,"minecraft:name_tag":1,"minecraft:leather_boots":2,"minecraft:bone":54,"minecraft:stone_bricks":3,"minecraft:gray_carpet":3,"minecraft:bow":1,"minecraft:raw_gold":9,"minecraft:dark_oak_sign":2,"minecraft:iron_ingot":2,"minecraft:stone_pickaxe":2,"minecraft:glass_bottle":1,"perfectplushies:dog_plushie":4,"minecraft:bamboo":4,"kawaiidishes:mug":7,"minecraft:stone_hoe":1,"minecraft:honeycomb":2,"minecraft:book":62,"minecraft:oak_slab":2,"shieldsplus:stone_shield":1,"minecraft:black_candle":1,"minecraft:cooked_porkchop":1,"minecraft:sweet_berries":3,"minecraft:chiseled_stone_bricks":1,"minecraft:stone_brick_slab":1,"minecraft:dandelion":2,"minecraft:stripped_spruce_log":6,"minecraft:spruce_sapling":1,"perfectplushies:rabbit_plushie":1,"minecraft:white_bed":3,"minecraft:spruce_log":7,"minecraft:cyan_bed":1,"perfectplushies:panda_plushie":1,"naturalist:duck_egg":1,"minecraft:leather_helmet":3,"minecraft:dark_prismarine":2,"minecraft:pumpkin_seeds":8,"minecraft:diamond":1,"minecraft:stone_axe":2,"minecraft:emerald":9,"minecraft:bread":3,"minecraft:light_gray_carpet":8,"minecraft:stripped_dark_oak_log":4,"minecraft:coal":62},"minecraft:crafted":{"minecraft:oak_planks":8,"minecraft:furnace":4,"minecraft:iron_boots":1,"minecraft:iron_axe":1,"minecraft:stone_pickaxe":2,"minecraft:dark_oak_planks":20,"shieldsplus:wooden_shield":2,"minecraft:wheat":315,"minecraft:sugar":23,"supplementaries:candy":8,"minecraft:cooked_porkchop":2,"minecraft:crafting_table":1,"variantvanillablocks:spruce_crafting_table":4,"minecraft:spruce_planks":60,"minecraft:baked_potato":4,"minecraft:wooden_pickaxe":1,"minecraft:iron_sword":1,"minecraft:bucket":2,"minecraft:stone_axe":1,"minecraft:bread":105,"minecraft:air":0,"minecraft:wooden_hoe":1,"minecraft:paper":3,"minecraft:iron_chestplate":2,"minecraft:stick":26,"minecraft:chainmail_boots":1,"minecraft:iron_ingot":55,"minecraft:iron_leggings":1,"minecraft:torch":28},"minecraft:used":{"minecraft:oak_fence":1,"perfectplushies:doe_plushie":2,"minecraft:light_gray_carpet":2,"minecraft:black_carpet":1,"minecraft:chest":1,"minecraft:spruce_planks":48,"minecraft:tinted_glass":5,"minecraft:iron_sword":42,"minecraft:stone_hoe":73,"minecraft:rotten_flesh":1,"minecraft:iron_chestplate":1,"minecraft:torch":13,"minecraft:dirt":13,"minecraft:carrot":40,"minecraft:snowball":12,"minecraft:spruce_fence":3,"minecraft:milk_bucket":1,"variantvanillablocks:spruce_crafting_table":5,"minecraft:stone_brick_slab":1,"minecraft:dark_oak_planks":1,"kawaiidishes:piece_of_honey_cheesecake":2,"minecraft:lava_bucket":1,"minecraft:lantern":1,"minecraft:iron_axe":7,"kawaiidishes:dark_brown_shoes":1,"minecraft:iron_helmet":2,"minecraft:iron_boots":1,"supplementaries:candy":4,"kawaiidishes:coffee_machine":2,"minecraft:stone_brick_stairs":1,"minecraft:stone_bricks":3,"minecraft:golden_carrot":1,"minecraft:hay_block":1,"perfectplushies:dog_plushie":4,"minecraft:furnace":6,"minecraft:light_gray_bed":4,"kawaiidishes:mug":1,"kawaiidishes:latte_coffee":2,"minecraft:end_rod":1,"minecraft:leather_leggings":2,"minecraft:stone_pickaxe":68,"minecraft:dark_oak_sign":2,"minecraft:baked_potato":4,"minecraft:wooden_pickaxe":7,"minecraft:leather_chestplate":1,"minecraft:blue_bed":1,"minecraft:leather_boots":2,"minecraft:rail":1,"minecraft:crafting_table":1,"minecraft:stone_brick_wall":1,"minecraft:white_bed":2,"minecraft:note_block":1,"minecraft:wooden_hoe":5,"minecraft:oak_log":1,"kawaiidishes:piece_of_chocolate_cheesecake":4,"minecraft:dark_prismarine":2,"perfectplushies:panda_plushie":1,"minecraft:cyan_bed":1,"minecraft:bread":34,"shieldsplus:stone_shield":8,"minecraft:iron_pickaxe":118,"minecraft:leather_helmet":1,"minecraft:stone_axe":105,"kawaiidishes:white_thigh_highs":1,"minecraft:blue_carpet":1,"minecraft:chiseled_stone_bricks":1,"minecraft:cobblestone":1,"perfectplushies:dumbo_blob_plushie":2,"minecraft:chainmail_boots":2,"minecraft:cooked_porkchop":1,"minecraft:bucket":2,"minecraft:black_candle":1,"minecraft:coarse_dirt":1,"minecraft:candle":1,"minecraft:experience_bottle":1},"minecraft:killed":{"luminousworld:frigid_zombie":12,"enemyexpansion:equestrian":2,"minecraft:spider":4,"undead_revamp2:thesmoker":2,"undead_revamp2:sucker":6,"luminousworld:firefly":2,"minecraft:pig":2,"naturalist:snake":2,"luminousworld:frigid_skeleton":8,"undead_revamp2:thebeartamer":2,"minecraft:zombie":8,"enemyexpansion:botfly":4},"minecraft:dropped":{"minecraft:stone_hoe":1,"minecraft:bread":66,"minecraft:diamond":1,"minecraft:dark_oak_sapling":64,"minecraft:cooked_porkchop":2,"perfectplushies:dolphin_plushie":1,"minecraft:cobblestone":51,"minecraft:apple":4,"minecraft:iron_horse_armor":4,"minecraft:saddle":1,"minecraft:leather_helmet":2,"minecraft:emerald":14,"minecraft:stick":6,"kawaiidishes:piece_of_honey_cheesecake":9,"minecraft:milk_bucket":1,"minecraft:wooden_hoe":1,"minecraft:sugar":11,"minecraft:iron_pickaxe":1,"perfectplushies:rabbit_plushie":1,"minecraft:blue_carpet":4,"minecraft:bucket":4,"minecraft:gray_carpet":1,"minecraft:blue_bed":1,"minecraft:dandelion":2,"shieldsplus:wooden_shield":3,"naturalist:duck_egg":1,"minecraft:stone_axe":1,"minecraft:sweet_berries":2,"minecraft:stone_sword":1,"minecraft:black_carpet":6,"minecraft:raw_iron":1,"minecraft:experience_bottle":1,"minecraft:rotten_flesh":6,"minecraft:wither_skeleton_skull":1,"minecraft:light_gray_carpet":3,"minecraft:name_tag":1,"minecraft:spruce_fence":1,"minecraft:carrot":36,"minecraft:leather_chestplate":1,"kawaiidishes:mug":2,"minecraft:potato":2,"kawaiidishes:piece_of_chocolate_cheesecake":1,"minecraft:iron_chestplate":1,"minecraft:leather_boots":1,"kawaiidishes:expresso_coffee":1,"minecraft:leather_leggings":1,"kawaiidishes:piece_of_cake":3,"minecraft:stone_pickaxe":1,"supplementaries:candy":8,"perfectplushies:dumbo_blob_plushie":1},"minecraft:mined":{"minecraft:dark_oak_planks":1,"minecraft:dark_prismarine":2,"minecraft:spruce_planks":4,"minecraft:white_bed":3,"minecraft:candle":1,"minecraft:jungle_leaves":1,"perfectplushies:dumbo_blob_plushie":2,"minecraft:grass_block":2,"minecraft:spruce_fence":2,"minecraft:white_stained_glass":2,"minecraft:light_gray_bed":4,"minecraft:chiseled_stone_bricks":1,"minecraft:hay_block":77,"minecraft:furnace":2,"minecraft:carrots":17,"minecraft:iron_ore":22,"minecraft:stripped_spruce_log":6,"minecraft:deepslate_lapis_ore":8,"minecraft:anvil":5,"minecraft:dirt_path":1,"minecraft:bookshelf":20,"minecraft:potatoes":18,"perfectplushies:panda_plushie":1,"minecraft:rail":1,"minecraft:iron_bars":2,"minecraft:lantern":12,"variantvanillablocks:spruce_crafting_table":2,"minecraft:black_candle":1,"kawaiidishes:mug":2,"minecraft:stone":53,"kawaiidishes:coffee_machine":2,"minecraft:oak_slab":1,"perfectplushies:dog_plushie":4,"minecraft:oak_fence":1,"minecraft:stripped_dark_oak_log":5,"minecraft:stone_brick_slab":1,"minecraft:note_block":1,"minecraft:chest":16,"minecraft:tall_grass":3,"minecraft:cobblestone":5,"minecraft:deepslate_coal_ore":3,"minecraft:cyan_bed":1,"minecraft:oak_planks":8,"perfectplushies:doe_plushie":2,"minecraft:blue_bed":2,"minecraft:seagrass":1,"minecraft:tinted_glass":6,"minecraft:lilac":2,"minecraft:spruce_log":7,"minecraft:stone_brick_stairs":1,"minecraft:oak_log":3,"minecraft:grass":3,"minecraft:coal_ore":53,"minecraft:dirt":7,"minecraft:wither_skeleton_skull":1,"minecraft:stone_bricks":3,"minecraft:gold_ore":9},"minecraft:killed_by":{"minecraft:zombie":1}},"DataVersion":3465}