{"stats":{"minecraft:custom":{"minecraft:interact_with_crafting_table":36,"minecraft:open_barrel":43,"minecraft:bell_ring":8,"minecraft:leave_game":2,"minecraft:time_since_death":28889,"minecraft:sprint_one_cm":482727,"minecraft:damage_blocked_by_shield":210,"minecraft:drop":95,"minecraft:play_noteblock":1,"minecraft:talked_to_villager":16,"minecraft:play_time":179604,"minecraft:deaths":3,"minecraft:jump":3205,"minecraft:walk_on_water_one_cm":20617,"minecraft:interact_with_furnace":77,"minecraft:sleep_in_bed":14,"minecraft:damage_dealt":9196,"minecraft:crouch_one_cm":14853,"minecraft:interact_with_smoker":2,"minecraft:horse_one_cm":4288,"minecraft:mob_kills":42,"minecraft:inspect_hopper":3,"minecraft:climb_one_cm":9873,"minecraft:walk_one_cm":430261,"minecraft:sneak_time":5080,"minecraft:walk_under_water_one_cm":30012,"minecraft:boat_one_cm":189357,"minecraft:interact_with_blast_furnace":1,"minecraft:total_world_time":179604,"minecraft:tune_noteblock":27,"minecraft:interact_with_stonecutter":3,"minecraft:time_since_rest":13300,"minecraft:damage_taken":4399,"minecraft:swim_one_cm":137847,"minecraft:fly_one_cm":658320,"minecraft:open_chest":200,"minecraft:fall_one_cm":96828},"minecraft:dropped":{"minecraft:diamond":1,"minecraft:dark_oak_sapling":64,"minecraft:cooked_porkchop":2,"perfectplushies:dolphin_plushie":1,"minecraft:iron_horse_armor":4,"minecraft:saddle":1,"minecraft:leather_helmet":2,"minecraft:emerald":14,"minecraft:sugar":11,"minecraft:iron_pickaxe":1,"perfectplushies:rabbit_plushie":1,"minecraft:blue_bed":1,"shieldsplus:wooden_shield":3,"minecraft:stone_axe":1,"minecraft:black_carpet":6,"minecraft:cherry_sapling":1,"minecraft:rotten_flesh":8,"minecraft:light_gray_carpet":3,"minecraft:carrot":36,"minecraft:leather_chestplate":1,"kawaiidishes:piece_of_chocolate_cheesecake":1,"minecraft:leather_boots":1,"minecraft:leather_leggings":1,"perfectplushies:dumbo_blob_plushie":1,"minecraft:stone_hoe":2,"minecraft:bread":68,"minecraft:wheat_seeds":3,"minecraft:cobblestone":51,"minecraft:apple":4,"minecraft:stick":6,"kawaiidishes:piece_of_honey_cheesecake":18,"minecraft:milk_bucket":1,"luminousworld:raw_venison":3,"minecraft:wooden_hoe":1,"minecraft:rabbit":1,"minecraft:blue_carpet":4,"minecraft:bucket":4,"minecraft:gray_carpet":1,"minecraft:dandelion":2,"naturalist:duck_egg":1,"minecraft:moss_carpet":1,"minecraft:sweet_berries":2,"minecraft:stone_sword":1,"minecraft:experience_bottle":1,"minecraft:raw_iron":1,"minecraft:wither_skeleton_skull":1,"twilightforest:time_sapling":1,"minecraft:name_tag":1,"minecraft:spruce_fence":1,"kawaiidishes:mug":2,"minecraft:potato":2,"minecraft:iron_chestplate":1,"kawaiidishes:expresso_coffee":1,"kawaiidishes:piece_of_cake":3,"minecraft:stone_pickaxe":1,"supplementaries:candy":8},"minecraft:mined":{"minecraft:dark_oak_planks":1,"minecraft:spruce_planks":4,"minecraft:white_bed":7,"minecraft:jungle_leaves":5,"minecraft:grass_block":2,"minecraft:light_gray_bed":4,"minecraft:hopper":6,"minecraft:chiseled_stone_bricks":1,"minecraft:raw_iron_block":2,"minecraft:iron_ore":22,"minecraft:moss_carpet":2,"minecraft:deepslate_lapis_ore":8,"minecraft:anvil":5,"perfectplushies:panda_plushie":1,"minecraft:dirt_path":1,"minecraft:iron_bars":2,"minecraft:black_candle":1,"kawaiidishes:mug":2,"kawaiidishes:coffee_machine":2,"perfectplushies:dog_plushie":4,"luminousworld:purple_petunias":1,"minecraft:note_block":1,"minecraft:jungle_stairs":4,"minecraft:chest":16,"minecraft:cobblestone":5,"minecraft:sugar_cane":1,"minecraft:cyan_bed":1,"minecraft:oak_planks":8,"minecraft:seagrass":1,"minecraft:dark_oak_slab":1,"minecraft:tinted_glass":6,"minecraft:lilac":2,"minecraft:stone_brick_stairs":1,"minecraft:grass":41,"minecraft:oak_log":3,"minecraft:dirt":7,"luminousworld:grassvariant_3":7,"minecraft:wither_skeleton_skull":1,"minecraft:dark_prismarine":2,"minecraft:candle":1,"perfectplushies:dumbo_blob_plushie":2,"minecraft:spruce_fence":2,"minecraft:jungle_planks":1,"minecraft:white_stained_glass":2,"luminousworld:grassvariant_2":15,"minecraft:hay_block":80,"minecraft:furnace":2,"minecraft:carrots":19,"minecraft:stripped_spruce_log":6,"minecraft:bookshelf":20,"minecraft:potatoes":18,"minecraft:rail":1,"minecraft:lantern":12,"variantvanillablocks:spruce_crafting_table":2,"minecraft:stone":53,"minecraft:oak_slab":1,"minecraft:stripped_dark_oak_log":5,"blue_skies:starlit_log":6,"minecraft:stone_brick_slab":1,"minecraft:oak_fence":1,"minecraft:tall_grass":8,"minecraft:deepslate_coal_ore":4,"perfectplushies:doe_plushie":2,"minecraft:blue_bed":2,"minecraft:spruce_log":7,"minecraft:coal_ore":53,"minecraft:stone_bricks":3,"minecraft:gold_ore":9},"minecraft:killed":{"minecraft:spider":4,"enemyexpansion:equestrian":2,"undead_revamp2:thesmoker":2,"luminousworld:king_crab":4,"sleep_tight:bedbug":2,"minecraft:pig":2,"naturalist:snake":2,"luminousworld:frigid_skeleton":8,"undead_revamp2:thebeartamer":2,"minecraft:zombie":10,"enemyexpansion:botfly":4,"luminousworld:frigid_zombie":12,"luminousworld:sand_crab":8,"minecraft:drowned":10,"undead_revamp2:sucker":6,"luminousworld:firefly":2,"undead_revamp2:the_moonflower":2},"minecraft:killed_by":{"minecraft:drowned":2,"minecraft:zombie":1},"minecraft:used":{"minecraft:black_carpet":1,"minecraft:chest":1,"minecraft:iron_sword":179,"minecraft:rotten_flesh":1,"minecraft:iron_chestplate":2,"minecraft:jungle_planks":1,"minecraft:carrot":40,"minecraft:snowball":12,"minecraft:milk_bucket":1,"variantvanillablocks:spruce_crafting_table":5,"minecraft:lava_bucket":1,"minecraft:lantern":1,"minecraft:iron_helmet":2,"minecraft:stone_brick_stairs":1,"supplementaries:candy":4,"minecraft:stone_bricks":3,"minecraft:hay_block":7,"minecraft:furnace":6,"kawaiidishes:mug":1,"minecraft:end_rod":1,"minecraft:leather_leggings":2,"kawaiidishes:latte_coffee":2,"minecraft:stone_pickaxe":68,"minecraft:dark_oak_sign":2,"blue_skies:starlit_sapling":1,"minecraft:leather_chestplate":1,"minecraft:wooden_pickaxe":7,"luminousworld:groundpebbles_1":1,"minecraft:blue_bed":1,"minecraft:note_block":1,"minecraft:stone_brick_wall":1,"kawaiidishes:piece_of_chocolate_cheesecake":4,"perfectplushies:panda_plushie":1,"minecraft:cyan_bed":1,"minecraft:bread":69,"perfectplushies:dumbo_blob_plushie":2,"minecraft:chainmail_boots":2,"minecraft:coarse_dirt":1,"minecraft:experience_bottle":1,"minecraft:oak_fence":1,"perfectplushies:doe_plushie":2,"minecraft:light_gray_carpet":2,"minecraft:spruce_planks":48,"minecraft:tinted_glass":5,"minecraft:stone_hoe":73,"minecraft:torch":13,"minecraft:dirt":13,"minecraft:spruce_fence":3,"minecraft:stone_brick_slab":1,"minecraft:dark_oak_planks":1,"kawaiidishes:piece_of_honey_cheesecake":2,"blue_skies:starlit_log":1,"minecraft:iron_axe":28,"kawaiidishes:dark_brown_shoes":1,"blue_skies:crescent_fruit_sapling":1,"minecraft:iron_boots":1,"kawaiidishes:coffee_machine":2,"minecraft:golden_carrot":1,"perfectplushies:dog_plushie":4,"minecraft:light_gray_bed":4,"minecraft:iron_leggings":1,"minecraft:baked_potato":4,"minecraft:leather_boots":2,"minecraft:rail":1,"minecraft:crafting_table":1,"minecraft:white_bed":5,"minecraft:oak_log":1,"minecraft:dark_prismarine":2,"minecraft:wooden_hoe":5,"shieldsplus:stone_shield":16,"minecraft:iron_pickaxe":127,"minecraft:jungle_stairs":4,"minecraft:leather_helmet":1,"minecraft:stone_axe":105,"minecraft:chiseled_stone_bricks":1,"minecraft:blue_carpet":1,"kawaiidishes:white_thigh_highs":1,"minecraft:cobblestone":1,"minecraft:cooked_porkchop":1,"minecraft:bucket":2,"minecraft:black_candle":1,"minecraft:candle":1},"minecraft:picked_up":{"minecraft:iron_chestplate":2,"minecraft:black_carpet":13,"minecraft:chainmail_boots":2,"minecraft:anvil":15,"minecraft:lead":7,"kawaiidishes:cappuccino_coffee":3,"minecraft:stone_brick_stairs":1,"minecraft:string":2,"minecraft:iron_leggings":1,"minecraft:armor_stand":1,"minecraft:experience_bottle":1,"kawaiidishes:expresso_coffee":1,"minecraft:bucket":2,"minecraft:spruce_planks":37,"perfectplushies:dolphin_plushie":1,"kawaiidishes:cocoa_powder":3,"perfectplushies:geode_plushie":1,"minecraft:iron_pickaxe":6,"kawaiidishes:piece_of_honey_cheesecake":12,"kawaiidishes:roasted_cocoa_beans":10,"minecraft:iron_boots":2,"minecraft:furnace":3,"minecraft:stick":9,"minecraft:oak_fence":1,"minecraft:torch":30,"minecraft:porkchop":2,"kawaiidishes:coffee_machine":2,"luminousworld:shellmet_helmet":1,"minecraft:rotten_flesh":13,"minecraft:stone_sword":1,"minecraft:honey_bottle":1,"minecraft:light_gray_bed":4,"minecraft:end_rod":1,"minecraft:cobblestone":105,"minecraft:leather_chestplate":1,"minecraft:lilac":1,"minecraft:water_bucket":2,"supplementaries:candy":4,"perfectplushies:dumbo_blob_plushie":2,"minecraft:dark_oak_boat":1,"kawaiidishes:coffee_powder":2,"perfectplushies:doe_plushie":6,"minecraft:potato":153,"luminousworld:raw_venison":3,"minecraft:wither_skeleton_skull":4,"minecraft:lantern":40,"minecraft:map":1,"minecraft:lapis_lazuli":182,"minecraft:dirt":16,"minecraft:name_tag":3,"minecraft:leather_boots":2,"minecraft:bone":182,"kawaiidishes:caramel_bunny_ears":1,"minecraft:bow":1,"minecraft:wheat_seeds":4,"minecraft:raw_gold":9,"minecraft:dark_oak_sign":2,"minecraft:rabbit":1,"minecraft:bamboo":40,"minecraft:stone_hoe":2,"minecraft:honeycomb":2,"kawaiidishes:mug":7,"minecraft:cooked_porkchop":1,"minecraft:jungle_planks":1,"minecraft:stripped_spruce_log":6,"perfectplushies:rabbit_plushie":1,"minecraft:cyan_bed":1,"perfectplushies:panda_plushie":3,"naturalist:duck_egg":1,"luminousworld:amethyst_disc":1,"minecraft:dark_prismarine":2,"minecraft:diamond":1,"minecraft:spruce_boat":1,"minecraft:golden_apple":2,"minecraft:bread":93,"minecraft:emerald":33,"minecraft:light_gray_carpet":8,"minecraft:coarse_dirt":1,"luminousworld:groundpebbles_1":1,"minecraft:leather_leggings":1,"shieldsplus:wooden_shield":1,"minecraft:brown_mushroom":3,"minecraft:wooden_pickaxe":1,"minecraft:stone_brick_wall":1,"minecraft:moss_carpet":1,"minecraft:iron_axe":2,"variantvanillablocks:spruce_crafting_table":3,"minecraft:blue_orchid":8,"minecraft:candle":1,"minecraft:tinted_glass":5,"minecraft:sugar_cane":183,"minecraft:chest":16,"minecraft:dark_oak_sapling":111,"kawaiidishes:piece_of_cake":7,"minecraft:raw_iron":46,"minecraft:spruce_fence":4,"minecraft:note_block":1,"minecraft:carrot":233,"minecraft:iron_horse_armor":4,"minecraft:blue_carpet":9,"minecraft:dark_oak_planks":8,"minecraft:jungle_stairs":4,"minecraft:hay_block":214,"minecraft:saddle":3,"minecraft:gold_ingot":1,"minecraft:rail":1,"minecraft:golden_carrot":1,"minecraft:oak_log":3,"kawaiidishes:latte_coffee":1,"minecraft:blue_bed":2,"minecraft:stone_bricks":3,"minecraft:gray_carpet":3,"minecraft:stone_pickaxe":2,"minecraft:iron_ingot":48,"perfectplushies:dog_plushie":8,"minecraft:glass_bottle":1,"minecraft:iron_sword":2,"minecraft:book":188,"minecraft:oak_slab":2,"shieldsplus:stone_shield":3,"minecraft:black_candle":1,"minecraft:sweet_berries":3,"minecraft:chiseled_stone_bricks":1,"minecraft:stone_brick_slab":1,"minecraft:dandelion":2,"minecraft:spruce_sapling":1,"minecraft:white_bed":9,"minecraft:spruce_log":7,"blue_skies:starlit_log":16,"minecraft:leather_helmet":3,"minecraft:pumpkin_seeds":8,"minecraft:stone_axe":2,"minecraft:iron_helmet":2,"perfectplushies:duck_plushie":2,"minecraft:stripped_dark_oak_log":4,"minecraft:coal":318,"minecraft:hopper":12},"minecraft:crafted":{"minecraft:oak_planks":8,"minecraft:iron_boots":1,"supplementaries:candy":8,"minecraft:cooked_porkchop":2,"variantvanillablocks:spruce_crafting_table":4,"minecraft:crafting_table":1,"minecraft:spruce_planks":60,"minecraft:wooden_pickaxe":1,"minecraft:baked_potato":4,"minecraft:wooden_hoe":1,"minecraft:iron_chestplate":2,"minecraft:paper":3,"minecraft:stick":26,"minecraft:iron_ingot":55,"minecraft:furnace":4,"minecraft:iron_axe":1,"minecraft:stone_pickaxe":2,"minecraft:dark_oak_planks":20,"shieldsplus:wooden_shield":2,"minecraft:wheat":315,"minecraft:sugar":23,"minecraft:iron_sword":1,"minecraft:bucket":2,"minecraft:stone_axe":1,"minecraft:bread":105,"minecraft:air":0,"minecraft:chainmail_boots":1,"minecraft:iron_leggings":1,"minecraft:torch":28}},"DataVersion":3465}