{"stats":{"minecraft:killed_by":{"minecraft:zombie":1,"minecraft:creeper":1,"minecraft:drowned":2,"enemyexpansion:sprinter":1},"minecraft:dropped":{"minecraft:lapis_lazuli":6,"minecraft:diamond":1,"minecraft:cooked_porkchop":2,"minecraft:warped_roots":1,"naturalist:bug_net":2,"minecraft:saddle":1,"minecraft:leather_helmet":3,"minecraft:emerald":14,"minecraft:birch_fence":6,"minecraft:cherry_button":3,"minecraft:wooden_sword":1,"minecraft:sugar":11,"minecraft:iron_pickaxe":1,"minecraft:dark_oak_boat":1,"minecraft:white_wool":84,"minecraft:blue_bed":1,"minecraft:bone":2,"minecraft:stone_axe":1,"luminousworld:white_oak_plank":2,"minecraft:black_carpet":6,"minecraft:wheat":4,"minecraft:rotten_flesh":27,"minecraft:oak_planks":3,"minecraft:light_gray_carpet":3,"kawaiidishes:brown_shoes":1,"kawaiidishes:piece_of_chocolate_cheesecake":1,"minecraft:leather_boots":1,"minecraft:leather_leggings":1,"minecraft:stone_brick_stairs":1,"minecraft:iron_ingot":4,"minecraft:wheat_seeds":6,"minecraft:oak_fence":1,"minecraft:feather":1,"minecraft:iron_helmet":1,"minecraft:cobblestone":60,"minecraft:apple":4,"minecraft:coal":32,"kawaiidishes:piece_of_honey_cheesecake":18,"luminousworld:raw_venison":3,"minecraft:wooden_hoe":1,"minecraft:rabbit":4,"minecraft:cherry_planks":1,"minecraft:cooked_salmon":2,"minecraft:red_dye":3,"minecraft:string":12,"minecraft:blue_carpet":4,"minecraft:gray_carpet":1,"naturalist:duck_egg":1,"minecraft:furnace":1,"minecraft:moss_carpet":1,"burnt:burnt_planks":1,"minecraft:stone_sword":1,"minecraft:experience_bottle":1,"twilightforest:time_sapling":1,"minecraft:iron_boots":2,"minecraft:cherry_slab":12,"minecraft:name_tag":1,"kawaiidishes:brown_headband_fox_ears_brown":1,"minecraft:spruce_fence":1,"kawaiidishes:mug":2,"minecraft:potato":16,"minecraft:hay_block":1,"minecraft:cyan_wool":1,"minecraft:flower_pot":1,"minecraft:spruce_trapdoor":2,"minecraft:diamond_pickaxe":2,"minecraft:barrel":1,"kawaiidishes:piece_of_cake":3,"supplementaries:flute":1,"minecraft:brown_mushroom":1,"minecraft:birch_planks":9,"minecraft:diamond_axe":2,"minecraft:oak_log":44,"luminousworld:raw_squirrel":1,"minecraft:dark_oak_sapling":64,"perfectplushies:dolphin_plushie":1,"minecraft:lantern":128,"minecraft:iron_horse_armor":4,"luminousworld:blueberry":3,"minecraft:cobblestone_stairs":6,"shieldsplus:iron_shield":2,"minecraft:cherry_trapdoor":4,"perfectplushies:rabbit_plushie":1,"minecraft:birch_log":5,"minecraft:gold_ingot":3,"shieldsplus:wooden_shield":3,"minecraft:gravel":8,"minecraft:cherry_stairs":27,"luminousworld:jar":1,"kawaiidishes:brown_thigh_highs":1,"minecraft:pointed_dripstone":3,"minecraft:cherry_sapling":1,"minecraft:diamond_shovel":2,"minecraft:carrot":36,"minecraft:leather_chestplate":1,"supplementaries:ash":1,"kawaiidishes:cappuccino_coffee":3,"minecraft:chest":1,"minecraft:scaffolding":138,"perfectplushies:dumbo_blob_plushie":1,"minecraft:stone_hoe":2,"minecraft:bread":99,"minecraft:cherry_log":4,"minecraft:mossy_cobblestone":8,"minecraft:stick":26,"kawaiidishes:coffee_fruit":3,"minecraft:milk_bucket":1,"minecraft:white_concrete":128,"minecraft:iron_leggings":2,"minecraft:bucket":5,"minecraft:dandelion":4,"minecraft:redstone":95,"minecraft:polished_diorite":1,"minecraft:sweet_berries":4,"minecraft:coarse_dirt":7,"minecraft:raw_iron":1,"minecraft:tall_grass":2,"minecraft:wither_skeleton_skull":1,"minecraft:glass_pane":6,"undead_revamp2:bostroxingot":4,"luminousworld:white_oak_slab":6,"minecraft:iron_chestplate":2,"minecraft:mossy_stone_bricks":4,"burnt:burnt_stairs":1,"minecraft:golden_leggings":1,"minecraft:oak_sapling":2,"kawaiidishes:expresso_coffee":1,"minecraft:golden_sword":1,"luminousworld:crimsonbutterflyjar":1,"minecraft:spruce_log":64,"minecraft:stone_pickaxe":1,"minecraft:raw_gold":1,"kawaiidishes:piece_of_cheesecake":9,"supplementaries:candy":8},"minecraft:killed":{"enemyexpansion:equestrian":2,"undead_revamp2:theswarmer":2,"minecraft:skeleton":24,"undead_revamp2:thepregnant":4,"luminous_monsters:miner_skeleton":2,"undead_revamp2:thespitter":2,"naturalist:snake":2,"minecraft:salmon":2,"minecraft:zombie":52,"enemyexpansion:botfly":6,"minecraft:cow":14,"undead_revamp2:thehunter":10,"undead_revamp2:theimmortal":4,"minecraft:horse":10,"undead_revamp2:thebidy":4,"luminousworld:black_squirrel":2,"undead_revamp2:the_moonflower":6,"minecraft:rabbit":6,"enemyexpansion:sprinter":2,"undead_revamp2:thesomnolence":4,"undead_revamp2:thewolf":4,"minecraft:witch":6,"minecraft:spider":24,"undead_revamp2:thesmoker":4,"luminousworld:king_crab":4,"luminousworld:miner_skeleton":2,"sleep_tight:bedbug":2,"minecraft:pig":2,"minecraft:zombie_villager":16,"luminousworld:frigid_skeleton":8,"undead_revamp2:thebeartamer":2,"minecraft:creeper":20,"undead_revamp2:theordure":2,"undead_revamp2:thebidyupside":2,"luminousworld:grey_squirrel":2,"luminous_monsters:sunken":2,"luminousworld:frigid_zombie":14,"luminous_monsters:glacial_skeleton":2,"luminous_monsters:miner_zombie":2,"luminousworld:sand_crab":8,"enemyexpansion:direwolf":6,"luminousworld:monarch":4,"minecraft:drowned":10,"undead_revamp2:sucker":36,"luminousworld:firefly":2,"naturalist:butterfly":2,"naturalist:sparrow":2},"minecraft:picked_up":{"minecraft:iron_chestplate":11,"minecraft:chainmail_boots":2,"kawaiidishes:brown_headband_fox_ears_brown":1,"minecraft:flower_pot":4,"minecraft:anvil":40,"minecraft:lead":7,"minecraft:enchanted_book":17,"kawaiidishes:cappuccino_coffee":10,"minecraft:brewing_stand":6,"perfectplushies:frog_plushie":2,"minecraft:golden_sword":3,"minecraft:amethyst_block":79,"minecraft:string":54,"minecraft:cooked_salmon":16,"blue_skies:frostbright_log":1,"minecraft:pufferfish":6,"minecraft:diamond_leggings":4,"kawaiidishes:cocoa_powder":31,"minecraft:gold_nugget":95,"minecraft:cobbled_deepslate":159,"blue_skies:starlit_crafting_table":2,"minecraft:spruce_planks":37,"perfectplushies:dolphin_plushie":3,"minecraft:melon_slice":274,"minecraft:coal_block":9,"luphieclutteredmod:luphie_blank_paper_pile":1,"kawaiidishes:roasted_cocoa_beans":105,"minecraft:beehive":8,"minecraft:jukebox":2,"kawaiidishes:coffee_machine":8,"kawaiidishes:red_stool":8,"minecraft:cherry_log":65,"minecraft:warped_planks":7,"minecraft:cauldron":158,"minecraft:brown_carpet":4,"luminousworld:grassflowers":4,"minecraft:stone_sword":1,"minecraft:honey_bottle":39,"minecraft:light_gray_bed":4,"luphieclutteredmod:luphie_pink_slab":3,"minecraft:end_rod":2,"supplementaries:ash":15,"minecraft:birch_log":138,"minecraft:feather":2,"minecraft:water_bucket":15,"minecraft:cherry_leaves":20,"supplementaries:candy":4,"perfectplushies:dumbo_blob_plushie":7,"minecraft:dark_oak_boat":3,"kawaiidishes:coffee_powder":18,"minecraft:smoker":3,"minecraft:flint":57,"luminousworld:raw_venison":3,"minecraft:cherry_fence":1,"minecraft:map":1,"minecraft:lantern":184,"kawaiidishes:caramel_bunny_ears":1,"minecraft:stonecutter":5,"minecraft:dark_oak_sign":2,"minecraft:rabbit":4,"minecraft:glowstone_dust":10,"minecraft:honeycomb":2,"perfectplushies:elephant_plushie":3,"luminousworld:creepberries":20,"minecraft:stripped_spruce_log":6,"perfectplushies:rabbit_plushie":6,"minecraft:dark_oak_log":6,"minecraft:barrel":37,"naturalist:duck_egg":1,"luminousworld:yellowpetunias":8,"minecraft:writable_book":1,"minecraft:granite":15,"shieldsplus:iron_shield":4,"minecraft:golden_horse_armor":8,"minecraft:bread":352,"minecraft:jack_o_lantern":1,"minecraft:cherry_slab":7,"minecraft:light_gray_carpet":8,"minecraft:dark_oak_fence":36,"minecraft:diamond_pickaxe":4,"minecraft:crafting_table":1,"luminousworld:groundpebbles_1":4,"minecraft:coarse_dirt":12,"luminousworld:decorative_brown_2":1,"shieldsplus:wooden_shield":1,"minecraft:leather_leggings":1,"minecraft:red_bed":5,"minecraft:compass":2,"minecraft:glass_pane":41,"minecraft:beef":48,"minecraft:cyan_wool":1,"minecraft:iron_nugget":22,"minecraft:poppy":10,"minecraft:spruce_slab":1,"minecraft:chest":141,"minecraft:birch_sapling":46,"minecraft:diamond_hoe":1,"minecraft:egg":1,"burnt:burnt_planks":1,"minecraft:stone":225,"minecraft:spruce_fence":4,"minecraft:carrot":489,"minecraft:redstone":720,"minecraft:blue_carpet":9,"luminousworld:decorative_brown_mushroom_1":4,"minecraft:diamond_chestplate":2,"minecraft:cooked_cod":84,"minecraft:peony":1,"minecraft:hay_block":475,"minecraft:gold_ingot":146,"minecraft:glow_berries":14,"minecraft:white_wool":117,"minecraft:rail":2,"supplementaries:lapis_bricks":2,"luminousworld:ishstone":6,"minecraft:red_mushroom":20,"luphieclutteredmod:luphie_scattered_papers":1,"minecraft:oak_log":188,"minecraft:lily_pad":44,"minecraft:golden_boots":3,"minecraft:blue_bed":2,"minecraft:white_banner":1,"minecraft:apple":79,"minecraft:stone_bricks":127,"minecraft:stone_pickaxe":2,"kawaiidishes:coffee_fruit":39,"minecraft:iron_ore":42,"naturalist:bug_net":2,"minecraft:tall_grass":2,"perfectplushies:dog_plushie":12,"minecraft:glass_bottle":1,"minecraft:iron_sword":3,"kawaiidishes:roasted_coffee_beans":16,"shieldsplus:stone_shield":6,"minecraft:smooth_basalt":25,"minecraft:milk_bucket":3,"minecraft:sweet_berries":8,"minecraft:gravel":338,"refurbished_furniture:workbench":1,"minecraft:spruce_sapling":9,"minecraft:spruce_log":74,"perfectplushies:seal_plushie":2,"blue_skies:starlit_log":16,"minecraft:leather_helmet":6,"minecraft:diamond_shovel":3,"minecraft:coal_ore":51,"minecraft:slime_ball":30,"minecraft:polished_diorite":5,"minecraft:stone_axe":3,"minecraft:diamond_axe":4,"minecraft:redstone_ore":17,"minecraft:scute":3,"minecraft:warped_roots":1,"minecraft:baked_potato":3,"minecraft:stripped_dark_oak_log":4,"kawaiidishes:yellow_thigh_highs":2,"minecraft:hopper":38,"minecraft:black_carpet":13,"minecraft:wheat":119,"seadwellers:aquamarine":5,"minecraft:stone_brick_stairs":2,"minecraft:raw_copper":24,"minecraft:iron_leggings":9,"minecraft:armor_stand":9,"minecraft:experience_bottle":2,"kawaiidishes:expresso_coffee":1,"minecraft:activator_rail":12,"minecraft:tnt_minecart":2,"minecraft:bucket":57,"perfectplushies:geode_plushie":1,"minecraft:rose_bush":1,"minecraft:calcite":87,"minecraft:iron_pickaxe":10,"kawaiidishes:piece_of_honey_cheesecake":36,"minecraft:iron_boots":11,"minecraft:furnace":15,"minecraft:stick":99,"minecraft:birch_trapdoor":1,"minecraft:oak_fence":5,"minecraft:torch":99,"minecraft:spruce_stairs":1,"blue_skies:starlit_chest":2,"minecraft:porkchop":2,"minecraft:diorite":23,"minecraft:pointed_dripstone":12,"luminousworld:shellmet_helmet":2,"minecraft:rotten_flesh":118,"luminousworld:soft_birch_log":1,"minecraft:obsidian":12,"minecraft:cod":5,"undead_revamp2:arapholia":2,"minecraft:cobblestone":1590,"minecraft:nautilus_shell":6,"minecraft:enchanting_table":4,"minecraft:pink_petals":302,"minecraft:leather_chestplate":1,"minecraft:lilac":2,"minecraft:cherry_planks":12,"minecraft:andesite":6,"minecraft:black_bed":9,"minecraft:golden_leggings":1,"minecraft:potato":351,"perfectplushies:doe_plushie":9,"perfectplushies:hummingbird_plushie":3,"minecraft:tuff":2,"supplementaries:flax_seeds":2,"supplementaries:flute":1,"undead_revamp2:huntereye":12,"minecraft:wither_skeleton_skull":7,"minecraft:lapis_lazuli":744,"minecraft:dirt":744,"minecraft:name_tag":4,"minecraft:leather_boots":3,"perfectplushies:red_panda_plushie":6,"minecraft:glass":7,"minecraft:bone":351,"minecraft:acacia_planks":5,"kawaiidishes:piece_of_chocolate_cheesecake":4,"minecraft:bow":6,"minecraft:wheat_seeds":497,"luminousworld:white_oak_stairs":1,"luminousworld:white_oak_slab":84,"minecraft:raw_gold":138,"minecraft:grindstone":2,"minecraft:mossy_stone_bricks":70,"minecraft:bamboo":431,"minecraft:powered_rail":6,"minecraft:oak_planks":11,"minecraft:stone_hoe":2,"kawaiidishes:mug":67,"minecraft:cooked_porkchop":1,"minecraft:sand":475,"minecraft:jungle_planks":2,"minecraft:cyan_bed":1,"minecraft:grass_block":6,"perfectplushies:panda_plushie":5,"minecraft:mossy_cobblestone":8,"luminousworld:amethyst_disc":3,"minecraft:dark_prismarine":2,"minecraft:diamond":49,"minecraft:spruce_boat":4,"luminousworld:blueberry":3,"minecraft:golden_apple":6,"minecraft:grass":136,"minecraft:bone_meal":96,"minecraft:white_concrete":126,"kawaiidishes:piece_of_cheesecake":42,"minecraft:emerald":147,"minecraft:oak_sapling":12,"luphieclutteredmod:luphie_cluttered_cat_mugs":3,"burnt:burnt_stairs":2,"minecraft:fishing_rod":2,"undead_revamp2:bostroxingot":7,"minecraft:cocoa_beans":30,"kawaiidishes:yellow_maid_dress_devil_tail_red":2,"minecraft:chest_minecart":2,"minecraft:brown_mushroom":4,"minecraft:wooden_pickaxe":1,"minecraft:stone_brick_wall":1,"minecraft:gold_block":1,"minecraft:brick":30,"minecraft:moss_carpet":1,"minecraft:iron_axe":4,"variantvanillablocks:spruce_crafting_table":3,"minecraft:birch_fence":25,"minecraft:blue_orchid":8,"minecraft:candle":1,"minecraft:oak_boat":1,"refurbished_furniture:light_electricity_generator":1,"minecraft:tinted_glass":5,"minecraft:sugar_cane":455,"luminousworld:white_oak_plank":17,"minecraft:spruce_trapdoor":6,"kawaiidishes:piece_of_cake":18,"minecraft:dark_oak_sapling":133,"minecraft:raw_iron":191,"minecraft:cherry_stairs":27,"perfectplushies:red_fox_plushie":2,"minecraft:copper_ingot":18,"minecraft:note_block":1,"luphieclutteredmod:small_shelf":3,"luminousworld:raw_squirrel":1,"minecraft:iron_horse_armor":6,"minecraft:stone_pressure_plate":1,"minecraft:dark_oak_planks":8,"luminousworld:white_oak_sapling":26,"minecraft:arrow":5,"minecraft:jungle_stairs":5,"variantvanillablocks:spruce_chest":3,"minecraft:saddle":8,"minecraft:black_banner":24,"minecraft:skeleton_skull":2,"minecraft:golden_carrot":1,"minecraft:salmon":4,"minecraft:leather":22,"minecraft:birch_planks":6,"kawaiidishes:brown_shoes":3,"minecraft:gunpowder":6,"minecraft:cobblestone_stairs":8,"luphieclutteredmod:luphie_white_armchair":1,"kawaiidishes:latte_coffee":1,"minecraft:gray_carpet":3,"minecraft:rabbit_hide":14,"minecraft:iron_ingot":196,"luminousworld:white_petunias":1,"minecraft:acacia_sapling":12,"minecraft:book":780,"minecraft:scaffolding":186,"minecraft:oak_slab":2,"minecraft:black_candle":1,"luminousworld:clovers_1":26,"minecraft:pumpkin":104,"minecraft:chiseled_stone_bricks":1,"minecraft:stone_brick_slab":1,"minecraft:dandelion":14,"minecraft:raw_iron_block":2,"minecraft:lava_bucket":6,"burnt:burnt_dirt":6,"minecraft:amethyst_shard":10,"minecraft:blast_furnace":3,"minecraft:white_bed":27,"minecraft:spider_eye":7,"luminousworld:whiteoaklog":216,"variantvanillablocks:dark_oak_crafting_table":2,"minecraft:pumpkin_seeds":8,"minecraft:dried_kelp_block":88,"minecraft:white_concrete_powder":1,"minecraft:iron_helmet":19,"perfectplushies:duck_plushie":2,"minecraft:cherry_sapling":4,"minecraft:mossy_cobblestone_stairs":5,"kawaiidishes:brown_thigh_highs":1,"minecraft:black_wool":28,"minecraft:coal":795},"minecraft:mined":{"minecraft:dark_oak_planks":1,"minecraft:white_bed":25,"minecraft:cherry_log":54,"minecraft:jungle_leaves":5,"minecraft:obsidian":5,"minecraft:granite":13,"minecraft:light_gray_bed":4,"minecraft:deepslate_bricks":2,"minecraft:coal_block":10,"minecraft:hopper":16,"minecraft:chiseled_stone_bricks":1,"minecraft:magma_block":1,"perfectplushies:red_panda_plushie":1,"minecraft:mossy_cobblestone_stairs":5,"minecraft:dark_oak_trapdoor":1,"minecraft:fire":6,"minecraft:barrel":23,"minecraft:cobbled_deepslate":22,"minecraft:moss_carpet":2,"minecraft:pumpkin":96,"minecraft:deepslate_lapis_ore":14,"variantvanillablocks:spruce_chest":2,"minecraft:enchanting_table":4,"minecraft:small_amethyst_bud":3,"minecraft:water_cauldron":80,"perfectplushies:panda_plushie":1,"minecraft:dirt_path":1,"minecraft:oak_stairs":1,"minecraft:white_banner":1,"kawaiidishes:coffee_machine":5,"perfectplushies:dog_plushie":4,"minecraft:red_bed":4,"minecraft:smoker":2,"minecraft:amethyst_cluster":1,"minecraft:powder_snow":1,"minecraft:torch":8,"minecraft:note_block":1,"minecraft:blast_furnace":3,"minecraft:melon":10,"minecraft:cyan_bed":1,"minecraft:sugar_cane":5,"minecraft:amethyst_block":79,"minecraft:skeleton_skull":1,"minecraft:cyan_wool":1,"minecraft:tinted_glass":6,"minecraft:wheat":82,"minecraft:lilac":2,"minecraft:jukebox":2,"minecraft:black_bed":5,"burnt:burnt_stairs":1,"minecraft:stone_brick_stairs":2,"minecraft:grass":141,"luminousworld:grassvariant_3":15,"minecraft:smooth_basalt":28,"minecraft:stonecutter":2,"minecraft:deepslate":131,"minecraft:dark_prismarine":2,"burnt:smoldering_slab":1,"minecraft:mossy_cobblestone":1,"minecraft:spruce_fence":2,"minecraft:jungle_planks":3,"kawaiidishes:coffee_bush":5,"minecraft:redstone_wire":1,"luminousworld:grassvariant_2":19,"luminousworld:whiteoakleaves":30,"burnt:smoldering_log_broken":1,"burnt:smoldering_grass":4,"minecraft:white_concrete_powder":1,"minecraft:redstone_ore":57,"burnt:burnt_grass":4,"minecraft:andesite":6,"luminousworld:mossbuds_3":2,"minecraft:mossy_stone_brick_stairs":1,"minecraft:potatoes":24,"minecraft:vine":6,"minecraft:rail":2,"variantvanillablocks:spruce_crafting_table":2,"minecraft:bamboo":18,"luminousworld:clovers_3":1,"minecraft:white_wool":3,"minecraft:oak_slab":1,"minecraft:cherry_planks":4,"luphieclutteredmod:small_shelf":4,"minecraft:brown_carpet":1,"blue_skies:starlit_log":6,"minecraft:stone_brick_slab":1,"minecraft:dandelion":1,"minecraft:cornflower":1,"minecraft:emerald_ore":1,"minecraft:copper_ore":7,"minecraft:tall_grass":26,"burnt:burnt_log_broken":2,"minecraft:dried_kelp_block":44,"minecraft:deepslate_gold_ore":27,"minecraft:diorite":21,"luminousworld:whiteoaklog":214,"minecraft:coarse_dirt":5,"minecraft:spruce_log":75,"minecraft:birch_leaves":14,"luminousworld:clovers_5":2,"luminousworld:ishstone":6,"minecraft:gravel":225,"minecraft:dripstone_block":2,"minecraft:cobweb":19,"minecraft:stone_bricks":17,"minecraft:gold_ore":36,"minecraft:deepslate_emerald_ore":11,"minecraft:fern":3,"undead_revamp2:arapholia":1,"luminousworld:white_petunias":1,"minecraft:large_amethyst_bud":1,"minecraft:spruce_planks":4,"minecraft:cobblestone_stairs":8,"minecraft:brewing_stand":2,"minecraft:spruce_trapdoor":4,"minecraft:budding_amethyst":21,"luminousworld:monarch_jar":1,"minecraft:grass_block":31,"minecraft:white_concrete":128,"minecraft:polished_diorite":6,"luphieclutteredmod:luphie_scattered_papers":1,"minecraft:raw_iron_block":4,"luphieclutteredmod:luphie_cluttered_cat_mugs":3,"minecraft:iron_ore":151,"minecraft:turtle_egg":2,"minecraft:anvil":18,"burnt:burnt_log":2,"minecraft:pointed_dripstone":10,"minecraft:iron_bars":2,"minecraft:black_candle":1,"kawaiidishes:mug":6,"luminousworld:decorative_brown_2":2,"minecraft:spruce_slab":1,"luminousworld:creepbush":10,"minecraft:deepslate_redstone_ore":90,"luphieclutteredmod:luphie_blank_paper_pile":1,"luminousworld:purple_petunias":1,"minecraft:jungle_stairs":6,"minecraft:calcite":88,"minecraft:poppy":1,"minecraft:potted_warped_roots":1,"minecraft:chest":98,"burnt:smoldering_log_start":3,"minecraft:cobblestone":100,"minecraft:grindstone":1,"minecraft:oak_planks":23,"minecraft:wall_torch":6,"minecraft:pink_petals":29,"minecraft:seagrass":2,"perfectplushies:frog_plushie":1,"minecraft:powered_rail":1,"minecraft:dark_oak_slab":1,"luminousworld:clovers_1":3,"minecraft:warped_planks":7,"minecraft:birch_log":138,"minecraft:birch_trapdoor":1,"burnt:smoldering_stairs_start":1,"refurbished_furniture:light_electricity_generator":1,"minecraft:oak_log":99,"minecraft:sand":269,"minecraft:dirt":95,"minecraft:wither_skeleton_skull":2,"blue_skies:starlit_chest":2,"minecraft:netherrack":6,"minecraft:oak_leaves":24,"minecraft:diamond_ore":2,"minecraft:tuff":3,"blue_skies:starlit_crafting_table":1,"minecraft:deepslate_diamond_ore":11,"luminousworld:grassvariant_4":10,"minecraft:candle":1,"perfectplushies:dumbo_blob_plushie":2,"minecraft:ladder":2,"minecraft:stone_button":1,"luminousworld:mossbuds_2":2,"luminousworld:clovers_4":1,"minecraft:white_stained_glass":2,"seadwellers:aquamarine_crystal":1,"luminousworld:clovers_2":2,"luminousworld:decorative_brown_mushroom_1":4,"luminousworld:blackberrybush":4,"minecraft:spruce_leaves":19,"luminousworld:white_oak_plank":10,"minecraft:hay_block":170,"luminousworld:sunset_petunias":1,"minecraft:furnace":10,"minecraft:carrots":28,"minecraft:stripped_spruce_log":6,"minecraft:peony":1,"minecraft:gold_block":1,"minecraft:bookshelf":101,"minecraft:deepslate_iron_ore":8,"minecraft:lantern":142,"minecraft:stone":1029,"luminousworld:soft_birch_log":1,"supplementaries:book_pile_horizontal":9,"minecraft:scaffolding":62,"luminousworld:white_oak_stairs":1,"luminousworld:blueberrybush":1,"minecraft:stripped_dark_oak_log":5,"minecraft:oak_fence":6,"burnt:burnt_dirt":3,"minecraft:crafting_table":1,"minecraft:rose_bush":1,"minecraft:stone_slab":2,"minecraft:deepslate_coal_ore":5,"perfectplushies:elephant_plushie":1,"minecraft:lapis_ore":42,"perfectplushies:doe_plushie":3,"luminousworld:jar":4,"minecraft:blue_bed":2,"refurbished_furniture:workbench":1,"supplementaries:urn":2,"minecraft:spruce_stairs":1,"minecraft:birch_planks":3,"minecraft:beehive":4,"minecraft:sweet_berry_bush":3,"minecraft:black_wall_banner":12,"luminousworld:white_oak_slab":1,"kawaiidishes:red_stool":4,"minecraft:black_wool":2,"minecraft:coal_ore":245,"minecraft:cherry_leaves":37,"minecraft:end_rod":1,"burnt:smoldering_log":7,"minecraft:mossy_stone_bricks":5,"minecraft:birch_fence":3},"minecraft:broken":{"minecraft:iron_pickaxe":2,"minecraft:iron_helmet":1,"luminousworld:shellmet_helmet":1,"minecraft:diamond_chestplate":1},"minecraft:crafted":{"blue_skies:starlit_crafting_table":1,"supplementaries:lapis_bricks":1,"minecraft:diamond_shovel":1,"minecraft:bookshelf":5,"minecraft:glass":23,"minecraft:diamond_leggings":1,"supplementaries:altimeter":1,"luphieclutteredmod:small_shelf":2,"supplementaries:flute":1,"minecraft:cooked_porkchop":2,"minecraft:diamond_axe":2,"minecraft:copper_ingot":8,"luphieclutteredmod:luphie_cluttered_cat_mugs":1,"minecraft:wooden_hoe":1,"minecraft:stone_slab":6,"minecraft:gold_ingot":71,"naturalist:bug_net":1,"minecraft:bone_meal":219,"minecraft:cherry_trapdoor":4,"refurbished_furniture:workbench":1,"luminousworld:white_oak_plank":8,"minecraft:stone_pickaxe":2,"minecraft:redstone_block":36,"minecraft:dark_oak_planks":20,"minecraft:wheat":765,"minecraft:enchanting_table":1,"luphieclutteredmod:luphie_blank_paper_pile":1,"minecraft:chainmail_boots":1,"minecraft:iron_leggings":1,"blue_skies:starlit_planks":20,"blue_skies:starlit_chest":2,"minecraft:oak_planks":188,"minecraft:cobblestone_slab":6,"minecraft:cherry_slab":6,"luminousworld:jar":18,"minecraft:bow":1,"minecraft:iron_boots":3,"luphieclutteredmod:luphie_scattered_papers":1,"minecraft:chest":2,"variantvanillablocks:oak_grindstone":1,"refurbished_furniture:light_electricity_generator":1,"supplementaries:candy":8,"minecraft:oak_slab":6,"minecraft:arrow":16,"variantvanillablocks:spruce_crafting_table":4,"minecraft:crafting_table":6,"minecraft:spruce_planks":60,"minecraft:wooden_pickaxe":1,"minecraft:baked_potato":68,"minecraft:cherry_button":3,"minecraft:birch_planks":4,"minecraft:iron_chestplate":3,"minecraft:paper":9,"refurbished_furniture:light_fridge":1,"minecraft:diamond_pickaxe":3,"minecraft:birch_fence":6,"minecraft:stick":230,"minecraft:iron_ingot":194,"minecraft:cherry_planks":36,"minecraft:wooden_sword":1,"minecraft:raw_iron":18,"minecraft:coal":81,"minecraft:furnace":8,"variantvanillablocks:spruce_chest":2,"luminousworld:white_oak_slab":3,"minecraft:scaffolding":12,"minecraft:white_concrete_powder":256,"minecraft:iron_axe":1,"minecraft:iron_hoe":1,"shieldsplus:wooden_shield":4,"minecraft:sugar":23,"minecraft:red_dye":3,"shieldsplus:iron_shield":2,"minecraft:iron_sword":1,"minecraft:bucket":2,"minecraft:stone_axe":1,"minecraft:bread":276,"minecraft:air":0,"refurbished_furniture:wrench":1,"minecraft:oak_boat":1,"minecraft:white_dye":32,"minecraft:stonecutter":1,"minecraft:torch":576,"minecraft:lapis_block":21},"minecraft:custom":{"minecraft:interact_with_crafting_table":115,"minecraft:open_barrel":151,"minecraft:bell_ring":8,"minecraft:leave_game":28,"minecraft:time_since_death":69190,"minecraft:damage_blocked_by_shield":620,"minecraft:play_time":854011,"minecraft:deaths":6,"minecraft:jump":16093,"minecraft:enchant_item":17,"minecraft:interact_with_furnace":118,"minecraft:play_record":2,"minecraft:sleep_in_bed":54,"minecraft:damage_dealt":36241,"minecraft:interact_with_smoker":19,"minecraft:horse_one_cm":4288,"minecraft:interact_with_smithing_table":1,"minecraft:interact_with_anvil":5,"minecraft:inspect_hopper":3,"minecraft:sneak_time":44204,"minecraft:interact_with_blast_furnace":16,"minecraft:total_world_time":854011,"minecraft:tune_noteblock":27,"minecraft:interact_with_stonecutter":3,"minecraft:time_since_rest":19433,"minecraft:swim_one_cm":280680,"minecraft:fly_one_cm":3435053,"minecraft:open_chest":1166,"minecraft:fall_one_cm":523943,"minecraft:animals_bred":1,"minecraft:sprint_one_cm":2402602,"minecraft:drop":271,"minecraft:play_noteblock":1,"minecraft:talked_to_villager":23,"minecraft:walk_on_water_one_cm":63324,"minecraft:interact_with_loom":1,"minecraft:crouch_one_cm":129724,"minecraft:mob_kills":180,"minecraft:damage_dealt_resisted":1035,"minecraft:climb_one_cm":62188,"minecraft:walk_one_cm":1641858,"minecraft:walk_under_water_one_cm":135088,"minecraft:boat_one_cm":213699,"minecraft:interact_with_grindstone":1,"minecraft:damage_taken":14928,"minecraft:damage_absorbed":211},"minecraft:used":{"minecraft:jack_o_lantern":1,"minecraft:spruce_slab":1,"minecraft:poppy":1,"minecraft:black_carpet":1,"minecraft:chest":37,"minecraft:stone":5,"minecraft:rotten_flesh":1,"minecraft:snowball":12,"minecraft:spruce_boat":2,"minecraft:lava_bucket":14,"minecraft:birch_sapling":23,"minecraft:stone_brick_stairs":1,"minecraft:bow":20,"luphieclutteredmod:small_shelf":4,"minecraft:dark_oak_boat":1,"minecraft:sweet_berries":3,"minecraft:furnace":11,"minecraft:cooked_cod":27,"minecraft:egg":1,"kawaiidishes:mug":1,"minecraft:mossy_stone_bricks":3,"minecraft:diorite":8,"minecraft:leather_leggings":2,"minecraft:leather_chestplate":1,"minecraft:wooden_pickaxe":7,"minecraft:golden_apple":5,"minecraft:blast_furnace":2,"luminousworld:white_oak_slab":3,"minecraft:birch_fence":2,"kawaiidishes:piece_of_chocolate_cheesecake":6,"minecraft:lilac":1,"minecraft:wooden_sword":19,"luphieclutteredmod:stripped_luphie_flowering_log":1,"minecraft:enchanting_table":5,"luminousworld:whiteoaklog":41,"minecraft:armor_stand":2,"minecraft:light_gray_carpet":2,"luphieclutteredmod:luphie_cluttered_cat_mugs":4,"minecraft:tinted_glass":5,"refurbished_furniture:light_fridge":1,"minecraft:torch":620,"minecraft:anvil":7,"luphieclutteredmod:luphie_blank_paper_pile":1,"minecraft:polished_diorite":4,"minecraft:mossy_cobblestone_stairs":2,"kawaiidishes:piece_of_honey_cheesecake":2,"minecraft:iron_axe":42,"blue_skies:crescent_fruit_sapling":1,"undead_revamp2:huntereye":2,"minecraft:bamboo":12,"minecraft:diamond_chestplate":2,"luminousworld:monarch_jar":1,"minecraft:cobbled_deepslate":101,"minecraft:cherry_log":5,"minecraft:pointed_dripstone":9,"minecraft:water_bucket":64,"supplementaries:lapis_bricks":1,"minecraft:birch_planks":1,"luminousworld:white_oak_stairs":1,"luminousworld:white_oak_plank":13,"minecraft:cherry_planks":2,"minecraft:leather_boots":2,"minecraft:rail":2,"minecraft:crafting_table":6,"minecraft:red_bed":4,"minecraft:white_bed":24,"minecraft:spruce_log":3,"minecraft:oak_log":16,"minecraft:dark_prismarine":2,"minecraft:diamond_pickaxe":2488,"minecraft:diamond_shovel":530,"luphieclutteredmod:luphie_flowering_pink_log":1,"shieldsplus:stone_shield":18,"minecraft:iron_pickaxe":243,"minecraft:leather_helmet":1,"minecraft:spruce_trapdoor":4,"minecraft:chiseled_stone_bricks":1,"minecraft:blue_carpet":1,"kawaiidishes:white_thigh_highs":1,"luphieclutteredmod:luphie_scattered_papers":1,"perfectplushies:elephant_plushie":1,"minecraft:cobblestone":346,"minecraft:cooked_porkchop":1,"minecraft:black_candle":1,"luminousworld:amethyst_disc":2,"minecraft:dandelion":1,"minecraft:diamond_leggings":4,"minecraft:jukebox":2,"minecraft:candle":1,"perfectplushies:red_panda_plushie":2,"minecraft:white_concrete_powder":129,"minecraft:iron_sword":219,"minecraft:iron_chestplate":5,"luminousworld:decorative_brown_2":1,"shieldsplus:iron_shield":20,"perfectplushies:frog_plushie":1,"minecraft:jungle_planks":2,"minecraft:carrot":46,"minecraft:tuff":2,"minecraft:milk_bucket":1,"variantvanillablocks:spruce_crafting_table":5,"blue_skies:starlit_chest":2,"minecraft:coal_ore":51,"luminousworld:white_oak_sapling":12,"minecraft:lantern":7,"minecraft:iron_helmet":6,"supplementaries:candy":4,"minecraft:stone_bricks":17,"minecraft:birch_trapdoor":1,"minecraft:brown_carpet":1,"minecraft:hay_block":14,"minecraft:scaffolding":84,"minecraft:gold_block":1,"luminousworld:decorative_brown_mushroom_1":4,"kawaiidishes:latte_coffee":2,"minecraft:end_rod":2,"minecraft:stone_pickaxe":68,"minecraft:dark_oak_sign":2,"minecraft:oak_planks":4,"blue_skies:starlit_sapling":1,"minecraft:sugar_cane":2,"luminousworld:groundpebbles_1":4,"minecraft:diamond_axe":1453,"minecraft:blue_bed":1,"minecraft:stone_brick_wall":1,"minecraft:black_bed":3,"minecraft:note_block":1,"burnt:burnt_stairs":1,"luminousworld:jar":4,"perfectplushies:panda_plushie":1,"minecraft:bread":289,"minecraft:cyan_bed":1,"minecraft:gravel":3,"perfectplushies:dumbo_blob_plushie":4,"variantvanillablocks:spruce_chest":2,"minecraft:chainmail_boots":2,"minecraft:coarse_dirt":5,"minecraft:bone_meal":196,"minecraft:experience_bottle":2,"minecraft:oak_fence":4,"minecraft:rose_bush":1,"minecraft:redstone_ore":17,"perfectplushies:doe_plushie":3,"minecraft:redstone":13,"minecraft:spruce_planks":48,"minecraft:stone_hoe":73,"minecraft:dirt":448,"minecraft:spruce_stairs":1,"minecraft:granite":1,"minecraft:spruce_fence":3,"minecraft:dark_oak_planks":1,"minecraft:iron_hoe":119,"minecraft:stone_brick_slab":1,"minecraft:bookshelf":5,"blue_skies:starlit_log":1,"kawaiidishes:coffee_fruit":8,"kawaiidishes:dark_brown_shoes":1,"minecraft:iron_boots":3,"blue_skies:starlit_crafting_table":3,"kawaiidishes:coffee_machine":2,"minecraft:golden_carrot":1,"perfectplushies:dog_plushie":4,"minecraft:stone_pressure_plate":1,"minecraft:powder_snow_bucket":10,"minecraft:light_gray_bed":4,"minecraft:iron_leggings":1,"minecraft:iron_ore":42,"minecraft:cobblestone_stairs":2,"minecraft:baked_potato":60,"luminousworld:ishstone":6,"variantvanillablocks:oak_grindstone":1,"luminousworld:white_petunias":1,"minecraft:book":29,"minecraft:warped_planks":7,"minecraft:smoker":1,"minecraft:wooden_hoe":5,"minecraft:black_wool":2,"minecraft:apple":3,"minecraft:jungle_stairs":5,"refurbished_furniture:light_electricity_generator":2,"minecraft:stone_axe":105,"minecraft:pink_petals":88,"minecraft:fishing_rod":5,"refurbished_furniture:workbench":2,"perfectplushies:duck_plushie":1,"minecraft:white_banner":1,"minecraft:bucket":84}},"DataVersion":3465}