{"stats":{"minecraft:used":{"minecraft:beetroot_seeds":4,"minecraft:wheat_seeds":3},"minecraft:custom":{"minecraft:open_chest":3,"minecraft:time_since_rest":91094,"minecraft:crouch_one_cm":93,"minecraft:damage_taken":70,"minecraft:leave_game":1,"minecraft:play_time":91094,"minecraft:time_since_death":91094,"minecraft:walk_on_water_one_cm":3756,"minecraft:walk_one_cm":7381,"minecraft:sneak_time":441,"minecraft:walk_under_water_one_cm":38073,"minecraft:total_world_time":91094,"minecraft:swim_one_cm":13098,"minecraft:drop":4,"minecraft:fly_one_cm":152009,"minecraft:jump":32},"minecraft:dropped":{"minecraft:beetroot":2,"minecraft:beetroot_seeds":16,"minecraft:wheat_seeds":3},"minecraft:picked_up":{"minecraft:beetroot":3,"minecraft:beetroot_seeds":16,"minecraft:wheat_seeds":3}},"DataVersion":3465}