{"stats":{"minecraft:picked_up":{"minecraft:oak_slab":1,"minecraft:porkchop":2,"minecraft:stripped_spruce_log":2,"minecraft:spruce_log":5,"minecraft:dirt":4,"minecraft:leather_helmet":1,"minecraft:spruce_planks":1,"minecraft:cobblestone":33},"minecraft:custom":{"minecraft:time_since_rest":6842,"minecraft:interact_with_furnace":2,"minecraft:sprint_one_cm":8507,"minecraft:damage_taken":98,"minecraft:walk_one_cm":15511,"minecraft:mob_kills":1,"minecraft:drop":4,"minecraft:damage_dealt":56,"minecraft:interact_with_crafting_table":4,"minecraft:fly_one_cm":4517,"minecraft:open_chest":3,"minecraft:crouch_one_cm":275,"minecraft:play_time":6842,"minecraft:sneak_time":243,"minecraft:jump":64,"minecraft:time_since_death":6842,"minecraft:total_world_time":6842,"minecraft:fall_one_cm":1500},"minecraft:crafted":{"minecraft:cooked_porkchop":2,"variantvanillablocks:spruce_crafting_table":1,"minecraft:spruce_planks":28,"minecraft:stick":4,"minecraft:wooden_pickaxe":1,"minecraft:stone_pickaxe":1,"minecraft:furnace":1,"minecraft:air":0},"minecraft:used":{"variantvanillablocks:spruce_crafting_table":1,"minecraft:stone_pickaxe":26,"minecraft:spruce_planks":7,"minecraft:leather_helmet":1,"minecraft:wooden_pickaxe":7,"minecraft:cooked_porkchop":1,"minecraft:furnace":1},"minecraft:dropped":{"minecraft:cooked_porkchop":1,"minecraft:cobblestone":3},"minecraft:killed":{"minecraft:pig":2},"minecraft:mined":{"minecraft:oak_slab":1,"minecraft:spruce_planks":1,"minecraft:spruce_log":5,"minecraft:stripped_spruce_log":2,"minecraft:grass_block":1,"minecraft:dirt":3,"minecraft:stone":33}},"DataVersion":3465}