{"stats":{"minecraft:picked_up":{"kawaiidishes:brown_headband_fox_ears_brown":1,"minecraft:smithing_table":1,"minecraft:lead":7,"minecraft:stone_slab":5,"minecraft:enchanted_book":34,"kawaiidishes:cappuccino_coffee":13,"kawaiidishes:black_maid_dress":1,"minecraft:music_disc_cat":1,"minecraft:polished_blackstone_brick_stairs":2,"minecraft:string":126,"kawaiidishes:lime_headband_bunny_ears_caramel":1,"blue_skies:frostbright_log":2,"blue_skies:starlit_sapling":1,"minecraft:pufferfish":14,"minecraft:diamond_leggings":8,"kawaiidishes:cocoa_powder":53,"perfectplushies:dolphin_plushie":4,"luphieclutteredmod:luphie_blank_paper_pile":1,"minecraft:polished_blackstone_brick_slab":7,"minecraft:jukebox":2,"kawaiidishes:coffee_machine":12,"kawaiidishes:red_stool":12,"minecraft:honeycomb_block":1,"minecraft:cauldron":247,"minecraft:brown_carpet":5,"minecraft:stone_sword":1,"minecraft:honey_bottle":77,"luphieclutteredmod:luphie_pink_slab":17,"minecraft:carved_pumpkin":1,"minecraft:end_rod":2,"supplementaries:ash":25,"supplementaries:quiver":4,"minecraft:blaze_rod":4,"minecraft:iron_bars":1,"minecraft:feather":7,"minecraft:water_bucket":19,"supplementaries:candy":4,"minecraft:dark_oak_boat":7,"twilightforest:sorting_sapling":1,"minecraft:flint":91,"luminousworld:raw_venison":3,"minecraft:cherry_fence":2,"minecraft:lantern":189,"blue_skies:maple_log":1,"kawaiidishes:caramel_bunny_ears":1,"minecraft:stonecutter":5,"minecraft:dark_oak_sign":2,"minecraft:diamond_helmet":3,"minecraft:rabbit":4,"kawaiidishes:red_thigh_highs":1,"minecraft:honeycomb":2,"luminousworld:creepberries":30,"minecraft:stripped_crimson_stem":3,"minecraft:stripped_spruce_log":15,"perfectplushies:rabbit_plushie":8,"perfectplushies:capybara_plushie":1,"naturalist:duck_egg":1,"minecraft:iron_hoe":2,"luminousworld:beast_totem":1,"minecraft:polished_andesite":11,"luminousworld:yellowpetunias":12,"minecraft:lever":1,"minecraft:granite":125,"shieldsplus:iron_shield":7,"minecraft:golden_horse_armor":14,"minecraft:jack_o_lantern":1,"minecraft:light_gray_carpet":8,"minecraft:crimson_roots":20,"minecraft:diamond_pickaxe":9,"variantvanillablocks:cherry_crafting_table":1,"luminousworld:decorative_brown_2":2,"minecraft:clay_ball":64,"minecraft:leather_leggings":1,"refurbished_furniture:wrench":1,"overweight_farming:seeded_peeled_melon":1,"minecraft:cornflower":1,"blue_skies:stripped_starlit_wood":1,"minecraft:flint_and_steel":3,"minecraft:iron_shovel":4,"minecraft:glass_pane":77,"luminousworld:palm_log":3,"minecraft:poppy":40,"minecraft:spruce_slab":4,"minecraft:birch_sapling":66,"minecraft:diamond_hoe":3,"burnt:burnt_planks":1,"minecraft:stone":316,"minecraft:music_disc_mellohi":2,"kawaiidishes:yellow_headband_cat_ears_black":2,"minecraft:diamond_chestplate":5,"minecraft:hay_block":689,"minecraft:polished_blackstone":2,"minecraft:rail":2,"minecraft:bone_block":20,"twilightforest:darkwood_sapling":1,"minecraft:oxeye_daisy":3,"supplementaries:lapis_bricks":3,"luminousworld:ishstone":6,"minecraft:fern":10,"minecraft:lily_pad":66,"minecraft:apple":151,"minecraft:stone_pickaxe":2,"minecraft:iron_ore":42,"naturalist:bug_net":2,"minecraft:tall_grass":2,"perfectplushies:dog_plushie":14,"minecraft:gray_bed":1,"minecraft:dark_oak_stairs":4,"burnt:shale":1,"minecraft:polished_andesite_stairs":8,"shieldsplus:stone_shield":9,"minecraft:smooth_basalt":52,"minecraft:milk_bucket":5,"blue_skies:crescent_fruit_sapling":2,"minecraft:sweet_berries":113,"minecraft:red_wool":1,"minecraft:crying_obsidian":5,"minecraft:leather_helmet":6,"minecraft:oak_wood":1,"minecraft:diamond_shovel":3,"minecraft:coal_ore":51,"minecraft:slime_ball":45,"minecraft:painting":1,"minecraft:polished_blackstone_brick_wall":2,"minecraft:lodestone":1,"minecraft:baked_potato":3,"minecraft:smooth_quartz_slab":1,"minecraft:hopper":54,"twilightforest:time_sapling":1,"minecraft:black_carpet":13,"seadwellers:aquamarine":7,"minecraft:gilded_blackstone":35,"minecraft:stone_brick_stairs":2,"minecraft:lapis_block":21,"minecraft:experience_bottle":4,"kawaiidishes:expresso_coffee":1,"minecraft:smooth_stone":1,"minecraft:bucket":81,"minecraft:rose_bush":15,"minecraft:cobblestone_slab":6,"minecraft:iron_pickaxe":17,"kawaiidishes:piece_of_honey_cheesecake":58,"cozy_home:telescope":7,"minecraft:tipped_arrow":1,"supplementaries:speaker_block":1,"minecraft:birch_trapdoor":1,"minecraft:spruce_stairs":1,"blue_skies:starlit_chest":4,"minecraft:diorite":31,"kawaiidishes:pink_maid_dress_cat_tail_caramel":1,"shieldsplus:diamond_shield":2,"minecraft:rotten_flesh":166,"luminousworld:soft_birch_log":1,"minecraft:obsidian":38,"minecraft:blaze_powder":5,"minecraft:cobblestone":3659,"minecraft:enchanting_table":10,"minecraft:pink_petals":487,"minecraft:leather_chestplate":1,"minecraft:lilac":7,"minecraft:cherry_planks":12,"minecraft:andesite":43,"minecraft:black_bed":26,"minecraft:golden_leggings":1,"kawaiidishes:light_gray_thigh_highs":1,"minecraft:potato":407,"twilightforest:transformation_sapling":2,"perfectplushies:hummingbird_plushie":4,"supplementaries:flute":2,"minecraft:dirt":1240,"minecraft:stripped_birch_log":1,"minecraft:name_tag":9,"minecraft:glass":7,"minecraft:bone":549,"minecraft:acacia_planks":5,"perfectplushies:red_panda_plushie":7,"minecraft:bow":13,"minecraft:wheat_seeds":681,"luminousworld:white_oak_stairs":13,"minecraft:grindstone":3,"minecraft:mossy_stone_bricks":92,"minecraft:bamboo":623,"minecraft:grass_block":12,"minecraft:mossy_cobblestone":13,"luminousworld:amethyst_disc":3,"twilightforest:twilight_oak_sapling":3,"luminousworld:blueberry":3,"minecraft:cracked_polished_blackstone_bricks":20,"minecraft:crossbow":3,"minecraft:grass":207,"minecraft:bone_meal":96,"minecraft:golden_apple":19,"minecraft:emerald":253,"luphieclutteredmod:luphie_cluttered_cat_mugs":3,"minecraft:netherrack":635,"burnt:burnt_stairs":2,"minecraft:splash_potion":1,"kawaiidishes:yellow_maid_dress_devil_tail_red":2,"minecraft:brown_mushroom":5,"minecraft:stone_brick_wall":5,"minecraft:brick":36,"minecraft:moss_carpet":1,"overweight_farming:vegetable_peels":1,"variantvanillablocks:spruce_crafting_table":3,"minecraft:birch_fence":44,"minecraft:blackstone":76,"minecraft:blue_orchid":9,"refurbished_furniture:light_electricity_generator":1,"luminousworld:white_oak_plank":17,"minecraft:cherry_stairs":43,"minecraft:note_block":1,"minecraft:polished_blackstone_bricks":83,"luphieclutteredmod:small_shelf":4,"perfectplushies:red_ruffed_lemur_plushie":1,"minecraft:stone_pressure_plate":1,"luminousworld:white_oak_sapling":26,"minecraft:black_banner":38,"minecraft:skeleton_skull":14,"minecraft:basalt":4,"minecraft:golden_carrot":1,"minecraft:leather":65,"minecraft:crimson_fungus":2,"luminousworld:tree_ant_trophy":3,"minecraft:gunpowder":10,"luphieclutteredmod:luphie_white_armchair":2,"kawaiidishes:latte_coffee":1,"minecraft:gray_carpet":3,"minecraft:rabbit_hide":21,"minecraft:iron_ingot":436,"blue_skies:frostbright_sapling":1,"luphieclutteredmod:small_pink_shelf":2,"minecraft:pink_bed":1,"luminousworld:clovers_1":39,"minecraft:black_candle":1,"minecraft:stone_brick_slab":2,"minecraft:dandelion":65,"minecraft:quartz":476,"minecraft:lava_bucket":10,"minecraft:amethyst_shard":61,"kawaiidishes:cheese_cake":2,"luminousworld:whiteoaklog":232,"minecraft:pumpkin_seeds":8,"minecraft:white_concrete_powder":129,"perfectplushies:duck_plushie":2,"minecraft:cherry_sapling":12,"minecraft:mossy_cobblestone_stairs":7,"kawaiidishes:brown_thigh_highs":1,"minecraft:terracotta":120,"minecraft:sunflower":36,"minecraft:seagrass":1,"minecraft:iron_chestplate":21,"minecraft:chainmail_boots":2,"minecraft:flower_pot":9,"minecraft:anvil":82,"luphieclutteredmod:luphie_flowering_purple_log":1,"minecraft:diamond_sword":6,"minecraft:oak_stairs":2,"minecraft:brewing_stand":11,"minecraft:golden_sword":5,"perfectplushies:frog_plushie":3,"minecraft:amethyst_block":160,"paraglider:goddess_statue":1,"minecraft:cooked_salmon":27,"minecraft:gold_nugget":590,"minecraft:cobbled_deepslate":488,"blue_skies:starlit_crafting_table":2,"minecraft:spruce_planks":83,"twilightforest:stripped_canopy_log":1,"minecraft:coal_block":81,"minecraft:melon_slice":464,"minecraft:dark_oak_door":1,"kawaiidishes:roasted_cocoa_beans":146,"minecraft:beehive":12,"blue_skies:maple_sapling":2,"minecraft:composter":2,"minecraft:cherry_log":140,"minecraft:warped_planks":9,"minecraft:rabbit_foot":2,"luphieclutteredmod:luphie_pink_log":14,"luminousworld:yellow_grassflowers":1,"luminousworld:grassflowers":6,"minecraft:light_gray_bed":4,"blue_skies:stripped_bluebright_wood":1,"minecraft:iron_block":3,"minecraft:cyan_terracotta":2,"luminousworld:far_lands":3,"minecraft:birch_log":143,"minecraft:mossy_cobblestone_slab":2,"minecraft:iron_door":1,"minecraft:cherry_leaves":26,"perfectplushies:dumbo_blob_plushie":9,"kawaiidishes:coffee_powder":40,"minecraft:smoker":3,"minecraft:map":1,"minecraft:glowstone_dust":19,"perfectplushies:elephant_plushie":4,"minecraft:dark_oak_log":8,"minecraft:barrel":72,"minecraft:writable_book":2,"minecraft:bread":746,"minecraft:cherry_slab":32,"minecraft:dark_oak_fence":60,"luminousworld:groundpebbles_1":5,"minecraft:coarse_dirt":12,"minecraft:crafting_table":2,"luphieclutteredmod:luphie_pink_mini_cabinet":2,"minecraft:nether_wart":33,"shieldsplus:wooden_shield":1,"twilightforest:stripped_transformation_wood":1,"minecraft:stripped_mangrove_log":1,"minecraft:red_bed":5,"minecraft:compass":3,"minecraft:cracked_stone_bricks":1,"minecraft:music_disc_otherside":1,"minecraft:beef":63,"minecraft:cyan_wool":1,"minecraft:iron_nugget":31,"minecraft:chest":254,"minecraft:egg":2,"luminousworld:spuds":3,"minecraft:spruce_fence":5,"minecraft:carrot":648,"minecraft:redstone":949,"minecraft:blue_carpet":9,"luminousworld:decorative_brown_mushroom_1":8,"minecraft:cooked_cod":181,"minecraft:peony":1,"minecraft:shears":3,"variantvanillablocks:oak_grindstone":1,"minecraft:gold_ingot":309,"minecraft:glow_berries":21,"minecraft:white_wool":122,"luminousworld:palmplank":8,"blue_skies:dusk_planks":8,"minecraft:red_mushroom":33,"minecraft:filled_map":1,"luphieclutteredmod:luphie_pastel_wall_bookshelf":1,"minecraft:oak_log":326,"luphieclutteredmod:luphie_scattered_papers":1,"minecraft:golden_boots":8,"enemyexpansion:scorpion_tail":1,"minecraft:blue_bed":2,"minecraft:white_banner":3,"minecraft:stone_bricks":177,"minecraft:kelp":1,"kawaiidishes:coffee_fruit":89,"minecraft:glass_bottle":16,"minecraft:flowering_azalea":1,"minecraft:iron_sword":6,"twilightforest:mangrove_sapling":2,"kawaiidishes:roasted_coffee_beans":40,"luphieclutteredmod:luphie_pink_trapdoor":6,"minecraft:gravel":431,"refurbished_furniture:workbench":1,"minecraft:spruce_sapling":17,"minecraft:spruce_log":159,"perfectplushies:seal_plushie":3,"blue_skies:starlit_log":16,"minecraft:polished_diorite":8,"minecraft:stone_axe":5,"minecraft:scute":5,"minecraft:redstone_ore":17,"minecraft:diamond_axe":10,"minecraft:warped_roots":1,"minecraft:stripped_dark_oak_log":4,"minecraft:melon_seeds":2,"minecraft:pink_dye":24,"kawaiidishes:yellow_thigh_highs":2,"minecraft:ender_pearl":5,"minecraft:wheat":257,"minecraft:redstone_block":34,"minecraft:potion":23,"minecraft:nether_brick":3,"minecraft:raw_copper":24,"minecraft:iron_leggings":16,"minecraft:armor_stand":12,"blue_skies:dusk_stick":1,"minecraft:zombie_head":1,"twilightforest:rainbow_oak_sapling":1,"minecraft:activator_rail":12,"minecraft:tnt_minecart":2,"luphieclutteredmod:luphie_pink_planks":2,"perfectplushies:geode_plushie":1,"minecraft:calcite":211,"minecraft:iron_boots":18,"minecraft:furnace":20,"blue_skies:dusk_log":17,"minecraft:stick":194,"minecraft:oak_fence":6,"minecraft:torch":158,"minecraft:porkchop":14,"minecraft:pointed_dripstone":12,"minecraft:music_disc_pigstep":1,"luminousworld:shellmet_helmet":2,"minecraft:green_wool":9,"supplementaries:altimeter":1,"minecraft:stripped_birch_wood":1,"minecraft:cod":10,"undead_revamp2:arapholia":7,"paraglider:paraglider":5,"minecraft:nautilus_shell":9,"blue_skies:crescent_fruit":6,"minecraft:magma_cream":30,"luphieclutteredmod:luphie_empty_plate":3,"perfectplushies:doe_plushie":10,"supplementaries:item_shelf":4,"paraglider:spirit_orb":87,"minecraft:tuff":140,"supplementaries:flax_seeds":2,"undead_revamp2:huntereye":15,"minecraft:wither_skeleton_skull":10,"minecraft:lapis_lazuli":965,"minecraft:polished_granite":1,"minecraft:leather_boots":3,"kawaiidishes:piece_of_chocolate_cheesecake":13,"minecraft:raw_gold":206,"luminousworld:white_oak_slab":129,"minecraft:powered_rail":6,"minecraft:oak_planks":32,"minecraft:stone_hoe":2,"kawaiidishes:mug":105,"minecraft:ghast_tear":3,"minecraft:cooked_porkchop":2,"minecraft:sand":558,"minecraft:jungle_planks":2,"minecraft:cyan_bed":1,"minecraft:chiseled_sandstone":2,"perfectplushies:panda_plushie":7,"luminousworld:enchanted_root":1,"minecraft:dark_prismarine":2,"cozy_home:cherry_plank":32,"minecraft:spruce_boat":5,"minecraft:diamond":119,"luminousworld:king_crab_plaque":1,"minecraft:white_concrete":244,"kawaiidishes:piece_of_cheesecake":70,"minecraft:oak_sapling":21,"undead_revamp2:bostroxingot":10,"minecraft:fishing_rod":4,"minecraft:cocoa_beans":67,"luminousworld:wallleaves":2,"minecraft:chicken":3,"minecraft:chest_minecart":3,"minecraft:wooden_pickaxe":1,"minecraft:gold_block":100,"minecraft:iron_axe":9,"perfectplushies:daniel_plushie":2,"minecraft:item_frame":3,"kawaiidishes:honey_cookie":55,"paraglider:rito_goddess_statue":10,"minecraft:candle":1,"minecraft:mossy_cobblestone_wall":1,"minecraft:oak_boat":9,"minecraft:player_head":2,"minecraft:tinted_glass":7,"minecraft:sugar_cane":584,"minecraft:spruce_trapdoor":6,"minecraft:phantom_membrane":6,"kawaiidishes:piece_of_cake":29,"minecraft:dark_oak_sapling":145,"minecraft:raw_iron":527,"perfectplushies:red_fox_plushie":3,"minecraft:copper_ingot":34,"luminousworld:raw_squirrel":1,"minecraft:iron_horse_armor":8,"minecraft:dark_oak_planks":11,"minecraft:arrow":6,"minecraft:jungle_stairs":5,"variantvanillablocks:spruce_chest":5,"minecraft:saddle":11,"paraglider:horned_statue":1,"blue_skies:dusk_leaves":4,"minecraft:air":1,"minecraft:crimson_stem":3,"minecraft:salmon":6,"kawaiidishes:blue_headband":2,"minecraft:birch_planks":50,"blue_skies:lunar_stick":2,"kawaiidishes:brown_shoes":5,"minecraft:cobblestone_stairs":10,"minecraft:deepslate_tile_slab":1,"luminousworld:white_petunias":1,"minecraft:acacia_sapling":17,"minecraft:soul_sand":16,"minecraft:book":1220,"minecraft:scaffolding":186,"minecraft:oak_slab":6,"luphieclutteredmod:luphie_plated_croissant":1,"minecraft:pumpkin":224,"minecraft:chiseled_stone_bricks":1,"minecraft:raw_iron_block":2,"burnt:burnt_dirt":11,"minecraft:blast_furnace":3,"minecraft:white_bed":39,"minecraft:spider_eye":15,"variantvanillablocks:dark_oak_crafting_table":3,"blue_skies:monitor_tail":3,"minecraft:dried_kelp_block":132,"minecraft:iron_helmet":26,"minecraft:black_wool":64,"minecraft:coal":1149},"minecraft:crafted":{"blue_skies:starlit_crafting_table":1,"minecraft:diamond_shovel":1,"blue_skies:maple_planks":4,"minecraft:diamond_helmet":3,"supplementaries:key":1,"luphieclutteredmod:luphie_cluttered_cat_mugs":1,"minecraft:wooden_hoe":1,"minecraft:stone_slab":6,"naturalist:bug_net":1,"minecraft:golden_carrot":3,"minecraft:jukebox":1,"minecraft:spyglass":1,"refurbished_furniture:workbench":1,"luminousworld:white_oak_plank":8,"minecraft:stone_pickaxe":2,"shieldsplus:stone_shield":1,"minecraft:spruce_boat":1,"minecraft:enchanting_table":1,"minecraft:orange_dye":18,"supplementaries:speaker_block":1,"luphieclutteredmod:luphie_blank_paper_pile":1,"minecraft:chainmail_boots":1,"minecraft:cobblestone_slab":6,"minecraft:cherry_slab":6,"minecraft:warped_planks":68,"minecraft:bow":2,"minecraft:chest":2,"variantvanillablocks:oak_grindstone":1,"minecraft:cherry_fence":9,"minecraft:arrow":40,"minecraft:cherry_button":3,"kawaiidishes:honey_cookie":56,"minecraft:yellow_dye":34,"minecraft:stick":272,"minecraft:iron_ingot":382,"shieldsplus:diamond_shield":3,"minecraft:furnace":8,"minecraft:flint_and_steel":2,"minecraft:scaffolding":12,"minecraft:white_concrete_powder":256,"minecraft:orange_terracotta":8,"shieldsplus:wooden_shield":6,"paraglider:paraglider":2,"minecraft:iron_sword":1,"minecraft:cooked_salmon":2,"luphieclutteredmod:luphie_orange_cat_plant_pot":1,"minecraft:white_dye":32,"minecraft:stonecutter":1,"minecraft:torch":704,"minecraft:diamond_chestplate":2,"supplementaries:lapis_bricks":1,"minecraft:bookshelf":5,"minecraft:glass":34,"minecraft:diamond_leggings":1,"supplementaries:altimeter":1,"luphieclutteredmod:small_shelf":2,"supplementaries:flute":4,"luminousworld:palmplank":12,"minecraft:emerald":1,"minecraft:cooked_porkchop":2,"minecraft:diamond_axe":2,"minecraft:copper_ingot":8,"minecraft:gold_ingot":152,"minecraft:bone_meal":264,"minecraft:cherry_trapdoor":4,"minecraft:diamond_boots":2,"variantvanillablocks:birch_crafting_table":1,"minecraft:redstone_block":36,"minecraft:dark_oak_planks":20,"minecraft:wheat":2005,"kawaiidishes:sweet_berry_cookie":64,"minecraft:golden_apple":11,"minecraft:iron_leggings":2,"minecraft:white_bed":1,"blue_skies:starlit_planks":20,"blue_skies:starlit_chest":2,"minecraft:oak_planks":336,"luminousworld:jar":18,"minecraft:iron_boots":3,"luphieclutteredmod:luphie_scattered_papers":1,"cozy_home:telescope":1,"refurbished_furniture:light_electricity_generator":1,"supplementaries:candy":8,"minecraft:oak_slab":6,"variantvanillablocks:spruce_crafting_table":8,"minecraft:crafting_table":12,"minecraft:spruce_planks":200,"minecraft:wooden_pickaxe":1,"minecraft:baked_potato":68,"minecraft:gold_block":1,"minecraft:birch_planks":16,"refurbished_furniture:light_fridge":1,"minecraft:iron_chestplate":3,"minecraft:paper":9,"minecraft:diamond_pickaxe":6,"minecraft:birch_fence":6,"minecraft:shears":2,"minecraft:cherry_planks":36,"minecraft:wooden_sword":1,"minecraft:raw_iron":18,"minecraft:coal":125,"luminousworld:white_oak_slab":3,"variantvanillablocks:spruce_chest":2,"minecraft:iron_axe":1,"minecraft:iron_hoe":1,"minecraft:sugar":23,"minecraft:red_dye":22,"minecraft:cooked_cod":5,"minecraft:diamond_sword":1,"shieldsplus:iron_shield":2,"minecraft:bucket":3,"minecraft:stone_axe":1,"minecraft:air":0,"minecraft:bread":737,"refurbished_furniture:wrench":1,"cozy_home:cherry_plank":16,"minecraft:oak_boat":2,"minecraft:gold_nugget":27,"minecraft:lapis_lazuli":99,"minecraft:lapis_block":21},"minecraft:dropped":{"minecraft:iron_sword":2,"minecraft:porkchop":10,"minecraft:lapis_lazuli":28,"minecraft:glass_bottle":15,"minecraft:diamond":1,"minecraft:cooked_porkchop":2,"blue_skies:frostbright_sapling":2,"minecraft:warped_roots":1,"minecraft:black_bed":1,"naturalist:bug_net":2,"minecraft:cracked_stone_bricks":1,"luminousworld:enchanted_root":1,"minecraft:emerald":14,"minecraft:gold_block":43,"minecraft:birch_fence":6,"minecraft:dark_oak_planks":3,"minecraft:fishing_rod":1,"minecraft:white_wool":84,"minecraft:stone_axe":2,"minecraft:lever":1,"luminousworld:white_oak_plank":2,"minecraft:black_carpet":6,"minecraft:wheat":49,"minecraft:rotten_flesh":36,"minecraft:oak_planks":14,"minecraft:warped_planks":2,"blue_skies:maple_sapling":2,"minecraft:rabbit_foot":2,"kawaiidishes:piece_of_chocolate_cheesecake":1,"minecraft:leather_boots":1,"minecraft:leather_leggings":1,"luminousworld:whiteoaklog":3,"minecraft:stone_brick_stairs":1,"minecraft:golden_boots":1,"minecraft:wheat_seeds":7,"blue_skies:crescent_fruit":1,"minecraft:golden_apple":7,"luminousworld:raw_venison":3,"minecraft:cherry_planks":1,"minecraft:cooked_salmon":2,"minecraft:potion":4,"minecraft:oak_stairs":1,"minecraft:pumpkin":16,"minecraft:red_dye":3,"shieldsplus:stone_shield":1,"minecraft:blue_carpet":4,"twilightforest:rainbow_oak_sapling":2,"minecraft:experience_bottle":1,"minecraft:clay_ball":64,"minecraft:iron_boots":5,"minecraft:cherry_slab":12,"minecraft:name_tag":1,"minecraft:shears":3,"kawaiidishes:pink_maid_dress_cat_tail_caramel":1,"minecraft:diamond_sword":3,"kawaiidishes:mug":2,"minecraft:cyan_wool":1,"minecraft:flower_pot":1,"minecraft:spruce_trapdoor":2,"minecraft:spruce_planks":47,"twilightforest:transformation_sapling":3,"minecraft:diamond_pickaxe":4,"minecraft:stone_bricks":2,"minecraft:barrel":1,"minecraft:bow":2,"minecraft:terracotta":56,"minecraft:soul_sand":3,"minecraft:oak_log":69,"minecraft:dark_oak_sapling":65,"perfectplushies:dolphin_plushie":2,"minecraft:leather":4,"minecraft:iron_horse_armor":5,"minecraft:polished_blackstone_brick_wall":2,"paraglider:spirit_orb":24,"minecraft:cobblestone_stairs":6,"minecraft:cracked_polished_blackstone_bricks":6,"twilightforest:sorting_sapling":3,"kawaiidishes:red_thigh_highs":1,"paraglider:paraglider":3,"minecraft:gold_ingot":37,"shieldsplus:wooden_shield":3,"luminousworld:jar":1,"minecraft:cherry_stairs":27,"minecraft:pointed_dripstone":3,"minecraft:leather_chestplate":1,"minecraft:scaffolding":138,"minecraft:polished_granite":1,"perfectplushies:dumbo_blob_plushie":1,"minecraft:stone_hoe":2,"minecraft:bread":219,"shieldsplus:diamond_shield":1,"minecraft:cherry_log":76,"minecraft:lilac":5,"minecraft:amethyst_block":81,"minecraft:milk_bucket":3,"minecraft:white_concrete":128,"minecraft:melon_slice":12,"minecraft:polished_blackstone_brick_slab":7,"minecraft:polished_diorite":1,"minecraft:kelp":1,"minecraft:sweet_berries":57,"minecraft:tall_grass":2,"undead_revamp2:bostroxingot":4,"luminousworld:white_oak_slab":6,"luminousworld:palmplank":19,"burnt:burnt_stairs":1,"minecraft:golden_leggings":1,"minecraft:oak_sapling":6,"luminousworld:crimsonbutterflyjar":1,"minecraft:spruce_log":103,"blue_skies:dusk_sapling":1,"kawaiidishes:piece_of_cheesecake":16,"minecraft:crimson_stem":1,"minecraft:saddle":1,"minecraft:leather_helmet":3,"perfectplushies:red_ruffed_lemur_plushie":1,"minecraft:dirt":2,"supplementaries:rope":10,"minecraft:cherry_button":3,"minecraft:wooden_sword":1,"minecraft:bone_block":5,"minecraft:phantom_membrane":6,"minecraft:sugar":11,"minecraft:iron_pickaxe":4,"minecraft:dark_oak_boat":1,"minecraft:blue_bed":1,"minecraft:bone":66,"minecraft:nether_brick":3,"twilightforest:mangrove_sapling":1,"minecraft:light_gray_carpet":3,"minecraft:white_bed":2,"kawaiidishes:brown_shoes":2,"minecraft:tipped_arrow":1,"minecraft:spruce_slab":3,"minecraft:enchanted_book":4,"minecraft:iron_ingot":9,"minecraft:golden_horse_armor":3,"minecraft:oak_fence":1,"minecraft:feather":1,"minecraft:iron_helmet":4,"minecraft:cobblestone":104,"minecraft:apple":40,"minecraft:coal":56,"kawaiidishes:piece_of_honey_cheesecake":18,"minecraft:wooden_hoe":1,"minecraft:rabbit":4,"minecraft:diamond_helmet":2,"minecraft:iron_shovel":1,"minecraft:string":12,"minecraft:gray_carpet":1,"naturalist:duck_egg":1,"minecraft:furnace":1,"minecraft:moss_carpet":1,"burnt:burnt_planks":1,"minecraft:stone_sword":1,"luphieclutteredmod:luphie_flowering_purple_log":1,"minecraft:diamond_hoe":1,"twilightforest:time_sapling":3,"kawaiidishes:brown_headband_fox_ears_brown":1,"minecraft:spruce_fence":1,"minecraft:potato":25,"minecraft:hay_block":2,"kawaiidishes:honey_cookie":56,"minecraft:stone":6,"paraglider:rito_goddess_statue":8,"minecraft:spider_eye":4,"kawaiidishes:piece_of_cake":3,"supplementaries:flute":1,"minecraft:dark_oak_stairs":1,"minecraft:brown_mushroom":1,"minecraft:birch_planks":22,"minecraft:diamond_axe":3,"luminousworld:raw_squirrel":1,"luminousworld:spuds":3,"minecraft:lantern":129,"luminousworld:blueberry":3,"shieldsplus:iron_shield":3,"minecraft:cherry_trapdoor":4,"minecraft:crimson_roots":5,"minecraft:seagrass":1,"minecraft:cooked_cod":9,"blue_skies:crescent_fruit_sapling":1,"minecraft:polished_blackstone_bricks":8,"perfectplushies:rabbit_plushie":1,"minecraft:birch_log":5,"minecraft:gravel":18,"minecraft:blackstone":7,"kawaiidishes:brown_thigh_highs":1,"minecraft:cherry_sapling":1,"minecraft:diamond_shovel":2,"minecraft:carrot":100,"supplementaries:ash":1,"minecraft:gunpowder":4,"kawaiidishes:cappuccino_coffee":3,"minecraft:melon_seeds":2,"minecraft:chest":13,"minecraft:arrow":9,"minecraft:quartz":8,"minecraft:netherrack":30,"minecraft:water_bucket":1,"minecraft:mossy_cobblestone":8,"minecraft:smithing_table":1,"minecraft:diamond_leggings":2,"minecraft:copper_ingot":1,"twilightforest:twilight_oak_sapling":3,"minecraft:stick":26,"kawaiidishes:coffee_fruit":18,"minecraft:diorite":8,"minecraft:brewing_stand":1,"minecraft:torch":1,"minecraft:iron_leggings":5,"minecraft:iron_axe":3,"minecraft:bucket":22,"minecraft:dandelion":4,"minecraft:smooth_basalt":6,"minecraft:redstone":115,"minecraft:coarse_dirt":7,"minecraft:raw_iron":13,"minecraft:wither_skeleton_skull":1,"minecraft:iron_hoe":1,"minecraft:glass_pane":6,"luminousworld:beast_totem":1,"minecraft:diamond_chestplate":1,"minecraft:iron_chestplate":7,"minecraft:mossy_stone_bricks":4,"minecraft:oak_boat":1,"kawaiidishes:expresso_coffee":1,"minecraft:golden_sword":2,"minecraft:diamond_boots":1,"minecraft:stone_pickaxe":1,"minecraft:raw_gold":1,"minecraft:calcite":113,"supplementaries:candy":8},"minecraft:mined":{"minecraft:white_bed":35,"minecraft:granite":79,"minecraft:acacia_log":2,"minecraft:light_gray_bed":4,"minecraft:nether_wart":18,"minecraft:spawner":30,"minecraft:polished_blackstone_bricks":123,"minecraft:magma_block":1,"perfectplushies:red_panda_plushie":1,"minecraft:mossy_cobblestone_stairs":7,"minecraft:dark_oak_trapdoor":2,"minecraft:fire":48,"minecraft:barrel":42,"minecraft:cobbled_deepslate":32,"minecraft:deepslate_lapis_ore":22,"variantvanillablocks:spruce_chest":2,"blue_skies:spider_webbing":3,"minecraft:light_gray_concrete":1,"blue_skies:dusk_log":15,"minecraft:white_banner":1,"blue_skies:dusk_planks":2,"minecraft:player_head":1,"minecraft:tripwire":6,"minecraft:cut_sandstone":5,"minecraft:kelp_plant":1,"minecraft:smoker":2,"minecraft:crimson_nylium":49,"minecraft:deepslate_tile_slab":1,"minecraft:powder_snow":2,"burnt:shale":1,"minecraft:torch":16,"minecraft:note_block":1,"minecraft:melon":11,"minecraft:dead_bush":1,"perfectplushies:red_ruffed_lemur_plushie":1,"minecraft:smooth_quartz_slab":1,"blue_skies:maple_log":1,"minecraft:sugar_cane":5,"kawaiidishes:cheese_cake":2,"minecraft:amethyst_block":81,"minecraft:white_terracotta":6,"minecraft:chain":1,"minecraft:tinted_glass":8,"paraglider:horned_statue":1,"minecraft:jukebox":2,"burnt:burnt_stairs":1,"minecraft:grass":205,"luminousworld:grassvariant_3":22,"minecraft:smooth_basalt":45,"minecraft:stripped_crimson_stem":4,"minecraft:deepslate":366,"minecraft:dark_prismarine":2,"minecraft:mossy_cobblestone":16,"minecraft:dark_oak_log":4,"minecraft:spruce_fence":4,"minecraft:redstone_wire":4,"luminousworld:whiteoakleaves":31,"burnt:smoldering_log_broken":1,"burnt:smoldering_grass":4,"minecraft:white_concrete_powder":1,"minecraft:redstone_ore":70,"minecraft:andesite":46,"minecraft:mossy_stone_brick_stairs":1,"minecraft:vine":21,"minecraft:rail":2,"minecraft:oak_slab":2,"minecraft:redstone_block":1,"minecraft:glass_pane":13,"minecraft:red_sandstone_slab":3,"minecraft:soul_sand":2,"luphieclutteredmod:small_shelf":4,"blue_skies:starlit_log":6,"minecraft:polished_blackstone_brick_wall":24,"minecraft:dandelion":52,"minecraft:cornflower":3,"luminousworld:auburnlog":1,"minecraft:tall_grass":46,"minecraft:copper_ore":8,"burnt:burnt_log_broken":2,"minecraft:deepslate_gold_ore":52,"minecraft:diorite":32,"minecraft:purple_wool":1,"minecraft:black_stained_glass":8,"minecraft:coarse_dirt":5,"minecraft:cobblestone_wall":3,"variantvanillablocks:cherry_bookshelf":1,"minecraft:sunflower":40,"minecraft:gravel":226,"minecraft:cobweb":56,"minecraft:polished_blackstone":10,"minecraft:stone_bricks":127,"minecraft:gold_ore":38,"minecraft:fern":17,"undead_revamp2:arapholia":1,"minecraft:brewing_stand":3,"minecraft:spruce_trapdoor":6,"minecraft:budding_amethyst":21,"luminousworld:monarch_jar":1,"minecraft:cracked_polished_blackstone_bricks":31,"minecraft:white_concrete":128,"minecraft:polished_diorite":6,"minecraft:polished_blackstone_brick_slab":8,"minecraft:composter":2,"minecraft:gilded_blackstone":25,"minecraft:mossy_cobblestone_slab":1,"luphieclutteredmod:luphie_cluttered_cat_mugs":3,"minecraft:turtle_egg":2,"minecraft:green_stained_glass":2,"minecraft:pointed_dripstone":10,"minecraft:iron_bars":5,"minecraft:spruce_slab":6,"luminousworld:creepbush":10,"minecraft:deepslate_redstone_ore":122,"luminousworld:purple_petunias":1,"luphieclutteredmod:luphie_blank_paper_pile":1,"minecraft:medium_amethyst_bud":4,"minecraft:orange_terracotta":2,"luminousworld:tree_ant_trophy":1,"minecraft:jungle_stairs":7,"minecraft:mossy_cobblestone_wall":4,"burnt:smoldering_log_start":3,"minecraft:nether_quartz_ore":318,"minecraft:oak_planks":45,"minecraft:wall_torch":12,"minecraft:cauldron":1,"perfectplushies:frog_plushie":2,"minecraft:blue_terracotta":1,"minecraft:powered_rail":1,"minecraft:dark_oak_slab":2,"minecraft:warped_planks":10,"burnt:smoldering_stairs_start":1,"refurbished_furniture:light_electricity_generator":1,"minecraft:oak_log":113,"minecraft:dirt":111,"luminousworld:savannah_grass_4":1,"minecraft:quartz_stairs":4,"minecraft:dark_oak_leaves":1,"luminousworld:grassvariant_4":15,"minecraft:ladder":9,"minecraft:stone_button":1,"luminousworld:clovers_2":2,"minecraft:spruce_leaves":39,"minecraft:acacia_slab":1,"luminousworld:white_oak_plank":10,"blue_skies:dusk_leaves":8,"minecraft:hay_block":176,"luminousworld:yellow_grassflowers":2,"minecraft:polished_basalt":4,"minecraft:gold_block":39,"minecraft:peony":1,"minecraft:bookshelf":146,"minecraft:deepslate_iron_ore":19,"minecraft:stripped_oak_log":3,"luminousworld:soft_birch_log":1,"minecraft:acacia_leaves":1,"minecraft:scaffolding":62,"luminousworld:white_oak_stairs":1,"luminousworld:blueberrybush":3,"twilightforest:mangrove_sapling":2,"minecraft:stripped_dark_oak_log":8,"minecraft:basalt":2,"minecraft:polished_granite":7,"minecraft:oak_fence":15,"luminousworld:savannah_grass_1":1,"minecraft:stone_slab":2,"minecraft:deepslate_coal_ore":13,"minecraft:polished_blackstone_brick_stairs":15,"luminousworld:jar":4,"minecraft:birch_planks":3,"minecraft:black_wall_banner":14,"minecraft:white_wall_banner":2,"kawaiidishes:red_stool":4,"minecraft:black_wool":2,"minecraft:cherry_leaves":59,"minecraft:flower_pot":1,"burnt:smoldering_log":7,"minecraft:mossy_stone_bricks":10,"paraglider:goddess_statue":1,"minecraft:dark_oak_planks":8,"minecraft:stripped_warped_stem":1,"minecraft:cherry_log":130,"minecraft:jungle_leaves":35,"minecraft:carved_pumpkin":1,"minecraft:obsidian":25,"minecraft:chiseled_polished_blackstone":3,"minecraft:stone_brick_wall":3,"minecraft:jungle_log":1,"minecraft:deepslate_bricks":2,"minecraft:coal_block":82,"minecraft:crimson_fungus":1,"minecraft:hopper":16,"supplementaries:speaker_block":1,"minecraft:oxeye_daisy":2,"minecraft:chiseled_stone_bricks":2,"minecraft:potted_fern":1,"minecraft:tall_seagrass":4,"minecraft:pumpkin":97,"minecraft:moss_carpet":2,"minecraft:enchanting_table":10,"perfectplushies:panda_plushie":2,"minecraft:water_cauldron":90,"minecraft:dirt_path":6,"minecraft:oak_stairs":7,"minecraft:small_amethyst_bud":3,"minecraft:quartz_slab":4,"kawaiidishes:coffee_machine":6,"perfectplushies:dog_plushie":4,"minecraft:brown_mushroom":2,"minecraft:red_bed":4,"minecraft:amethyst_cluster":5,"minecraft:blast_furnace":3,"minecraft:polished_andesite_stairs":7,"minecraft:cyan_bed":1,"minecraft:skeleton_skull":12,"minecraft:cyan_wool":1,"minecraft:wheat":122,"minecraft:lilac":7,"minecraft:black_bed":19,"minecraft:stone_brick_stairs":9,"luminousworld:palm_log":3,"minecraft:red_mushroom_block":3,"minecraft:stonecutter":2,"minecraft:yellow_terracotta":3,"burnt:smoldering_slab":1,"perfectplushies:capybara_plushie":1,"minecraft:stripped_birch_log":1,"kawaiidishes:cappuccino_coffee":1,"luminousworld:mossbuds_1":1,"minecraft:jungle_planks":3,"minecraft:crimson_roots":17,"kawaiidishes:coffee_bush":27,"luminousworld:grassvariant_2":29,"minecraft:black_stained_glass_pane":4,"burnt:burnt_grass":4,"minecraft:acacia_wood":3,"luminousworld:mossbuds_3":6,"minecraft:potatoes":24,"blue_skies:crescent_fruit":3,"variantvanillablocks:spruce_crafting_table":2,"luminousworld:groundpebbles_2":1,"minecraft:bamboo":18,"luminousworld:clovers_3":1,"minecraft:white_wool":5,"minecraft:smithing_table":1,"minecraft:gray_concrete":5,"minecraft:cherry_planks":4,"minecraft:brown_carpet":1,"minecraft:stone_brick_slab":6,"minecraft:smooth_sandstone":5,"minecraft:emerald_ore":2,"minecraft:dried_kelp_block":44,"luminousworld:whiteoaklog":217,"minecraft:white_carpet":4,"minecraft:spruce_log":81,"minecraft:birch_leaves":20,"luminousworld:clovers_5":2,"luminousworld:ishstone":6,"minecraft:zombie_head":1,"minecraft:dripstone_block":2,"overweight_farming:seeded_peeled_melon":1,"minecraft:spruce_fence_gate":1,"perfectplushies:daniel_plushie":2,"luminousworld:elephant_grass":1,"minecraft:deepslate_emerald_ore":29,"luminousworld:white_petunias":1,"minecraft:large_amethyst_bud":3,"minecraft:spruce_planks":46,"luminousworld:yellowpetunias":3,"minecraft:cobblestone_stairs":13,"paraglider:rito_goddess_statue":10,"minecraft:grass_block":53,"luphieclutteredmod:luphie_scattered_papers":2,"minecraft:raw_iron_block":4,"minecraft:iron_ore":399,"minecraft:black_carpet":4,"minecraft:anvil":37,"minecraft:azure_bluet":1,"minecraft:dark_oak_stairs":8,"burnt:burnt_log":2,"minecraft:purple_carpet":4,"minecraft:black_candle":1,"kawaiidishes:mug":6,"luminousworld:decorative_brown_2":5,"minecraft:cyan_terracotta":3,"minecraft:blackstone":61,"luminousworld:tall_deadbush":2,"minecraft:clay":16,"minecraft:calcite":113,"minecraft:poppy":22,"minecraft:potted_warped_roots":1,"minecraft:chest":134,"luminousworld:spuds":2,"supplementaries:wild_flax":1,"minecraft:mushroom_stem":15,"minecraft:cobblestone":166,"minecraft:honeycomb_block":3,"minecraft:grindstone":1,"minecraft:iron_door":4,"minecraft:pink_petals":55,"minecraft:seagrass":7,"luminousworld:clovers_1":3,"minecraft:birch_log":143,"minecraft:birch_trapdoor":1,"minecraft:acacia_fence":1,"minecraft:sand":295,"minecraft:wither_skeleton_skull":3,"blue_skies:starlit_chest":2,"minecraft:netherrack":598,"minecraft:oak_leaves":54,"minecraft:redstone_lamp":4,"minecraft:nether_gold_ore":112,"minecraft:diamond_ore":2,"minecraft:tuff":99,"blue_skies:starlit_crafting_table":1,"minecraft:deepslate_diamond_ore":47,"minecraft:candle":1,"luminousworld:ancient_sandstonebricks":1,"perfectplushies:dumbo_blob_plushie":2,"luminousworld:mossbuds_2":5,"luminousworld:clovers_4":1,"minecraft:white_stained_glass":2,"seadwellers:aquamarine_crystal":1,"luminousworld:decorative_brown_mushroom_1":10,"luminousworld:blackberrybush":6,"minecraft:sandstone":25,"minecraft:large_fern":1,"luphieclutteredmod:luphie_plated_croissant":1,"blue_skies:crescent_fruit_leaves":2,"luminousworld:sunset_petunias":1,"minecraft:oak_trapdoor":1,"minecraft:furnace":10,"minecraft:carrots":28,"minecraft:chiseled_sandstone":4,"minecraft:stripped_spruce_log":15,"minecraft:lantern":144,"minecraft:stone":1173,"supplementaries:book_pile_horizontal":9,"burnt:burnt_dirt":3,"minecraft:crafting_table":1,"minecraft:oak_wood":5,"minecraft:rose_bush":16,"minecraft:sculk_sensor":1,"cozy_home:telescope":7,"perfectplushies:elephant_plushie":1,"minecraft:lapis_ore":42,"perfectplushies:doe_plushie":3,"minecraft:blue_bed":2,"refurbished_furniture:workbench":1,"supplementaries:urn":2,"minecraft:spruce_stairs":4,"minecraft:beehive":5,"minecraft:sweet_berry_bush":28,"minecraft:gray_bed":1,"luminousworld:white_oak_slab":1,"minecraft:coal_ore":403,"minecraft:end_rod":1,"minecraft:terracotta":69,"minecraft:polished_andesite":15,"minecraft:birch_fence":4},"minecraft:custom":{"minecraft:interact_with_crafting_table":165,"minecraft:damage_blocked_by_shield":1140,"minecraft:play_time":1631143,"minecraft:deaths":12,"minecraft:jump":33345,"minecraft:play_record":6,"minecraft:interact_with_smoker":29,"minecraft:horse_one_cm":4288,"minecraft:interact_with_anvil":20,"minecraft:inspect_hopper":4,"minecraft:tune_noteblock":27,"minecraft:time_since_rest":20236,"minecraft:swim_one_cm":479860,"minecraft:open_chest":2426,"minecraft:play_noteblock":1,"minecraft:talked_to_villager":56,"minecraft:damage_dealt_resisted":1447,"minecraft:boat_one_cm":213699,"minecraft:damage_taken":30647,"minecraft:open_barrel":506,"minecraft:bell_ring":8,"minecraft:leave_game":54,"minecraft:time_since_death":376580,"minecraft:enchant_item":41,"minecraft:interact_with_furnace":228,"minecraft:traded_with_villager":14,"minecraft:sleep_in_bed":89,"minecraft:damage_dealt":79705,"minecraft:interact_with_smithing_table":2,"minecraft:sneak_time":98980,"minecraft:interact_with_blast_furnace":27,"minecraft:total_world_time":1631143,"minecraft:interact_with_stonecutter":4,"minecraft:fly_one_cm":7624605,"minecraft:fall_one_cm":1013650,"minecraft:animals_bred":4,"minecraft:sprint_one_cm":4842881,"minecraft:drop":529,"minecraft:walk_on_water_one_cm":144348,"minecraft:interact_with_loom":2,"minecraft:crouch_one_cm":322207,"minecraft:mob_kills":408,"minecraft:climb_one_cm":127921,"minecraft:walk_one_cm":3006436,"minecraft:walk_under_water_one_cm":177135,"minecraft:pot_flower":1,"minecraft:interact_with_grindstone":4,"minecraft:damage_absorbed":554,"minecraft:trigger_trapped_chest":4},"minecraft:broken":{"minecraft:diamond_helmet":1,"minecraft:iron_pickaxe":2,"minecraft:diamond_chestplate":1,"minecraft:iron_helmet":2,"luminousworld:shellmet_helmet":1},"minecraft:used":{"minecraft:jack_o_lantern":1,"minecraft:poppy":1,"minecraft:black_carpet":1,"minecraft:stone":5,"minecraft:rotten_flesh":1,"minecraft:soul_sand":3,"minecraft:snowball":12,"minecraft:spruce_boat":3,"minecraft:lava_bucket":92,"minecraft:bow":164,"luphieclutteredmod:small_shelf":4,"minecraft:oak_sapling":1,"minecraft:cooked_cod":84,"luminousworld:tree_ant_trophy":1,"kawaiidishes:mug":1,"minecraft:mossy_stone_bricks":3,"minecraft:leather_leggings":2,"minecraft:wooden_pickaxe":7,"minecraft:blackstone":64,"minecraft:leather_chestplate":1,"minecraft:composter":2,"minecraft:golden_apple":13,"minecraft:blast_furnace":2,"minecraft:birch_fence":11,"minecraft:zombie_head":1,"minecraft:diamond_sword":709,"minecraft:birch_log":2,"minecraft:oak_boat":8,"minecraft:enchanting_table":11,"luminousworld:whiteoaklog":41,"minecraft:armor_stand":2,"minecraft:light_gray_carpet":2,"minecraft:tinted_glass":7,"refurbished_furniture:light_fridge":1,"minecraft:torch":906,"minecraft:brewing_stand":2,"luphieclutteredmod:luphie_blank_paper_pile":2,"minecraft:fern":1,"minecraft:mossy_cobblestone_stairs":4,"minecraft:music_disc_mellohi":1,"kawaiidishes:piece_of_honey_cheesecake":2,"supplementaries:speaker_block":2,"minecraft:bamboo":12,"minecraft:diamond_chestplate":3,"minecraft:basalt":2,"minecraft:cherry_log":8,"supplementaries:lapis_bricks":1,"minecraft:birch_planks":1,"luminousworld:white_oak_plank":13,"minecraft:cherry_planks":2,"minecraft:leather_boots":2,"minecraft:rail":2,"minecraft:red_bed":4,"minecraft:white_bed":33,"minecraft:spruce_log":13,"minecraft:diamond_pickaxe":5731,"minecraft:diamond_shovel":530,"luminousworld:far_lands":2,"minecraft:leather_helmet":1,"minecraft:spruce_trapdoor":4,"blue_skies:crescent_fruit":1,"minecraft:blue_carpet":1,"minecraft:pink_bed":1,"kawaiidishes:white_thigh_highs":1,"minecraft:cooked_porkchop":1,"minecraft:dandelion":1,"minecraft:diamond_leggings":7,"minecraft:cherry_sapling":6,"minecraft:grass":3,"luminousworld:decorative_brown_2":1,"paraglider:goddess_statue":1,"perfectplushies:frog_plushie":2,"minecraft:jungle_planks":2,"minecraft:obsidian":24,"blue_skies:starlit_chest":2,"minecraft:lantern":7,"supplementaries:candy":4,"minecraft:item_frame":1,"minecraft:birch_trapdoor":1,"kawaiidishes:cappuccino_coffee":2,"minecraft:gold_block":1,"luminousworld:decorative_brown_mushroom_1":4,"minecraft:end_rod":2,"kawaiidishes:latte_coffee":2,"minecraft:diamond_boots":2,"minecraft:stone_pickaxe":68,"minecraft:oak_planks":44,"blue_skies:starlit_sapling":1,"blue_skies:dusk_log":1,"luminousworld:groundpebbles_1":5,"minecraft:sugar_cane":2,"minecraft:diamond_axe":1944,"luphieclutteredmod:luphie_orange_cat_plant_pot":1,"minecraft:dark_oak_log":2,"minecraft:bread":643,"blue_skies:maple_planks":4,"perfectplushies:dumbo_blob_plushie":4,"variantvanillablocks:spruce_chest":2,"minecraft:coarse_dirt":5,"minecraft:bone_meal":241,"minecraft:rose_bush":1,"cozy_home:telescope":8,"minecraft:flint_and_steel":2,"minecraft:redstone":13,"minecraft:stone_hoe":73,"minecraft:dirt":450,"perfectplushies:cat_plushie":1,"minecraft:spruce_fence":4,"minecraft:iron_hoe":119,"blue_skies:starlit_log":1,"minecraft:oak_stairs":1,"minecraft:iron_boots":7,"blue_skies:starlit_crafting_table":3,"kawaiidishes:coffee_machine":4,"paraglider:rito_goddess_statue":2,"perfectplushies:dog_plushie":4,"minecraft:powder_snow_bucket":10,"minecraft:light_gray_bed":4,"minecraft:iron_leggings":2,"minecraft:cobblestone_stairs":4,"minecraft:baked_potato":60,"luminousworld:ishstone":6,"variantvanillablocks:oak_grindstone":2,"luphieclutteredmod:luphie_plated_croissant":1,"perfectplushies:daniel_plushie":2,"luminousworld:white_petunias":1,"variantvanillablocks:birch_crafting_table":1,"perfectplushies:red_ruffed_lemur_plushie":1,"minecraft:warped_planks":75,"minecraft:wooden_hoe":5,"minecraft:black_wool":2,"minecraft:cherry_door":1,"minecraft:jungle_stairs":5,"minecraft:stone_axe":105,"minecraft:pink_petals":104,"refurbished_furniture:workbench":2,"minecraft:spruce_slab":1,"minecraft:polished_blackstone":2,"minecraft:chest":39,"minecraft:birch_sapling":24,"blue_skies:maple_sapling":2,"minecraft:stone_brick_stairs":1,"minecraft:dark_oak_boat":1,"minecraft:sweet_berries":3,"minecraft:furnace":11,"minecraft:egg":1,"minecraft:diorite":9,"burnt:shale":1,"minecraft:stripped_birch_log":1,"luminousworld:white_oak_slab":3,"kawaiidishes:piece_of_chocolate_cheesecake":6,"minecraft:chiseled_sandstone":2,"minecraft:crying_obsidian":5,"minecraft:lilac":1,"minecraft:wooden_sword":19,"luphieclutteredmod:stripped_luphie_flowering_log":1,"luphieclutteredmod:luphie_cluttered_cat_mugs":4,"minecraft:netherrack":460,"minecraft:anvil":10,"minecraft:polished_diorite":4,"minecraft:iron_axe":42,"blue_skies:crescent_fruit_sapling":3,"undead_revamp2:huntereye":2,"minecraft:smooth_basalt":39,"perfectplushies:bear_plushie":1,"luminousworld:monarch_jar":1,"minecraft:cobbled_deepslate":166,"minecraft:pointed_dripstone":9,"minecraft:crimson_stem":1,"minecraft:water_bucket":87,"luminousworld:white_oak_stairs":1,"minecraft:polished_blackstone_bricks":56,"kawaiidishes:yellow_headband_cat_ears_black":1,"twilightforest:twilight_oak_sapling":1,"minecraft:mossy_cobblestone":1,"shieldsplus:diamond_shield":14,"minecraft:crafting_table":12,"kawaiidishes:piece_of_cheesecake":4,"minecraft:oak_log":21,"minecraft:dark_prismarine":2,"luphieclutteredmod:luphie_flowering_pink_log":1,"shieldsplus:stone_shield":18,"minecraft:iron_pickaxe":245,"minecraft:chiseled_stone_bricks":1,"perfectplushies:elephant_plushie":1,"minecraft:cobblestone":587,"luphieclutteredmod:luphie_scattered_papers":2,"minecraft:black_candle":1,"luminousworld:amethyst_disc":2,"minecraft:jukebox":3,"minecraft:candle":1,"perfectplushies:red_panda_plushie":2,"minecraft:white_concrete_powder":129,"minecraft:iron_sword":219,"minecraft:iron_chestplate":6,"shieldsplus:iron_shield":24,"minecraft:carrot":46,"minecraft:deepslate_tile_slab":1,"minecraft:tuff":3,"minecraft:milk_bucket":2,"variantvanillablocks:spruce_crafting_table":9,"minecraft:coal_ore":51,"overweight_farming:seeded_peeled_melon":1,"luminousworld:white_oak_sapling":12,"minecraft:iron_helmet":7,"minecraft:crimson_roots":8,"minecraft:stone_bricks":31,"minecraft:honeycomb_block":1,"minecraft:brown_carpet":1,"minecraft:hay_block":14,"minecraft:scaffolding":84,"minecraft:golden_boots":2,"minecraft:dark_oak_stairs":3,"minecraft:dark_oak_sign":2,"minecraft:blue_bed":1,"minecraft:black_banner":1,"minecraft:stone_brick_wall":1,"minecraft:note_block":1,"burnt:burnt_stairs":1,"minecraft:black_bed":17,"minecraft:shears":11,"perfectplushies:panda_plushie":2,"luminousworld:jar":4,"minecraft:cyan_bed":1,"minecraft:string":1,"minecraft:gravel":3,"luminousworld:palmplank":1,"minecraft:chainmail_boots":2,"minecraft:experience_bottle":10,"minecraft:oak_fence":5,"minecraft:music_disc_otherside":1,"minecraft:redstone_ore":17,"perfectplushies:doe_plushie":3,"minecraft:spruce_planks":155,"perfectplushies:capybara_plushie":3,"minecraft:spruce_stairs":1,"minecraft:diamond_helmet":3,"minecraft:oak_wood":1,"minecraft:granite":15,"minecraft:stone_brick_slab":1,"minecraft:dark_oak_planks":1,"minecraft:bookshelf":5,"kawaiidishes:coffee_fruit":10,"kawaiidishes:dark_brown_shoes":1,"minecraft:polished_blackstone_brick_stairs":2,"minecraft:golden_carrot":1,"minecraft:stone_pressure_plate":1,"minecraft:iron_ore":52,"minecraft:polished_andesite":10,"minecraft:painting":1,"minecraft:smoker":1,"minecraft:book":29,"minecraft:apple":3,"twilightforest:mangrove_sapling":2,"refurbished_furniture:light_electricity_generator":2,"minecraft:fishing_rod":5,"perfectplushies:duck_plushie":1,"minecraft:white_banner":1,"minecraft:red_banner":2,"minecraft:bucket":185,"minecraft:splash_potion":1},"minecraft:killed_by":{"minecraft:zombie":1,"minecraft:drowned":2,"enemyexpansion:sprinter":1,"minecraft:skeleton":2,"minecraft:piglin_brute":3,"minecraft:creeper":1,"minecraft:piglin":1},"minecraft:killed":{"undead_revamp2:theswarmer":6,"undead_revamp2:thepregnant":4,"undead_revamp2:thespitter":2,"luminousworld:hollow":2,"minecraft:salmon":2,"luminousworld:crab":2,"minecraft:zombie":142,"undead_revamp2:theimmortal":4,"naturalist:duck":2,"naturalist:giraffe":2,"luminousworld:black_squirrel":2,"naturalist:bear":2,"minecraft:rabbit":12,"enemyexpansion:sprinter":2,"undead_revamp2:thesomnolence":4,"seadwellers:mermorph_farmer":4,"minecraft:zombified_piglin":16,"minecraft:witch":14,"minecraft:spider":54,"naturalist:snail":2,"minecraft:bee":2,"luminousworld:miner_skeleton":2,"undead_revamp2:therod":4,"minecraft:piglin_brute":10,"minecraft:piglin":16,"sleep_tight:bedbug":2,"minecraft:zombie_villager":18,"luminousworld:frigid_skeleton":8,"undead_revamp2:thebeartamer":2,"undead_revamp2:theordure":2,"undead_revamp2:thebidyupside":2,"luminousworld:savannah_skeleton":4,"luminous_monsters:sunken":2,"naturalist:lion":4,"luminous_monsters:glacial_skeleton":2,"luminous_monsters:miner_zombie":2,"luminousworld:sunken_skeleton":2,"enemyexpansion:direwolf":6,"minecraft:drowned":22,"luminousworld:savannah_zombie":6,"blue_skies:shade_monitor":2,"minecraft:hoglin":20,"minecraft:cave_spider":6,"enemyexpansion:equestrian":4,"undead_revamp2:axestrom":6,"minecraft:skeleton":46,"minecraft:chicken":14,"luminous_monsters:miner_skeleton":2,"naturalist:snake":2,"enemyexpansion:botfly":20,"minecraft:cow":30,"undead_revamp2:thehunter":10,"naturalist:tortoise":4,"minecraft:horse":10,"luminousworld:treant":10,"undead_revamp2:thebidy":8,"enemyexpansion:scorpion":2,"undead_revamp2:the_moonflower":14,"undead_revamp2:thewolf":6,"naturalist:zebra":2,"undead_revamp2:thesmoker":6,"luminousworld:king_crab":8,"minecraft:pig":4,"minecraft:creeper":26,"naturalist:rhino":2,"luminousworld:grey_squirrel":2,"minecraft:blaze":30,"luminousworld:frigid_zombie":14,"luminousworld:deer":2,"luminousworld:sand_crab":16,"naturalist:elephant":2,"luminousworld:monarch":4,"undead_revamp2:sucker":36,"luminousworld:firefly":2,"naturalist:butterfly":2,"enemyexpansion:huntsman":2,"naturalist:sparrow":2}},"DataVersion":3465}