{"stats":{"minecraft:picked_up":{"kawaiidishes:brown_headband_fox_ears_brown":1,"minecraft:smithing_table":1,"minecraft:lead":9,"minecraft:stone_slab":6,"minecraft:enchanted_book":35,"kawaiidishes:cappuccino_coffee":13,"kawaiidishes:black_maid_dress":1,"minecraft:blue_concrete":10,"minecraft:music_disc_cat":1,"minecraft:polished_blackstone_brick_stairs":7,"minecraft:string":557,"kawaiidishes:lime_headband_bunny_ears_caramel":1,"blue_skies:frostbright_log":2,"blue_skies:starlit_sapling":1,"minecraft:pufferfish":16,"minecraft:diamond_leggings":8,"perfectplushies:dolphin_plushie":4,"kawaiidishes:cocoa_powder":53,"luphieclutteredmod:luphie_blank_paper_pile":1,"minecraft:polished_blackstone_brick_slab":14,"minecraft:jukebox":2,"minecraft:big_dripleaf":1,"luphieclutteredmod:luphie_small_cauldron_set":1,"minecraft:golden_axe":3,"kawaiidishes:coffee_machine":15,"kawaiidishes:red_stool":12,"minecraft:honeycomb_block":1,"aquamirae:esca":1,"minecraft:cauldron":311,"minecraft:brown_carpet":6,"minecraft:stone_sword":1,"minecraft:honey_bottle":77,"luphieclutteredmod:luphie_pink_slab":17,"minecraft:carved_pumpkin":5,"minecraft:end_rod":2,"supplementaries:ash":36,"supplementaries:quiver":5,"minecraft:blaze_rod":35,"minecraft:iron_bars":24,"minecraft:snowball":35,"minecraft:feather":11,"minecraft:water_bucket":20,"supplementaries:candy":4,"minecraft:dark_oak_boat":7,"twilightforest:sorting_sapling":1,"luminousworld:frost_golem_plaque":3,"minecraft:flint":97,"luminousworld:raw_venison":5,"minecraft:cherry_fence":2,"minecraft:lantern":206,"blue_skies:maple_log":1,"kawaiidishes:caramel_bunny_ears":1,"minecraft:stonecutter":5,"minecraft:dark_oak_sign":4,"minecraft:diamond_helmet":3,"minecraft:rabbit":19,"kawaiidishes:red_thigh_highs":1,"minecraft:honeycomb":14,"luminousworld:creepberries":30,"minecraft:stripped_crimson_stem":3,"minecraft:stripped_spruce_log":15,"perfectplushies:rabbit_plushie":8,"perfectplushies:capybara_plushie":1,"naturalist:duck_egg":4,"luphieclutteredmod:luphie_hanging_plant_a":2,"minecraft:iron_hoe":2,"luminousworld:beast_totem":1,"minecraft:polished_andesite":12,"minecraft:snout_armor_trim_smithing_template":1,"naturalist:antler":1,"luminousworld:yellowpetunias":15,"minecraft:lever":1,"supplementaries:bubble_blower":1,"minecraft:granite":148,"shieldsplus:iron_shield":8,"minecraft:spruce_button":2,"minecraft:golden_horse_armor":14,"minecraft:jack_o_lantern":1,"minecraft:light_gray_carpet":14,"minecraft:crimson_roots":27,"minecraft:diamond_pickaxe":10,"minecraft:bee_nest":5,"variantvanillablocks:cherry_crafting_table":1,"luminousworld:decorative_brown_2":2,"perfectplushies:june_plushie":3,"minecraft:clay_ball":68,"minecraft:leather_leggings":1,"refurbished_furniture:wrench":2,"minecraft:redstone_lamp":2,"overweight_farming:seeded_peeled_melon":1,"backpacked:backpack":2,"minecraft:cornflower":1,"blue_skies:stripped_starlit_wood":1,"minecraft:flint_and_steel":3,"minecraft:white_carpet":1,"minecraft:iron_shovel":5,"minecraft:glass_pane":77,"luminousworld:palm_log":3,"supplementaries:bomb":2,"minecraft:poppy":41,"minecraft:spruce_slab":5,"minecraft:minecart":3,"minecraft:birch_sapling":71,"minecraft:diamond_hoe":3,"minecraft:copper_ore":2,"burnt:burnt_planks":10,"naturalist:duck":3,"minecraft:stone":1675,"luminousworld:blue_petunias":1,"minecraft:music_disc_mellohi":2,"kawaiidishes:dark_brown_shoes":1,"kawaiidishes:purple_thigh_highs":1,"kawaiidishes:yellow_headband_cat_ears_black":2,"minecraft:diamond_chestplate":5,"minecraft:hay_block":689,"minecraft:polished_blackstone":2,"minecraft:rail":20,"minecraft:bone_block":32,"twilightforest:darkwood_sapling":1,"minecraft:oxeye_daisy":4,"luphieclutteredmod:luphie_sewing_table":1,"minecraft:mud_bricks":2,"supplementaries:lapis_bricks":3,"luminousworld:ishstone":14,"minecraft:fern":11,"minecraft:lily_pad":66,"minecraft:paper":3,"minecraft:apple":156,"luphieclutteredmod:luphie_brown_desk":1,"minecraft:wild_armor_trim_smithing_template":4,"minecraft:stone_pickaxe":3,"minecraft:iron_ore":48,"naturalist:bug_net":2,"minecraft:tall_grass":7,"perfectplushies:dog_plushie":14,"minecraft:gray_bed":2,"minecraft:dark_oak_stairs":4,"burnt:shale":1,"minecraft:polished_andesite_stairs":8,"shieldsplus:stone_shield":9,"minecraft:smooth_basalt":52,"minecraft:milk_bucket":5,"blue_skies:crescent_fruit_sapling":4,"minecraft:sweet_berries":113,"minecraft:red_wool":10,"minecraft:crying_obsidian":11,"minecraft:leather_helmet":8,"taxov:block_sailor":2,"minecraft:brewer_pottery_sherd":2,"minecraft:oak_wood":1,"minecraft:diamond_shovel":3,"minecraft:coal_ore":98,"minecraft:slime_ball":90,"minecraft:painting":4,"minecraft:polished_blackstone_brick_wall":3,"minecraft:lodestone":1,"minecraft:baked_potato":6,"minecraft:smooth_quartz_slab":1,"minecraft:hopper":67,"twilightforest:time_sapling":1,"minecraft:black_carpet":13,"minecraft:ender_chest":32,"seadwellers:aquamarine":13,"minecraft:gilded_blackstone":80,"minecraft:stone_brick_stairs":15,"minecraft:lapis_block":21,"minecraft:experience_bottle":6,"kawaiidishes:expresso_coffee":1,"minecraft:smooth_stone":218,"minecraft:bucket":81,"minecraft:red_dye":12,"minecraft:white_tulip":80,"minecraft:cobblestone_slab":6,"minecraft:rose_bush":24,"minecraft:iron_pickaxe":17,"minecraft:smooth_quartz":1,"kawaiidishes:piece_of_honey_cheesecake":58,"cozy_home:telescope":9,"minecraft:blue_wool":3,"minecraft:tipped_arrow":1,"variantvanillablocks:oak_fletching_table":2,"supplementaries:speaker_block":1,"minecraft:birch_trapdoor":1,"minecraft:spruce_stairs":3,"blue_skies:starlit_chest":4,"minecraft:diorite":41,"shieldsplus:diamond_shield":2,"kawaiidishes:pink_maid_dress_cat_tail_caramel":1,"minecraft:rotten_flesh":392,"luminousworld:soft_birch_log":1,"kawaiidishes:yellow_headband_cat_ears_caramel":1,"minecraft:obsidian":42,"minecraft:blaze_powder":5,"minecraft:cobblestone":4685,"minecraft:enchanting_table":14,"minecraft:pink_petals":995,"minecraft:leather_chestplate":1,"minecraft:lilac":7,"minecraft:cherry_planks":84,"minecraft:andesite":57,"minecraft:black_bed":32,"minecraft:golden_leggings":1,"kawaiidishes:light_gray_thigh_highs":2,"minecraft:potato":1389,"twilightforest:transformation_sapling":2,"perfectplushies:hummingbird_plushie":4,"supplementaries:flute":2,"minecraft:dirt":1547,"minecraft:stripped_birch_log":1,"minecraft:name_tag":9,"minecraft:glass":7,"minecraft:bone":684,"minecraft:acacia_planks":5,"perfectplushies:red_panda_plushie":7,"aquamirae:wisteria_niveis":3,"minecraft:bow":18,"minecraft:wheat_seeds":787,"minecraft:orange_tulip":1,"luminousworld:white_oak_stairs":13,"minecraft:grindstone":3,"minecraft:mossy_stone_bricks":118,"minecraft:fletching_table":1,"minecraft:bamboo":1162,"luphieclutteredmod:luphie_retro_pink_fridge":1,"minecraft:grass_block":15,"minecraft:spectral_arrow":42,"minecraft:mossy_cobblestone":16,"luminousworld:amethyst_disc":3,"minecraft:sugar":37,"minecraft:yellow_carpet":9,"twilightforest:twilight_oak_sapling":3,"luminousworld:blueberry":3,"minecraft:cracked_polished_blackstone_bricks":53,"minecraft:crossbow":4,"minecraft:bone_meal":209,"minecraft:grass":207,"minecraft:golden_apple":21,"minecraft:emerald":345,"luphieclutteredmod:luphie_cluttered_cat_mugs":3,"minecraft:netherrack":1185,"minecraft:oak_leaves":1,"burnt:burnt_stairs":4,"minecraft:splash_potion":7,"minecraft:ladder":1,"kawaiidishes:yellow_maid_dress_devil_tail_red":2,"minecraft:brown_mushroom":11,"minecraft:packed_ice":157,"minecraft:stone_brick_wall":20,"minecraft:chain":6,"minecraft:brick":36,"overweight_farming:vegetable_peels":1,"perfectplushies:robin_plushie":2,"minecraft:oak_trapdoor":1,"minecraft:moss_carpet":3,"variantvanillablocks:spruce_crafting_table":3,"minecraft:birch_fence":44,"minecraft:blackstone":223,"minecraft:blue_orchid":9,"refurbished_furniture:light_electricity_generator":1,"luminousworld:white_oak_plank":17,"minecraft:cherry_stairs":45,"minecraft:note_block":1,"minecraft:polished_blackstone_bricks":121,"luphieclutteredmod:small_shelf":6,"perfectplushies:red_ruffed_lemur_plushie":1,"minecraft:stone_pressure_plate":1,"luminousworld:white_oak_sapling":26,"luphieclutteredmod:anchorwallpaperwainscot":11,"minecraft:pink_tulip":40,"minecraft:glistering_melon_slice":2,"minecraft:black_banner":38,"minecraft:skeleton_skull":14,"minecraft:basalt":17,"minecraft:golden_carrot":14,"minecraft:magenta_banner":2,"minecraft:leather":268,"minecraft:crimson_fungus":3,"luminousworld:tree_ant_trophy":5,"minecraft:cobblestone_wall":2,"minecraft:gunpowder":12,"luphieclutteredmod:luphie_white_armchair":2,"kawaiidishes:latte_coffee":1,"minecraft:red_carpet":4,"minecraft:gray_carpet":3,"minecraft:deepslate_emerald_ore":1,"minecraft:rabbit_hide":34,"minecraft:iron_ingot":1437,"luphieclutteredmod:small_pink_shelf":2,"blue_skies:frostbright_sapling":1,"minecraft:pink_bed":6,"minecraft:nether_quartz_ore":4,"minecraft:black_candle":1,"luminousworld:clovers_1":41,"minecraft:stone_brick_slab":6,"minecraft:quartz":1038,"minecraft:dandelion":73,"minecraft:lava_bucket":12,"minecraft:amethyst_shard":61,"kawaiidishes:cheese_cake":2,"luminousworld:whiteoaklog":232,"minecraft:pumpkin_seeds":32,"minecraft:white_concrete_powder":137,"perfectplushies:duck_plushie":2,"minecraft:cherry_sapling":52,"minecraft:mossy_cobblestone_stairs":9,"kawaiidishes:brown_thigh_highs":1,"minecraft:terracotta":120,"minecraft:sunflower":36,"minecraft:seagrass":1,"minecraft:iron_chestplate":24,"minecraft:chainmail_boots":2,"minecraft:flower_pot":11,"minecraft:anvil":85,"luphieclutteredmod:luphie_flowering_purple_log":1,"minecraft:diamond_sword":9,"minecraft:oak_stairs":10,"minecraft:brewing_stand":15,"perfectplushies:frog_plushie":3,"minecraft:golden_sword":8,"minecraft:amethyst_block":160,"paraglider:goddess_statue":2,"minecraft:cooked_salmon":32,"minecraft:gold_nugget":1647,"minecraft:cobbled_deepslate":488,"luminousworld:blizzard":1,"blue_skies:starlit_crafting_table":2,"minecraft:spruce_planks":101,"twilightforest:stripped_canopy_log":1,"minecraft:netherite_upgrade_smithing_template":1,"minecraft:coal_block":83,"minecraft:melon_slice":464,"kawaiidishes:roasted_cocoa_beans":146,"minecraft:dark_oak_door":1,"minecraft:golden_helmet":1,"minecraft:beehive":12,"blue_skies:maple_sapling":2,"minecraft:composter":2,"minecraft:cherry_log":140,"minecraft:warped_planks":9,"minecraft:rabbit_foot":8,"luphieclutteredmod:luphie_pink_log":14,"undead_revamp2:cloogerribs":72,"luminousworld:grassflowers":6,"minecraft:light_gray_bed":4,"luminousworld:yellow_grassflowers":1,"blue_skies:stripped_bluebright_wood":1,"minecraft:iron_block":5,"minecraft:cyan_terracotta":6,"luminousworld:far_lands":3,"burnt:arrow_catch_block_2":6,"alexsmobs:lobster_tail":3,"minecraft:birch_log":143,"minecraft:magma_block":21,"minecraft:mossy_cobblestone_slab":2,"minecraft:iron_door":1,"minecraft:cherry_leaves":26,"perfectplushies:dumbo_blob_plushie":9,"kawaiidishes:coffee_powder":40,"minecraft:smoker":4,"supplementaries:soap":5,"minecraft:map":1,"aquamirae:fin":10,"minecraft:glowstone_dust":58,"perfectplushies:elephant_plushie":4,"minecraft:ink_sac":2,"minecraft:fermented_spider_eye":23,"minecraft:dark_oak_log":8,"minecraft:barrel":72,"minecraft:black_concrete_powder":8,"luphieclutteredmod:luphie_purple_planks":6,"minecraft:writable_book":3,"minecraft:bread":829,"alexsmobs:maggot":4,"minecraft:cherry_slab":32,"minecraft:dark_oak_fence":60,"luminousworld:groundpebbles_1":5,"minecraft:crafting_table":2,"minecraft:coarse_dirt":13,"luphieclutteredmod:luphie_pink_mini_cabinet":2,"minecraft:nether_wart":89,"shieldsplus:wooden_shield":1,"twilightforest:stripped_transformation_wood":1,"minecraft:stripped_mangrove_log":1,"aquamirae:sharp_bones":3,"minecraft:red_bed":16,"minecraft:netherite_scrap":4,"minecraft:compass":3,"minecraft:cracked_stone_bricks":127,"minecraft:deepslate_diamond_ore":1,"minecraft:music_disc_otherside":1,"minecraft:beef":78,"minecraft:cyan_wool":1,"minecraft:iron_nugget":58,"minecraft:chest":256,"minecraft:egg":2,"minecraft:sandstone":21,"luminousworld:spuds":3,"kawaiidishes:orange_maid_dress_bunny_tail_black":1,"minecraft:oak_door":1,"minecraft:spruce_fence":7,"luphieclutteredmod:purple_flower_shelf_candle":2,"minecraft:carrot":655,"minecraft:redstone":1343,"minecraft:blue_carpet":9,"luminousworld:decorative_brown_mushroom_1":8,"minecraft:cooked_cod":192,"minecraft:peony":3,"minecraft:shears":3,"aquamirae:treasure_pouch":1,"variantvanillablocks:oak_grindstone":2,"minecraft:gold_ingot":399,"blue_skies:moonstone_shard":1,"minecraft:glow_berries":21,"minecraft:white_wool":322,"minecraft:stripped_oak_log":10,"luminousworld:palmplank":8,"blue_skies:dusk_planks":10,"minecraft:red_mushroom":37,"minecraft:filled_map":2,"luphieclutteredmod:luphie_pastel_wall_bookshelf":1,"luphieclutteredmod:luphie_scattered_papers":2,"minecraft:oak_log":775,"blue_skies:snowbloom":2,"minecraft:ancient_debris":9,"minecraft:golden_boots":10,"enemyexpansion:scorpion_tail":1,"kawaiidishes:green_headband_cat_ears_black":1,"minecraft:blue_bed":2,"minecraft:white_banner":6,"minecraft:stone_bricks":209,"minecraft:kelp":12,"minecraft:cobweb":124,"kawaiidishes:coffee_fruit":107,"minecraft:glass_bottle":28,"twilightforest:mangrove_sapling":2,"minecraft:iron_sword":6,"minecraft:flowering_azalea":1,"kawaiidishes:roasted_coffee_beans":40,"luphieclutteredmod:luphie_pink_trapdoor":6,"minecraft:gravel":492,"refurbished_furniture:workbench":1,"minecraft:spruce_sapling":406,"minecraft:spruce_log":240,"perfectplushies:seal_plushie":3,"blue_skies:starlit_log":16,"minecraft:polished_diorite":8,"minecraft:stone_axe":5,"minecraft:redstone_ore":18,"minecraft:scute":5,"minecraft:diamond_axe":12,"minecraft:warped_roots":1,"minecraft:melon_seeds":2,"minecraft:stripped_dark_oak_log":10,"minecraft:crimson_nylium":11,"minecraft:pink_dye":102,"kawaiidishes:yellow_thigh_highs":2,"minecraft:ender_pearl":13,"minecraft:wheat":288,"minecraft:redstone_block":34,"minecraft:turtle_egg":4,"minecraft:potion":87,"minecraft:nether_brick":551,"aquamirae:pirate_pouch":1,"minecraft:raw_copper":875,"minecraft:iron_leggings":16,"minecraft:armor_stand":15,"blue_skies:dusk_stick":7,"minecraft:netherite_ingot":1,"minecraft:zombie_head":1,"twilightforest:rainbow_oak_sapling":1,"minecraft:oak_sign":9,"minecraft:activator_rail":12,"minecraft:tnt_minecart":2,"luphieclutteredmod:luphie_pink_planks":2,"perfectplushies:geode_plushie":1,"minecraft:calcite":211,"minecraft:iron_boots":20,"minecraft:furnace":21,"blue_skies:dusk_log":17,"minecraft:stick":656,"minecraft:oak_fence":9,"minecraft:torch":236,"minecraft:porkchop":125,"minecraft:pointed_dripstone":12,"minecraft:music_disc_pigstep":1,"luminousworld:shellmet_helmet":2,"kawaiidishes:light_blue_thigh_highs":1,"kawaiidishes:blue_headband_bunny_ears_caramel":1,"minecraft:green_wool":24,"supplementaries:altimeter":1,"minecraft:stripped_birch_wood":1,"minecraft:cod":28,"undead_revamp2:arapholia":10,"minecraft:nautilus_shell":9,"paraglider:paraglider":6,"blue_skies:crescent_fruit":22,"minecraft:magma_cream":106,"luphieclutteredmod:luphie_empty_plate":3,"perfectplushies:doe_plushie":11,"supplementaries:item_shelf":4,"paraglider:spirit_orb":176,"minecraft:tuff":140,"supplementaries:flax_seeds":2,"undead_revamp2:huntereye":21,"minecraft:wither_skeleton_skull":10,"minecraft:lapis_lazuli":1222,"minecraft:polished_granite":1,"minecraft:leather_boots":3,"kawaiidishes:piece_of_chocolate_cheesecake":13,"minecraft:raw_gold":220,"luminousworld:white_oak_slab":129,"minecraft:bell":3,"minecraft:powered_rail":6,"minecraft:oak_planks":109,"minecraft:stone_hoe":2,"kawaiidishes:mug":105,"minecraft:ghast_tear":3,"minecraft:cooked_porkchop":6,"kawaiidishes:pink_maid_dress_fox_tail_white":1,"minecraft:oak_pressure_plate":2,"minecraft:poisonous_potato":3,"minecraft:jungle_planks":2,"minecraft:sand":600,"minecraft:cyan_bed":1,"minecraft:chiseled_sandstone":2,"luminousworld:enchanted_root":1,"perfectplushies:panda_plushie":7,"minecraft:dark_prismarine":2,"cozy_home:cherry_plank":32,"perfectplushies:reindeer_plushie":1,"luminousworld:king_crab_plaque":2,"minecraft:diamond":137,"minecraft:spruce_boat":5,"minecraft:white_concrete":260,"kawaiidishes:piece_of_cheesecake":70,"minecraft:oak_sapling":44,"supplementaries:present_pink":9,"minecraft:cocoa_beans":67,"undead_revamp2:bostroxingot":13,"minecraft:fishing_rod":4,"minecraft:charcoal":4,"luminousworld:wallleaves":2,"minecraft:chicken":3,"minecraft:chest_minecart":3,"minecraft:wooden_pickaxe":1,"minecraft:gold_block":127,"kawaiidishes:green_thigh_highs":2,"minecraft:iron_axe":9,"perfectplushies:daniel_plushie":2,"minecraft:item_frame":7,"minecraft:quartz_slab":2,"kawaiidishes:honey_cookie":55,"paraglider:rito_goddess_statue":10,"minecraft:candle":2,"minecraft:mossy_cobblestone_wall":1,"minecraft:oak_boat":17,"minecraft:player_head":2,"minecraft:lectern":73,"minecraft:tinted_glass":8,"minecraft:sugar_cane":725,"minecraft:spruce_trapdoor":8,"minecraft:phantom_membrane":6,"minecraft:dark_oak_sapling":145,"kawaiidishes:piece_of_cake":29,"minecraft:raw_iron":869,"cozy_home:spruce_table":1,"perfectplushies:red_fox_plushie":3,"minecraft:copper_ingot":802,"luphieclutteredmod:luphie_purple_jar_bookshelf":2,"minecraft:stone_button":43,"luminousworld:raw_squirrel":1,"kawaiidishes:magenta_thigh_highs":1,"minecraft:iron_horse_armor":8,"minecraft:dark_oak_planks":12,"minecraft:arrow":203,"minecraft:jungle_stairs":5,"variantvanillablocks:spruce_chest":5,"minecraft:saddle":12,"paraglider:horned_statue":2,"blue_skies:dusk_leaves":4,"minecraft:air":21,"minecraft:crimson_stem":3,"minecraft:salmon":15,"kawaiidishes:blue_headband":2,"minecraft:birch_planks":50,"blue_skies:moonstone":2,"blue_skies:lunar_stick":4,"kawaiidishes:brown_shoes":7,"minecraft:cobblestone_stairs":15,"luminousworld:frigid_horn":1,"minecraft:deepslate_tile_slab":1,"naturalist:bass":1,"minecraft:smooth_sandstone":37,"luminousworld:white_petunias":2,"minecraft:acacia_sapling":17,"minecraft:soul_sand":16,"minecraft:book":1332,"minecraft:scaffolding":191,"minecraft:oak_slab":20,"luphieclutteredmod:luphie_plated_croissant":1,"minecraft:birch_boat":18,"minecraft:pumpkin":224,"minecraft:chiseled_stone_bricks":5,"perfectplushies:raccoon_plushie":5,"minecraft:raw_iron_block":4,"luminousworld:sunset_petunias":1,"burnt:burnt_dirt":14,"minecraft:blast_furnace":6,"minecraft:white_bed":63,"minecraft:spider_eye":166,"variantvanillablocks:dark_oak_crafting_table":4,"blue_skies:monitor_tail":3,"minecraft:dried_kelp_block":138,"minecraft:iron_helmet":27,"minecraft:black_wool":89,"minecraft:coal":4718},"minecraft:used":{"luphieclutteredmod:anchorwallpaperwainscot":11,"minecraft:jack_o_lantern":2,"minecraft:writable_book":1,"minecraft:dispenser":3,"minecraft:poppy":1,"minecraft:black_carpet":1,"minecraft:stone":512,"minecraft:rotten_flesh":2,"perfectplushies:lion_cub_plushie":1,"minecraft:soul_sand":5,"minecraft:snowball":15,"minecraft:spruce_boat":3,"minecraft:packed_ice":40,"minecraft:lava_bucket":101,"minecraft:bow":722,"luphieclutteredmod:small_shelf":7,"minecraft:oak_sapling":18,"minecraft:cooked_cod":85,"luminousworld:tree_ant_trophy":4,"kawaiidishes:mug":1,"minecraft:mossy_stone_bricks":3,"minecraft:leather_leggings":2,"minecraft:blackstone":139,"minecraft:leather_chestplate":1,"minecraft:wooden_pickaxe":7,"minecraft:composter":2,"minecraft:golden_apple":27,"minecraft:blast_furnace":5,"perfectplushies:robin_plushie":3,"luphieclutteredmod:luphie_brown_desk":1,"minecraft:birch_fence":12,"minecraft:zombie_head":1,"luphieclutteredmod:luphie_hanging_plant_a":2,"minecraft:oak_pressure_plate":1,"minecraft:diamond_sword":2466,"minecraft:birch_log":3,"minecraft:oak_boat":20,"minecraft:polished_blackstone_brick_slab":7,"minecraft:enchanting_table":16,"luminousworld:whiteoaklog":41,"minecraft:carved_pumpkin":1,"minecraft:armor_stand":5,"minecraft:light_gray_carpet":8,"minecraft:tinted_glass":7,"refurbished_furniture:light_fridge":1,"minecraft:torch":1720,"minecraft:brewing_stand":8,"minecraft:nether_quartz_ore":4,"luphieclutteredmod:luphie_blank_paper_pile":2,"minecraft:fern":1,"minecraft:mossy_cobblestone_stairs":6,"minecraft:music_disc_mellohi":1,"kawaiidishes:piece_of_honey_cheesecake":2,"minecraft:iron_block":1,"minecraft:jungle_log":2,"burnt:burnt_log":1,"supplementaries:speaker_block":2,"minecraft:barrel":2,"minecraft:bamboo":58,"minecraft:diamond_chestplate":11,"minecraft:basalt":15,"luminousworld:frost_golem_plaque":3,"minecraft:cherry_log":8,"minecraft:deepslate_emerald_ore":1,"minecraft:wheat_seeds":31,"villagersellanimals:crate_rabbit_cub":10,"supplementaries:lapis_bricks":1,"minecraft:birch_planks":1,"luminousworld:white_oak_plank":13,"minecraft:cherry_planks":37,"minecraft:leather_boots":2,"minecraft:rail":20,"minecraft:red_bed":15,"minecraft:white_bed":61,"minecraft:campfire":4,"minecraft:spruce_log":86,"minecraft:diamond_pickaxe":18316,"minecraft:diamond_shovel":530,"minecraft:oak_button":1,"luminousworld:far_lands":2,"minecraft:leather_helmet":1,"cozy_home:spruce_table":1,"minecraft:spruce_trapdoor":11,"minecraft:spruce_sapling":356,"blue_skies:crescent_fruit":1,"minecraft:blue_carpet":1,"minecraft:pink_bed":6,"kawaiidishes:white_thigh_highs":1,"variantvanillablocks:spruce_bookshelf":10,"minecraft:potion":17,"minecraft:cooked_porkchop":37,"minecraft:stripped_oak_log":1,"minecraft:dandelion":1,"minecraft:diamond_leggings":10,"minecraft:cherry_sapling":6,"undead_revamp2:clogggerribswithbun":46,"minecraft:nether_wart":3,"minecraft:grass":67,"luminousworld:decorative_brown_2":1,"paraglider:goddess_statue":2,"perfectplushies:frog_plushie":2,"minecraft:jungle_planks":3,"minecraft:obsidian":28,"blue_skies:starlit_chest":3,"minecraft:lantern":140,"supplementaries:candy":4,"minecraft:item_frame":1,"minecraft:deepslate_diamond_ore":1,"minecraft:birch_trapdoor":2,"kawaiidishes:cappuccino_coffee":2,"minecraft:gold_block":1,"luminousworld:decorative_brown_mushroom_1":4,"minecraft:end_rod":2,"variantvanillablocks:oak_fletching_table":16,"kawaiidishes:latte_coffee":2,"minecraft:diamond_boots":9,"minecraft:stone_pickaxe":68,"minecraft:oak_planks":495,"blue_skies:starlit_sapling":1,"blue_skies:dusk_log":1,"minecraft:sandstone":4,"luminousworld:groundpebbles_1":5,"minecraft:sugar_cane":2,"minecraft:diamond_axe":12561,"luphieclutteredmod:luphie_orange_cat_plant_pot":1,"minecraft:white_wool":16,"minecraft:lever":1,"minecraft:dark_oak_log":2,"minecraft:bread":936,"blue_skies:maple_planks":4,"perfectplushies:dumbo_blob_plushie":4,"variantvanillablocks:spruce_chest":4,"minecraft:coarse_dirt":6,"minecraft:bone_meal":295,"minecraft:netherite_sword":64,"minecraft:rose_bush":1,"cozy_home:telescope":9,"minecraft:flint_and_steel":2,"minecraft:redstone":19,"variantvanillablocks:oak_smithing_table":1,"minecraft:ender_chest":33,"minecraft:stone_hoe":73,"minecraft:dried_kelp_block":24,"minecraft:dirt":670,"perfectplushies:cat_plushie":1,"minecraft:spruce_fence":8,"minecraft:iron_hoe":119,"blue_skies:starlit_log":1,"luphieclutteredmod:luphie_purple_jar_bookshelf":2,"minecraft:oak_stairs":16,"minecraft:iron_boots":8,"blue_skies:starlit_crafting_table":3,"kawaiidishes:coffee_machine":4,"paraglider:rito_goddess_statue":2,"perfectplushies:dog_plushie":4,"perfectplushies:turtle_plushie":2,"minecraft:minecart":3,"minecraft:light_gray_bed":4,"minecraft:powder_snow_bucket":10,"minecraft:pumpkin":97,"minecraft:iron_leggings":2,"blue_skies:dusk_planks":28,"taxov:block_sailor":2,"minecraft:cobblestone_stairs":7,"minecraft:baked_potato":386,"minecraft:birch_boat":17,"luminousworld:ishstone":6,"perfectplushies:monkey_plushie":1,"variantvanillablocks:oak_grindstone":4,"luphieclutteredmod:luphie_plated_croissant":1,"perfectplushies:daniel_plushie":2,"luminousworld:white_petunias":2,"variantvanillablocks:birch_crafting_table":3,"perfectplushies:red_ruffed_lemur_plushie":1,"minecraft:warped_planks":81,"minecraft:wooden_hoe":5,"minecraft:flower_pot":2,"minecraft:black_wool":2,"minecraft:cherry_door":3,"minecraft:jungle_stairs":14,"minecraft:stone_slab":1,"minecraft:stone_axe":105,"minecraft:pink_petals":1084,"refurbished_furniture:workbench":3,"alexsmobs:animal_dictionary":3,"minecraft:spruce_slab":8,"minecraft:polished_blackstone":2,"minecraft:ladder":4,"minecraft:chest":52,"perfectplushies:snow_fox_plushie":1,"minecraft:allium":2,"minecraft:stripped_spruce_log":21,"minecraft:grass_block":3,"minecraft:birch_sapling":30,"minecraft:copper_ore":1,"blue_skies:maple_sapling":2,"minecraft:stone_brick_stairs":3,"minecraft:dark_oak_boat":1,"minecraft:sweet_berries":3,"minecraft:furnace":30,"minecraft:egg":1,"minecraft:potato":332,"minecraft:diorite":10,"burnt:shale":1,"minecraft:stripped_birch_log":1,"luminousworld:auburnlog":1,"naturalist:duck_egg":1,"minecraft:oak_leaves":1,"minecraft:sand":6,"luminousworld:white_oak_slab":3,"kawaiidishes:piece_of_chocolate_cheesecake":6,"minecraft:chiseled_sandstone":2,"minecraft:crying_obsidian":5,"minecraft:stone_button":28,"minecraft:lectern":170,"minecraft:lilac":1,"minecraft:wooden_sword":19,"luphieclutteredmod:stripped_luphie_flowering_log":1,"supplementaries:present_pink":7,"perfectplushies:june_plushie":1,"luphieclutteredmod:luphie_cluttered_cat_mugs":4,"minecraft:netherrack":949,"minecraft:stick":21,"minecraft:anvil":16,"minecraft:ancient_debris":8,"minecraft:wheat":59,"luphieclutteredmod:luphie_small_cauldron_set":1,"minecraft:polished_diorite":4,"minecraft:iron_axe":42,"minecraft:spruce_button":1,"blue_skies:crescent_fruit_sapling":5,"perfectplushies:raccoon_plushie":6,"minecraft:mud_bricks":2,"undead_revamp2:huntereye":2,"perfectplushies:tslat_plushie":1,"minecraft:smooth_basalt":39,"perfectplushies:bear_plushie":1,"minecraft:glowstone":5,"luminousworld:monarch_jar":1,"minecraft:cobbled_deepslate":166,"minecraft:pointed_dripstone":9,"minecraft:crimson_stem":1,"minecraft:water_bucket":154,"luminousworld:white_oak_stairs":1,"perfectplushies:silk_plushie":1,"minecraft:fletching_table":1,"minecraft:cracked_stone_bricks":93,"minecraft:polished_blackstone_bricks":91,"minecraft:gilded_blackstone":123,"kawaiidishes:yellow_headband_cat_ears_black":1,"twilightforest:twilight_oak_sapling":1,"minecraft:mossy_cobblestone":4,"shieldsplus:diamond_shield":16,"minecraft:oak_slab":7,"minecraft:crafting_table":54,"blue_skies:dusk_spear":3,"minecraft:dark_oak_fence_gate":2,"kawaiidishes:piece_of_cheesecake":4,"minecraft:oak_log":32,"minecraft:dark_prismarine":2,"luphieclutteredmod:luphie_flowering_pink_log":1,"shieldsplus:stone_shield":18,"minecraft:iron_pickaxe":245,"luminousworld:king_crab_plaque":2,"minecraft:crimson_nylium":2,"minecraft:chiseled_stone_bricks":1,"perfectplushies:elephant_plushie":1,"minecraft:cobblestone":1136,"luphieclutteredmod:luphie_scattered_papers":3,"minecraft:black_candle":1,"luminousworld:amethyst_disc":2,"minecraft:candle":1,"minecraft:jukebox":3,"perfectplushies:red_panda_plushie":2,"minecraft:diamond_hoe":1,"minecraft:oak_sign":5,"minecraft:white_concrete_powder":130,"minecraft:iron_sword":219,"minecraft:bell":3,"minecraft:player_head":2,"minecraft:iron_chestplate":6,"shieldsplus:iron_shield":24,"minecraft:nether_bricks":41,"minecraft:carrot":49,"minecraft:deepslate_tile_slab":1,"minecraft:tuff":3,"minecraft:axolotl_bucket":2,"minecraft:milk_bucket":2,"minecraft:glass":2,"variantvanillablocks:spruce_crafting_table":13,"minecraft:cyan_terracotta":4,"minecraft:coal_ore":136,"overweight_farming:seeded_peeled_melon":1,"minecraft:quartz_slab":7,"luminousworld:white_oak_sapling":12,"minecraft:iron_helmet":7,"minecraft:crimson_roots":8,"minecraft:stone_bricks":41,"minecraft:honeycomb_block":1,"minecraft:brown_carpet":2,"minecraft:red_carpet":5,"minecraft:redstone_lamp":2,"minecraft:magma_block":5,"minecraft:hay_block":14,"minecraft:scaffolding":89,"minecraft:gray_bed":1,"minecraft:golden_boots":2,"minecraft:dark_oak_stairs":11,"minecraft:dark_oak_sign":2,"minecraft:blue_bed":1,"taxov:pirate_axe":3,"minecraft:black_banner":3,"minecraft:stone_brick_wall":10,"minecraft:note_block":1,"burnt:burnt_stairs":1,"minecraft:black_bed":21,"minecraft:shears":321,"minecraft:redstone_torch":3,"perfectplushies:panda_plushie":2,"luminousworld:jar":4,"minecraft:string":6,"minecraft:cyan_bed":1,"minecraft:gravel":18,"luminousworld:palmplank":1,"minecraft:chainmail_boots":2,"minecraft:andesite":1,"minecraft:oak_fence":12,"minecraft:cobweb":6,"minecraft:experience_bottle":107,"minecraft:music_disc_otherside":1,"minecraft:redstone_ore":67,"perfectplushies:doe_plushie":3,"minecraft:spruce_planks":292,"perfectplushies:capybara_plushie":3,"minecraft:oak_door":4,"minecraft:cut_copper_stairs":1,"minecraft:white_carpet":2,"minecraft:hopper":5,"minecraft:spruce_stairs":17,"minecraft:cobblestone_wall":2,"minecraft:diamond_helmet":9,"minecraft:oak_wood":1,"minecraft:granite":23,"minecraft:dark_oak_planks":16,"minecraft:stone_brick_slab":4,"paraglider:horned_statue":1,"minecraft:bookshelf":27,"kawaiidishes:coffee_fruit":14,"luphieclutteredmod:purple_flower_shelf_candle":3,"kawaiidishes:dark_brown_shoes":1,"minecraft:polished_blackstone_brick_stairs":4,"minecraft:golden_carrot":31,"luminousworld:blue_petunias":1,"minecraft:stone_pressure_plate":1,"minecraft:iron_ore":96,"minecraft:polished_andesite":10,"minecraft:glass_bottle":176,"variantvanillablocks:oak_composter":1,"minecraft:copper_block":7,"minecraft:painting":4,"minecraft:book":30,"minecraft:smoker":1,"minecraft:apple":4,"minecraft:cracked_polished_blackstone_bricks":33,"minecraft:map":1,"perfectplushies:hippo_plushie":1,"twilightforest:mangrove_sapling":2,"refurbished_furniture:light_electricity_generator":2,"minecraft:fishing_rod":20,"perfectplushies:duck_plushie":1,"minecraft:white_banner":3,"minecraft:red_banner":2,"minecraft:bucket":262,"minecraft:splash_potion":3,"minecraft:smooth_stone":414},"minecraft:dropped":{"minecraft:iron_sword":2,"minecraft:porkchop":10,"minecraft:lapis_lazuli":220,"minecraft:glass_bottle":21,"minecraft:diamond":4,"minecraft:cooked_porkchop":2,"blue_skies:frostbright_sapling":2,"minecraft:dark_oak_slab":1,"minecraft:warped_roots":1,"minecraft:black_bed":4,"naturalist:bug_net":2,"blue_skies:snowbloom":1,"minecraft:cracked_stone_bricks":10,"blue_skies:dusk_leaves":1,"luminousworld:enchanted_root":1,"minecraft:emerald":26,"minecraft:gold_block":43,"minecraft:birch_fence":6,"minecraft:dark_oak_fence":1,"minecraft:gold_nugget":9,"minecraft:sand":6,"minecraft:dark_oak_planks":3,"minecraft:fishing_rod":1,"minecraft:white_wool":108,"luminousworld:clovers_1":2,"minecraft:stone_axe":2,"minecraft:lever":1,"minecraft:iron_nugget":8,"luminousworld:white_oak_plank":2,"minecraft:tinted_glass":1,"minecraft:black_carpet":6,"minecraft:wheat":49,"undead_revamp2:arapholia":3,"minecraft:rotten_flesh":214,"minecraft:oak_planks":43,"kawaiidishes:blue_headband_bunny_ears_caramel":1,"minecraft:warped_planks":2,"blue_skies:maple_sapling":2,"minecraft:rabbit_foot":2,"minecraft:coal_ore":1,"kawaiidishes:piece_of_chocolate_cheesecake":1,"minecraft:quartz_block":12,"minecraft:leather_boots":1,"minecraft:leather_leggings":1,"luminousworld:whiteoaklog":3,"minecraft:stone_brick_stairs":7,"minecraft:golden_boots":3,"minecraft:wheat_seeds":44,"blue_skies:moonstone":2,"blue_skies:crescent_fruit":5,"minecraft:golden_apple":11,"kawaiidishes:purple_thigh_highs":1,"minecraft:lava_bucket":1,"minecraft:cobweb":5,"luminousworld:raw_venison":5,"minecraft:cherry_planks":7,"minecraft:cooked_salmon":2,"minecraft:potion":23,"minecraft:oak_stairs":1,"minecraft:pumpkin":16,"minecraft:red_dye":6,"minecraft:smooth_stone":31,"shieldsplus:stone_shield":1,"minecraft:smooth_sandstone":37,"minecraft:blue_carpet":4,"twilightforest:rainbow_oak_sapling":2,"minecraft:experience_bottle":1,"minecraft:clay_ball":64,"minecraft:iron_boots":8,"minecraft:cherry_slab":12,"minecraft:name_tag":1,"minecraft:oak_sign":1,"minecraft:shears":7,"kawaiidishes:pink_maid_dress_cat_tail_caramel":1,"minecraft:diamond_sword":4,"kawaiidishes:mug":2,"minecraft:cyan_wool":1,"minecraft:flower_pot":1,"minecraft:spruce_trapdoor":2,"minecraft:peony":2,"minecraft:spruce_planks":47,"twilightforest:transformation_sapling":3,"minecraft:diamond_pickaxe":5,"minecraft:stone_bricks":3,"minecraft:barrel":5,"minecraft:bamboo":5,"minecraft:sandstone":17,"minecraft:bow":11,"minecraft:terracotta":56,"minecraft:soul_sand":3,"minecraft:candle":1,"minecraft:oak_log":162,"minecraft:dark_oak_sapling":65,"perfectplushies:dolphin_plushie":3,"minecraft:leather":6,"minecraft:red_wool":9,"minecraft:iron_horse_armor":5,"minecraft:polished_blackstone_brick_wall":2,"kawaiidishes:green_thigh_highs":1,"minecraft:cod":12,"paraglider:spirit_orb":44,"minecraft:cobblestone_stairs":7,"minecraft:cracked_polished_blackstone_bricks":6,"twilightforest:sorting_sapling":3,"minecraft:packed_ice":7,"kawaiidishes:red_thigh_highs":1,"minecraft:snowball":30,"kawaiidishes:dark_brown_shoes":1,"paraglider:paraglider":5,"minecraft:gold_ingot":37,"shieldsplus:wooden_shield":3,"burnt:burnt_dirt":3,"minecraft:cherry_stairs":28,"luminousworld:jar":1,"minecraft:pointed_dripstone":3,"minecraft:leather_chestplate":1,"minecraft:white_concrete_powder":7,"minecraft:scaffolding":138,"minecraft:polished_granite":1,"perfectplushies:dumbo_blob_plushie":1,"minecraft:stone_hoe":2,"minecraft:bread":229,"shieldsplus:diamond_shield":1,"minecraft:lilac":5,"minecraft:cherry_log":76,"minecraft:golden_axe":1,"minecraft:amethyst_block":81,"minecraft:milk_bucket":3,"minecraft:melon_slice":12,"minecraft:white_concrete":128,"minecraft:polished_blackstone_brick_slab":7,"minecraft:polished_diorite":1,"minecraft:sweet_berries":57,"minecraft:kelp":8,"minecraft:oak_trapdoor":2,"minecraft:tall_grass":2,"undead_revamp2:bostroxingot":4,"alexsmobs:lobster_tail":3,"luminousworld:white_oak_slab":6,"luminousworld:palmplank":19,"burnt:burnt_stairs":1,"minecraft:golden_leggings":1,"minecraft:oak_sapling":8,"luminousworld:crimsonbutterflyjar":1,"minecraft:spruce_log":728,"undead_revamp2:clogggerribswithbun":1,"blue_skies:dusk_sapling":1,"kawaiidishes:piece_of_cheesecake":16,"minecraft:crimson_stem":1,"minecraft:crossbow":1,"minecraft:orange_tulip":1,"minecraft:brewer_pottery_sherd":2,"minecraft:saddle":1,"kawaiidishes:magenta_thigh_highs":1,"minecraft:leather_helmet":5,"minecraft:red_carpet":3,"perfectplushies:red_ruffed_lemur_plushie":1,"minecraft:dirt":164,"supplementaries:rope":10,"minecraft:stone_button":5,"backpacked:backpack":2,"minecraft:jack_o_lantern":3,"minecraft:cherry_button":3,"minecraft:chain":8,"minecraft:phantom_membrane":6,"minecraft:bone_block":5,"minecraft:wooden_sword":1,"minecraft:bone_meal":13,"minecraft:sugar":11,"minecraft:iron_pickaxe":4,"kawaiidishes:pink_maid_dress_fox_tail_white":1,"minecraft:dark_oak_boat":1,"minecraft:blue_bed":1,"minecraft:bone":90,"minecraft:oak_door":5,"villagersellanimals:crate_rabbit_cub":2,"minecraft:nether_brick":169,"minecraft:pink_dye":3,"twilightforest:mangrove_sapling":1,"minecraft:light_gray_carpet":3,"minecraft:white_bed":4,"kawaiidishes:brown_shoes":3,"kawaiidishes:yellow_headband_cat_ears_caramel":1,"minecraft:tipped_arrow":1,"minecraft:spruce_slab":3,"minecraft:enchanted_book":5,"minecraft:iron_ingot":36,"minecraft:golden_horse_armor":3,"minecraft:feather":1,"minecraft:oak_fence":2,"minecraft:iron_helmet":6,"minecraft:cobblestone":176,"minecraft:apple":44,"kawaiidishes:green_headband_cat_ears_black":1,"minecraft:coal":104,"blue_skies:dusk_spear":1,"minecraft:polished_andesite":1,"minecraft:oxeye_daisy":1,"kawaiidishes:piece_of_honey_cheesecake":18,"minecraft:wooden_hoe":1,"minecraft:rose_bush":9,"minecraft:rabbit":4,"minecraft:diamond_helmet":2,"minecraft:iron_shovel":2,"minecraft:string":25,"minecraft:gray_carpet":1,"naturalist:duck_egg":1,"minecraft:furnace":1,"minecraft:moss_carpet":1,"burnt:burnt_planks":1,"minecraft:stone_sword":1,"minecraft:dark_oak_sign":2,"luphieclutteredmod:luphie_flowering_purple_log":1,"minecraft:diamond_hoe":1,"twilightforest:time_sapling":3,"minecraft:stone_slab":5,"kawaiidishes:brown_headband_fox_ears_brown":1,"minecraft:spruce_fence":1,"minecraft:potato":53,"supplementaries:quiver":1,"minecraft:hay_block":2,"kawaiidishes:honey_cookie":56,"minecraft:stone":350,"paraglider:rito_goddess_statue":8,"minecraft:carved_pumpkin":5,"minecraft:spider_eye":10,"kawaiidishes:piece_of_cake":3,"minecraft:birch_boat":1,"minecraft:quartz_slab":13,"supplementaries:flute":2,"minecraft:crimson_nylium":9,"minecraft:birch_planks":25,"minecraft:brown_mushroom":1,"minecraft:dark_oak_stairs":1,"minecraft:diamond_axe":5,"luminousworld:raw_squirrel":1,"luminousworld:spuds":3,"minecraft:lantern":130,"luminousworld:blueberry":3,"shieldsplus:iron_shield":4,"minecraft:cherry_trapdoor":4,"minecraft:crimson_roots":12,"minecraft:cooked_cod":9,"minecraft:seagrass":1,"blue_skies:crescent_fruit_sapling":1,"minecraft:polished_blackstone_bricks":11,"undead_revamp2:huntersackred":1,"perfectplushies:rabbit_plushie":1,"minecraft:birch_log":5,"perfectplushies:nyf_plushie":1,"minecraft:gravel":21,"minecraft:white_tulip":16,"minecraft:crimson_fungus":1,"minecraft:blackstone":38,"kawaiidishes:brown_thigh_highs":1,"minecraft:cherry_sapling":1,"minecraft:fern":1,"minecraft:diamond_shovel":3,"minecraft:carrot":104,"minecraft:chiseled_stone_bricks":3,"minecraft:rabbit_hide":6,"supplementaries:ash":5,"kawaiidishes:cappuccino_coffee":3,"minecraft:gunpowder":4,"aquamirae:esca":1,"minecraft:melon_seeds":2,"minecraft:chest":17,"minecraft:arrow":632,"minecraft:quartz":10,"minecraft:netherrack":71,"minecraft:water_bucket":3,"minecraft:mossy_cobblestone":8,"minecraft:smithing_table":1,"minecraft:diamond_leggings":3,"minecraft:lead":2,"minecraft:copper_ingot":523,"twilightforest:twilight_oak_sapling":3,"minecraft:grass_block":1,"minecraft:stick":250,"kawaiidishes:coffee_fruit":24,"minecraft:diorite":14,"minecraft:brewing_stand":1,"minecraft:torch":1,"naturalist:bass":1,"minecraft:smooth_quartz":1,"minecraft:iron_leggings":7,"minecraft:iron_axe":3,"minecraft:pink_petals":18,"minecraft:bucket":24,"minecraft:dandelion":4,"minecraft:smooth_basalt":6,"minecraft:redstone":294,"alexsmobs:maggot":4,"minecraft:coarse_dirt":7,"minecraft:raw_iron":20,"minecraft:wither_skeleton_skull":1,"minecraft:iron_hoe":1,"taxov:pirate_axe":1,"minecraft:glass_pane":6,"minecraft:filled_map":1,"luminousworld:beast_totem":1,"minecraft:black_concrete_powder":8,"minecraft:diamond_chestplate":1,"minecraft:iron_chestplate":10,"minecraft:mossy_stone_bricks":21,"minecraft:oak_boat":2,"kawaiidishes:expresso_coffee":1,"minecraft:golden_sword":4,"minecraft:diamond_boots":1,"minecraft:slime_ball":5,"minecraft:stone_pickaxe":1,"minecraft:raw_gold":1,"minecraft:calcite":113,"supplementaries:candy":8,"luphieclutteredmod:luphie_glass_jars":1},"minecraft:mined":{"variantvanillablocks:cherry_barrel":1,"minecraft:white_bed":57,"minecraft:pink_bed":2,"minecraft:granite":94,"minecraft:acacia_log":2,"variantvanillablocks:oak_composter":1,"minecraft:light_gray_bed":4,"minecraft:oak_pressure_plate":2,"minecraft:oak_wall_sign":4,"minecraft:nether_wart":36,"minecraft:spawner":70,"minecraft:polished_blackstone_bricks":187,"luphieclutteredmod:luphie_small_cauldron_set":1,"minecraft:magma_block":22,"perfectplushies:red_panda_plushie":1,"minecraft:mossy_cobblestone_stairs":9,"minecraft:dark_oak_trapdoor":3,"minecraft:cobbled_deepslate":32,"minecraft:fire":71,"minecraft:barrel":67,"minecraft:deepslate_lapis_ore":35,"minecraft:fletching_table":1,"variantvanillablocks:spruce_chest":2,"blue_skies:spider_webbing":3,"minecraft:light_gray_concrete":1,"blue_skies:dusk_log":21,"minecraft:pink_tulip":33,"minecraft:spruce_wood":5,"blue_skies:dusk_planks":6,"minecraft:white_banner":1,"luphieclutteredmod:luphie_retro_pink_fridge":1,"minecraft:player_head":1,"minecraft:tripwire":6,"minecraft:cut_sandstone":5,"minecraft:kelp_plant":1,"minecraft:crimson_nylium":123,"minecraft:smoker":3,"minecraft:deepslate_tile_slab":1,"cozy_home:spruce_table":1,"minecraft:powder_snow":20,"burnt:shale":1,"minecraft:torch":30,"minecraft:note_block":1,"minecraft:melon":11,"minecraft:dead_bush":1,"perfectplushies:red_ruffed_lemur_plushie":1,"minecraft:smooth_quartz_slab":1,"minecraft:sugar_cane":26,"blue_skies:maple_log":1,"kawaiidishes:cheese_cake":2,"minecraft:amethyst_block":81,"burnt:smoldering_planks_2":1,"minecraft:white_terracotta":7,"minecraft:chain":1,"minecraft:tinted_glass":10,"paraglider:horned_statue":2,"minecraft:jukebox":3,"burnt:burnt_stairs":1,"minecraft:grass":263,"blue_skies:crescent_fruit_sapling":2,"luminousworld:grassvariant_3":35,"minecraft:smooth_basalt":45,"minecraft:stripped_crimson_stem":4,"minecraft:deepslate":372,"minecraft:dark_prismarine":2,"minecraft:mossy_cobblestone":19,"minecraft:dark_oak_log":4,"minecraft:dark_oak_fence":1,"minecraft:spruce_fence":12,"minecraft:redstone_wire":5,"luminousworld:whiteoakleaves":31,"burnt:smoldering_log_broken":1,"minecraft:red_mushroom":1,"burnt:smoldering_grass":5,"minecraft:white_concrete_powder":1,"blue_skies:frostbright_bookshelf":1,"minecraft:redstone_ore":120,"minecraft:andesite":60,"minecraft:big_dripleaf_stem":1,"minecraft:mossy_stone_brick_stairs":1,"minecraft:vine":23,"minecraft:rail":20,"minecraft:ender_chest":33,"minecraft:birch_stairs":3,"minecraft:oak_slab":7,"minecraft:redstone_block":2,"minecraft:glass_pane":17,"minecraft:red_sandstone_slab":3,"minecraft:soul_sand":2,"luphieclutteredmod:small_shelf":6,"blue_skies:starlit_log":6,"minecraft:polished_blackstone_brick_wall":27,"minecraft:dandelion":58,"minecraft:cornflower":3,"variantvanillablocks:dark_oak_chest":1,"minecraft:campfire":2,"luminousworld:auburnlog":2,"minecraft:copper_ore":211,"minecraft:tall_grass":53,"burnt:burnt_log_broken":2,"minecraft:deepslate_gold_ore":62,"minecraft:diorite":43,"minecraft:purple_wool":1,"minecraft:black_stained_glass":9,"minecraft:coarse_dirt":6,"minecraft:cobblestone_wall":5,"variantvanillablocks:cherry_bookshelf":1,"perfectplushies:reindeer_plushie":1,"minecraft:sunflower":40,"minecraft:gravel":247,"minecraft:cobweb":430,"minecraft:polished_blackstone":14,"minecraft:stone_bricks":273,"minecraft:gold_ore":43,"minecraft:fern":17,"undead_revamp2:arapholia":1,"minecraft:brewing_stand":7,"minecraft:spruce_trapdoor":13,"luminousworld:monarch_jar":1,"minecraft:budding_amethyst":21,"minecraft:cracked_polished_blackstone_bricks":76,"minecraft:white_concrete":128,"minecraft:polished_blackstone_brick_slab":23,"minecraft:polished_diorite":10,"minecraft:composter":2,"minecraft:gilded_blackstone":178,"minecraft:mossy_cobblestone_slab":1,"luphieclutteredmod:luphie_cluttered_cat_mugs":3,"burnt:smoldering_planks_start":16,"minecraft:turtle_egg":8,"minecraft:green_stained_glass":4,"supplementaries:stick":20,"minecraft:pointed_dripstone":10,"minecraft:iron_bars":26,"minecraft:spruce_slab":14,"luminousworld:creepbush":10,"minecraft:deepslate_redstone_ore":134,"minecraft:quartz_block":1,"luphieclutteredmod:luphie_blank_paper_pile":1,"luminousworld:purple_petunias":2,"minecraft:medium_amethyst_bud":4,"minecraft:orange_terracotta":2,"luminousworld:tree_ant_trophy":4,"luphieclutteredmod:luphie_brown_desk":1,"minecraft:jungle_stairs":16,"minecraft:mossy_cobblestone_wall":4,"burnt:smoldering_log_start":4,"minecraft:nether_quartz_ore":589,"minecraft:oak_planks":341,"minecraft:wall_torch":24,"minecraft:cauldron":1,"perfectplushies:frog_plushie":2,"minecraft:blue_terracotta":1,"minecraft:powered_rail":1,"minecraft:dark_oak_slab":3,"minecraft:warped_planks":16,"aquamirae:wisteria_niveis":1,"burnt:smoldering_stairs_start":1,"refurbished_furniture:light_electricity_generator":1,"minecraft:oak_log":2771,"minecraft:dirt":198,"minecraft:ancient_debris":9,"luminousworld:savannah_grass_4":1,"minecraft:quartz_stairs":4,"minecraft:dark_oak_leaves":4,"luminousworld:grassvariant_4":41,"twilightforest:mangrove_root":1,"minecraft:glow_lichen":1,"minecraft:ladder":11,"minecraft:stone_button":1,"minecraft:decorated_pot":1,"luminousworld:clovers_2":3,"minecraft:spruce_leaves":165,"minecraft:acacia_slab":1,"luminousworld:white_oak_plank":10,"blue_skies:dusk_leaves":8,"minecraft:hay_block":176,"luminousworld:yellow_grassflowers":2,"minecraft:polished_basalt":4,"minecraft:peony":1,"minecraft:gold_block":68,"minecraft:bookshelf":180,"minecraft:deepslate_iron_ore":36,"minecraft:stripped_oak_log":181,"variantvanillablocks:oak_grindstone":1,"luminousworld:soft_birch_log":1,"minecraft:acacia_leaves":1,"minecraft:scaffolding":67,"luminousworld:white_oak_stairs":1,"luminousworld:blueberrybush":4,"twilightforest:mangrove_sapling":2,"minecraft:stripped_dark_oak_log":9,"minecraft:basalt":15,"minecraft:polished_granite":7,"minecraft:oak_fence":25,"taxov:block_sailor":1,"luminousworld:savannah_grass_1":1,"luphieclutteredmod:anchorwallpaperwainscot":9,"minecraft:stone_slab":3,"minecraft:deepslate_coal_ore":34,"minecraft:polished_blackstone_brick_stairs":24,"perfectplushies:june_plushie":3,"luminousworld:jar":4,"minecraft:birch_planks":3,"minecraft:black_wall_banner":14,"minecraft:ice":2,"minecraft:white_wall_banner":2,"minecraft:bee_nest":5,"kawaiidishes:red_stool":5,"minecraft:black_wool":2,"luphieclutteredmod:luphie_hanging_plant_a":4,"minecraft:cherry_leaves":61,"minecraft:flower_pot":1,"burnt:smoldering_log":10,"minecraft:cracked_stone_bricks":18,"minecraft:mossy_stone_bricks":36,"paraglider:goddess_statue":2,"minecraft:dark_oak_planks":25,"minecraft:stripped_warped_stem":1,"minecraft:cherry_log":133,"minecraft:jungle_leaves":41,"blue_skies:moonstone":1,"minecraft:obsidian":25,"minecraft:carved_pumpkin":8,"minecraft:chiseled_polished_blackstone":4,"minecraft:stone_brick_wall":22,"minecraft:yellow_carpet":6,"minecraft:jungle_log":3,"minecraft:coal_block":84,"minecraft:deepslate_bricks":2,"minecraft:hopper":16,"minecraft:crimson_fungus":1,"supplementaries:speaker_block":2,"minecraft:oxeye_daisy":3,"minecraft:chiseled_stone_bricks":6,"minecraft:potted_fern":1,"minecraft:tall_seagrass":5,"minecraft:moss_carpet":2,"minecraft:pumpkin":105,"minecraft:enchanting_table":14,"minecraft:oak_sign":1,"minecraft:cave_vines":1,"perfectplushies:panda_plushie":2,"minecraft:water_cauldron":90,"minecraft:dirt_path":15,"minecraft:small_amethyst_bud":3,"minecraft:oak_stairs":25,"minecraft:quartz_slab":6,"minecraft:iron_block":1,"kawaiidishes:coffee_machine":11,"burnt:smoldering_planks_3":3,"perfectplushies:dog_plushie":4,"minecraft:brown_mushroom":3,"minecraft:red_bed":15,"minecraft:amethyst_cluster":5,"minecraft:blast_furnace":6,"minecraft:polished_andesite_stairs":7,"minecraft:glass":2,"minecraft:cyan_bed":1,"minecraft:skeleton_skull":12,"minecraft:cyan_wool":1,"minecraft:wheat":153,"minecraft:lilac":7,"minecraft:black_bed":25,"minecraft:potted_poppy":1,"minecraft:stone_brick_stairs":22,"luminousworld:palm_log":3,"minecraft:red_mushroom_block":6,"minecraft:stonecutter":2,"minecraft:yellow_terracotta":3,"burnt:smoldering_slab":1,"perfectplushies:capybara_plushie":1,"minecraft:stripped_birch_log":1,"minecraft:jack_o_lantern":2,"luphieclutteredmod:luphie_sewing_table":1,"kawaiidishes:cappuccino_coffee":1,"luminousworld:mossbuds_1":1,"perfectplushies:robin_plushie":3,"minecraft:jungle_planks":6,"minecraft:crimson_roots":22,"kawaiidishes:coffee_bush":30,"burnt:smoldering_log_2":2,"luminousworld:grassvariant_2":49,"minecraft:black_stained_glass_pane":4,"burnt:burnt_grass":6,"minecraft:acacia_wood":3,"luminousworld:mossbuds_3":6,"minecraft:potatoes":24,"blue_skies:crescent_fruit":17,"variantvanillablocks:spruce_crafting_table":2,"luminousworld:groundpebbles_2":1,"minecraft:bamboo":72,"luminousworld:clovers_3":1,"minecraft:white_wool":186,"minecraft:smithing_table":1,"minecraft:light_gray_carpet":7,"minecraft:gray_concrete":5,"minecraft:cherry_planks":17,"minecraft:hanging_roots":1,"minecraft:brown_carpet":1,"minecraft:stone_brick_slab":9,"minecraft:smooth_sandstone":5,"minecraft:emerald_ore":3,"minecraft:dried_kelp_block":50,"luminousworld:whiteoaklog":217,"minecraft:white_carpet":14,"minecraft:spruce_log":6563,"minecraft:birch_leaves":31,"variantvanillablocks:cherry_chest":1,"perfectplushies:raccoon_plushie":5,"luminousworld:clovers_5":2,"luminousworld:ishstone":19,"minecraft:zombie_head":1,"minecraft:dripstone_block":2,"overweight_farming:seeded_peeled_melon":1,"minecraft:spruce_fence_gate":1,"perfectplushies:daniel_plushie":2,"luminousworld:elephant_grass":1,"minecraft:deepslate_emerald_ore":36,"luminousworld:white_petunias":1,"minecraft:large_amethyst_bud":3,"minecraft:spruce_planks":92,"luminousworld:yellowpetunias":3,"minecraft:cobblestone_stairs":19,"paraglider:rito_goddess_statue":10,"burnt:smoldering_planks":3,"minecraft:cave_vines_plant":1,"minecraft:grass_block":102,"luphieclutteredmod:luphie_scattered_papers":3,"minecraft:mud_bricks":2,"minecraft:smooth_stone":185,"minecraft:raw_iron_block":6,"minecraft:glowstone":6,"minecraft:iron_ore":984,"minecraft:black_carpet":4,"minecraft:anvil":40,"luphieclutteredmod:purple_flower_shelf_candle":2,"minecraft:azure_bluet":1,"minecraft:dark_oak_stairs":17,"burnt:burnt_log":3,"minecraft:purple_carpet":4,"minecraft:black_candle":1,"kawaiidishes:mug":6,"luminousworld:decorative_brown_2":5,"minecraft:cyan_terracotta":7,"minecraft:blackstone":203,"luminousworld:tall_deadbush":2,"minecraft:clay":17,"minecraft:calcite":113,"minecraft:poppy":22,"minecraft:potted_warped_roots":1,"minecraft:chest":149,"luminousworld:spuds":2,"supplementaries:wild_flax":1,"minecraft:mushroom_stem":15,"minecraft:cobblestone":387,"minecraft:honeycomb_block":3,"minecraft:grindstone":1,"minecraft:iron_door":6,"minecraft:deepslate_copper_ore":5,"minecraft:pink_petals":72,"minecraft:seagrass":7,"luminousworld:clovers_1":3,"minecraft:birch_log":411,"minecraft:birch_trapdoor":2,"burnt:burnt_slab":1,"minecraft:acacia_fence":1,"minecraft:sand":304,"minecraft:wither_skeleton_skull":3,"blue_skies:starlit_chest":2,"minecraft:netherrack":6838,"minecraft:oak_leaves":208,"minecraft:redstone_lamp":6,"minecraft:nether_gold_ore":202,"minecraft:diamond_ore":2,"minecraft:red_carpet":4,"minecraft:tuff":99,"blue_skies:starlit_crafting_table":1,"burnt:burnt_planks":11,"minecraft:blackstone_wall":1,"minecraft:deepslate_diamond_ore":57,"minecraft:candle":1,"minecraft:oak_door":1,"luminousworld:ancient_sandstonebricks":1,"perfectplushies:dumbo_blob_plushie":2,"luminousworld:mossbuds_2":6,"luminousworld:clovers_4":1,"minecraft:white_stained_glass":3,"seadwellers:aquamarine_crystal":2,"luminousworld:decorative_brown_mushroom_1":10,"luminousworld:blackberrybush":6,"minecraft:sandstone":86,"minecraft:large_fern":11,"luphieclutteredmod:luphie_plated_croissant":1,"blue_skies:crescent_fruit_leaves":5,"luminousworld:sunset_petunias":2,"minecraft:oak_trapdoor":4,"minecraft:spruce_sapling":3,"minecraft:furnace":11,"minecraft:carrots":28,"minecraft:chiseled_sandstone":4,"minecraft:dark_oak_fence_gate":2,"minecraft:stripped_spruce_log":42,"variantvanillablocks:spruce_bookshelf":10,"minecraft:bell":3,"minecraft:lantern":149,"minecraft:packed_ice":165,"minecraft:white_tulip":43,"minecraft:stone":2981,"minecraft:podzol":5,"supplementaries:book_pile_horizontal":10,"burnt:burnt_dirt":3,"minecraft:crafting_table":3,"minecraft:oak_wood":5,"minecraft:rose_bush":16,"minecraft:sculk_sensor":1,"cozy_home:telescope":8,"minecraft:lectern":169,"perfectplushies:elephant_plushie":1,"minecraft:lapis_ore":42,"supplementaries:present_pink":9,"perfectplushies:doe_plushie":4,"minecraft:blue_bed":2,"refurbished_furniture:workbench":2,"supplementaries:urn":2,"minecraft:spruce_stairs":19,"luminousworld:king_crab_plaque":1,"minecraft:beehive":5,"minecraft:sweet_berry_bush":28,"minecraft:gray_bed":2,"luminousworld:white_oak_slab":1,"variantvanillablocks:oak_fletching_table":14,"luminousworld:frost_golem_plaque":2,"minecraft:coal_ore":1872,"minecraft:end_rod":1,"minecraft:terracotta":69,"minecraft:polished_andesite":16,"minecraft:birch_fence":4},"minecraft:crafted":{"blue_skies:starlit_crafting_table":1,"minecraft:blaze_powder":40,"minecraft:birch_boat":3,"minecraft:diamond_shovel":3,"minecraft:nether_brick":64,"paraglider:deku_leaf":1,"blue_skies:maple_planks":4,"minecraft:diamond_helmet":7,"taxov:armor_captain_helmet":1,"minecraft:tipped_arrow":185,"supplementaries:key":1,"luphieclutteredmod:luphie_cluttered_cat_mugs":1,"minecraft:lectern":2,"minecraft:wooden_hoe":1,"minecraft:stone_slab":12,"minecraft:netherite_ingot":2,"naturalist:bug_net":1,"minecraft:golden_carrot":21,"minecraft:jukebox":1,"minecraft:spyglass":1,"minecraft:experience_bottle":95,"minecraft:jack_o_lantern":2,"minecraft:lantern":496,"refurbished_furniture:workbench":1,"luminousworld:white_oak_plank":8,"minecraft:stone_pickaxe":2,"minecraft:quartz_slab":18,"shieldsplus:stone_shield":1,"minecraft:spruce_boat":1,"minecraft:enchanting_table":2,"minecraft:red_carpet":3,"minecraft:enchanted_book":312,"minecraft:orange_dye":18,"supplementaries:speaker_block":1,"luphieclutteredmod:luphie_blank_paper_pile":1,"minecraft:chainmail_boots":1,"minecraft:birch_trapdoor":2,"minecraft:writable_book":1,"minecraft:iron_shovel":1,"taxov:armor_captain_chestplate":1,"minecraft:cobblestone_slab":6,"villagersellanimals:crate_rabbit_cub":12,"minecraft:cherry_slab":6,"minecraft:stone":1252,"perfectplushies:dolphin_plushie":1,"minecraft:warped_planks":68,"minecraft:bow":18,"minecraft:chest":7,"minecraft:oak_button":1,"minecraft:copper_block":110,"variantvanillablocks:oak_grindstone":2,"minecraft:rail":16,"minecraft:birch_button":64,"minecraft:ender_eye":4,"undead_revamp2:huntersackred":1,"minecraft:cherry_fence":9,"minecraft:arrow":1064,"minecraft:iron_helmet":1,"minecraft:cherry_button":3,"minecraft:red_wool":2,"kawaiidishes:honey_cookie":56,"minecraft:dispenser":3,"minecraft:yellow_dye":34,"minecraft:stick":69218,"minecraft:iron_ingot":928,"shieldsplus:diamond_shield":3,"minecraft:oak_door":9,"minecraft:fishing_rod":2,"minecraft:spruce_button":64,"minecraft:furnace":26,"minecraft:blast_furnace":3,"minecraft:piston":1,"minecraft:flint_and_steel":2,"minecraft:scaffolding":12,"minecraft:netherite_chestplate":2,"minecraft:white_concrete_powder":256,"minecraft:orange_terracotta":8,"backpacked:backpack":2,"shieldsplus:wooden_shield":6,"paraglider:paraglider":2,"minecraft:iron_sword":2,"minecraft:cooked_salmon":2,"luphieclutteredmod:luphie_orange_cat_plant_pot":1,"minecraft:white_dye":32,"minecraft:stonecutter":1,"minecraft:anvil":3,"minecraft:torch":1192,"minecraft:diamond_chestplate":4,"minecraft:ender_chest":2,"minecraft:smooth_stone":1035,"variantvanillablocks:spruce_bookshelf":10,"minecraft:lever":1,"supplementaries:lapis_bricks":1,"variantvanillablocks:oak_fletching_table":2,"minecraft:bookshelf":29,"minecraft:quartz_block":76,"minecraft:glass":1386,"minecraft:diamond_leggings":1,"supplementaries:altimeter":1,"blue_skies:dusk_stick":4,"luphieclutteredmod:small_shelf":5,"luphieclutteredmod:luphie_glass_jars":1,"supplementaries:flute":5,"villagersellanimals:crate_chick":1,"luminousworld:palmplank":12,"minecraft:glass_bottle":168,"minecraft:emerald":2172,"minecraft:cooked_porkchop":54,"minecraft:diamond_axe":5,"minecraft:copper_ingot":851,"minecraft:campfire":6,"luphieclutteredmod:luphie_cardboard_box_closed":1,"minecraft:iron_block":203,"minecraft:gold_ingot":542,"minecraft:cut_copper_stairs":4,"minecraft:bone_meal":795,"minecraft:pink_dye":64,"minecraft:white_carpet":3,"minecraft:cherry_trapdoor":4,"variantvanillablocks:oak_composter":1,"minecraft:ender_pearl":7,"minecraft:diamond_boots":5,"variantvanillablocks:birch_crafting_table":3,"minecraft:redstone_block":36,"minecraft:dark_oak_planks":20,"minecraft:allium":2,"minecraft:wheat":2005,"minecraft:coal_block":305,"minecraft:crossbow":16,"supplementaries:present":2,"minecraft:glowstone":8,"blue_skies:dusk_spear":2,"kawaiidishes:sweet_berry_cookie":64,"minecraft:golden_apple":13,"supplementaries:bubble_blower":1,"minecraft:iron_leggings":3,"minecraft:white_bed":6,"blue_skies:starlit_planks":20,"blue_skies:starlit_chest":2,"minecraft:oak_planks":11188,"perfectplushies:raccoon_plushie":1,"luminousworld:jar":18,"minecraft:iron_boots":5,"luphieclutteredmod:luphie_scattered_papers":1,"supplementaries:present_pink":2,"minecraft:netherite_upgrade_smithing_template":6,"cozy_home:telescope":1,"refurbished_furniture:light_electricity_generator":1,"supplementaries:candy":8,"minecraft:oak_slab":30,"variantvanillablocks:spruce_crafting_table":12,"blue_skies:dusk_planks":24,"minecraft:crafting_table":53,"minecraft:spruce_planks":23340,"minecraft:wooden_pickaxe":1,"minecraft:baked_potato":729,"minecraft:gold_block":4,"undead_revamp2:clogggerribswithbun":72,"minecraft:brewing_stand":2,"minecraft:birch_planks":1340,"taxov:pirate_axe":1,"minecraft:iron_chestplate":5,"minecraft:paper":120,"refurbished_furniture:light_fridge":1,"minecraft:diamond_pickaxe":14,"minecraft:birch_fence":6,"minecraft:redstone_torch":3,"minecraft:shears":8,"luphieclutteredmod:purple_flower_shelf_candle":1,"minecraft:cherry_planks":36,"minecraft:wooden_sword":1,"minecraft:raw_iron":36,"minecraft:redstone":24,"minecraft:coal":800,"variantvanillablocks:spruce_chest":4,"luminousworld:white_oak_slab":3,"minecraft:netherite_leggings":2,"minecraft:iron_axe":1,"minecraft:iron_hoe":1,"minecraft:netherite_scrap":7,"minecraft:minecart":1,"minecraft:observer":2,"minecraft:cooked_beef":15,"minecraft:sugar":42,"minecraft:red_dye":22,"minecraft:cooked_cod":5,"minecraft:diamond_sword":5,"shieldsplus:iron_shield":2,"minecraft:nether_bricks":85,"minecraft:bucket":3,"minecraft:stone_axe":1,"minecraft:air":0,"minecraft:bread":737,"variantvanillablocks:oak_smithing_table":1,"refurbished_furniture:wrench":1,"cozy_home:cherry_plank":16,"minecraft:oak_boat":8,"minecraft:white_wool":51,"minecraft:gold_nugget":324,"taxov:armor_captain_boots":6,"minecraft:lapis_lazuli":189,"minecraft:lapis_block":21},"minecraft:killed_by":{"minecraft:zombie":1,"minecraft:drowned":2,"enemyexpansion:sprinter":1,"minecraft:skeleton":2,"minecraft:piglin_brute":3,"minecraft:creeper":1,"minecraft:piglin":1},"minecraft:killed":{"undead_revamp2:theswarmer":12,"undead_revamp2:deadclogger":6,"undead_revamp2:thepregnant":6,"undead_revamp2:thespitter":6,"luminousworld:hollow":2,"minecraft:salmon":2,"luminousworld:crab":2,"minecraft:pillager":26,"minecraft:zombie":320,"undead_revamp2:theimmortal":4,"minecraft:vindicator":6,"naturalist:duck":6,"naturalist:giraffe":2,"luminousworld:black_squirrel":2,"naturalist:bear":2,"minecraft:rabbit":24,"enemyexpansion:sprinter":10,"undead_revamp2:thesomnolence":36,"seadwellers:mermorph_farmer":4,"minecraft:zombified_piglin":34,"minecraft:witch":14,"minecraft:spider":122,"naturalist:snail":2,"minecraft:bee":12,"luminousworld:miner_skeleton":4,"undead_revamp2:therod":14,"minecraft:piglin_brute":42,"minecraft:piglin":96,"sleep_tight:bedbug":4,"enemyexpansion:ladybug":2,"minecraft:zombie_villager":32,"luminousworld:frigid_skeleton":12,"undead_revamp2:thebeartamer":4,"undead_revamp2:theordure":2,"undead_revamp2:thebidyupside":2,"minecraft:trader_llama":4,"luminousworld:savannah_skeleton":4,"luminous_monsters:sunken":2,"naturalist:lion":4,"luminous_monsters:glacial_skeleton":2,"luminous_monsters:miner_zombie":2,"luminousworld:sunken_skeleton":6,"enemyexpansion:direwolf":30,"minecraft:drowned":78,"luminousworld:savannah_zombie":6,"blue_skies:shade_monitor":2,"aquamirae:maw":14,"minecraft:hoglin":56,"minecraft:squid":2,"creeperoverhaul:ocean_creeper":10,"minecraft:villager":2,"alexsmobs:lobster":2,"minecraft:cave_spider":86,"luminousworld:frost_golem":6,"enemyexpansion:equestrian":12,"undead_revamp2:clogger":6,"undead_revamp2:axestrom":6,"minecraft:skeleton":90,"minecraft:chicken":16,"luminous_monsters:miner_skeleton":2,"minecraft:magma_cube":72,"minecraft_earth_mobs:sooty_pig":2,"naturalist:snake":2,"enemyexpansion:botfly":64,"minecraft:cow":42,"undead_revamp2:thehunter":28,"naturalist:tortoise":8,"minecraft:zoglin":4,"minecraft:horse":10,"luminousworld:treant":10,"undead_revamp2:thebidy":10,"enemyexpansion:scorpion":2,"undead_revamp2:the_moonflower":30,"minecraft:wandering_trader":2,"minecraft:enderman":6,"undead_revamp2:thewolf":18,"naturalist:zebra":2,"undead_revamp2:thesmoker":14,"luminousworld:king_crab":8,"minecraft:pig":34,"minecraft:creeper":88,"naturalist:rhino":2,"luminousworld:grey_squirrel":2,"undead_revamp2:theskeeper":8,"alexsmobs:fly":4,"luminousworld:dark_oak_zombie":4,"minecraft:blaze":68,"enemyexpansion:wasp":2,"luminousworld:frigid_zombie":24,"luminousworld:deer":4,"luminousworld:sand_crab":16,"naturalist:elephant":2,"naturalist:bass":2,"luminousworld:monarch":6,"undead_revamp2:thehorrors":2,"undead_revamp2:sucker":58,"luminousworld:firefly":2,"naturalist:butterfly":2,"creeperoverhaul:spruce_creeper":2,"aquamirae:anglerfish":2,"enemyexpansion:huntsman":6,"naturalist:sparrow":2},"minecraft:custom":{"minecraft:interact_with_crafting_table":347,"minecraft:damage_blocked_by_shield":1235,"minecraft:play_time":3369543,"minecraft:deaths":12,"minecraft:jump":59349,"minecraft:play_record":6,"minecraft:interact_with_smoker":48,"minecraft:inspect_dispenser":38,"minecraft:horse_one_cm":4288,"minecraft:interact_with_anvil":99,"minecraft:inspect_hopper":52,"minecraft:tune_noteblock":28,"minecraft:time_since_rest":23973,"minecraft:swim_one_cm":918133,"minecraft:open_chest":4890,"minecraft:damage_resisted":36,"minecraft:play_noteblock":1,"minecraft:talked_to_villager":1428,"minecraft:interact_with_brewingstand":144,"minecraft:damage_dealt_resisted":2390,"minecraft:boat_one_cm":254202,"minecraft:damage_taken":48050,"minecraft:open_barrel":761,"minecraft:bell_ring":23,"minecraft:leave_game":91,"minecraft:time_since_death":2114980,"minecraft:enchant_item":97,"minecraft:interact_with_furnace":802,"minecraft:traded_with_villager":3619,"minecraft:sleep_in_bed":177,"minecraft:damage_dealt":180882,"minecraft:interact_with_smithing_table":14,"minecraft:sneak_time":194210,"minecraft:interact_with_lectern":1,"minecraft:interact_with_blast_furnace":43,"minecraft:total_world_time":3369543,"minecraft:interact_with_stonecutter":8,"minecraft:fly_one_cm":12843000,"minecraft:fall_one_cm":1531164,"minecraft:fish_caught":10,"minecraft:animals_bred":7,"minecraft:sprint_one_cm":8640867,"minecraft:drop":1003,"minecraft:walk_on_water_one_cm":289312,"minecraft:interact_with_loom":2,"minecraft:open_enderchest":126,"minecraft:player_kills":1,"minecraft:crouch_one_cm":616836,"minecraft:mob_kills":1071,"minecraft:climb_one_cm":230849,"minecraft:walk_one_cm":6297554,"minecraft:walk_under_water_one_cm":321532,"minecraft:raid_trigger":1,"minecraft:pot_flower":2,"minecraft:interact_with_grindstone":68,"minecraft:damage_absorbed":1146,"minecraft:trigger_trapped_chest":4},"minecraft:broken":{"minecraft:diamond_helmet":2,"minecraft:iron_pickaxe":2,"minecraft:diamond_chestplate":1,"minecraft:bow":1,"minecraft:iron_helmet":2,"luminousworld:shellmet_helmet":1}},"DataVersion":3465}