{"stats":{"minecraft:custom":{"minecraft:interact_with_crafting_table":53,"minecraft:open_barrel":63,"minecraft:bell_ring":8,"minecraft:leave_game":5,"minecraft:time_since_death":122699,"minecraft:sprint_one_cm":771839,"minecraft:damage_blocked_by_shield":280,"minecraft:drop":127,"minecraft:play_noteblock":1,"minecraft:talked_to_villager":20,"minecraft:play_time":273414,"minecraft:deaths":3,"minecraft:jump":5353,"minecraft:walk_on_water_one_cm":28498,"minecraft:interact_with_furnace":79,"minecraft:sleep_in_bed":20,"minecraft:damage_dealt":12642,"minecraft:crouch_one_cm":22291,"minecraft:interact_with_smoker":5,"minecraft:horse_one_cm":4288,"minecraft:mob_kills":55,"minecraft:inspect_hopper":3,"minecraft:climb_one_cm":20212,"minecraft:walk_one_cm":608650,"minecraft:sneak_time":8216,"minecraft:walk_under_water_one_cm":34938,"minecraft:boat_one_cm":213699,"minecraft:interact_with_blast_furnace":3,"minecraft:total_world_time":273414,"minecraft:tune_noteblock":27,"minecraft:interact_with_stonecutter":3,"minecraft:time_since_rest":3848,"minecraft:damage_taken":5045,"minecraft:swim_one_cm":152078,"minecraft:fly_one_cm":1122018,"minecraft:open_chest":331,"minecraft:fall_one_cm":166471},"minecraft:dropped":{"minecraft:birch_planks":3,"minecraft:diamond_axe":1,"minecraft:diamond":1,"minecraft:dark_oak_sapling":64,"minecraft:cooked_porkchop":2,"perfectplushies:dolphin_plushie":1,"minecraft:iron_horse_armor":4,"minecraft:saddle":1,"luminousworld:blueberry":3,"minecraft:leather_helmet":2,"minecraft:emerald":14,"shieldsplus:iron_shield":1,"minecraft:sugar":11,"minecraft:iron_pickaxe":1,"perfectplushies:rabbit_plushie":1,"minecraft:dark_oak_boat":1,"minecraft:blue_bed":1,"shieldsplus:wooden_shield":3,"minecraft:stone_axe":1,"minecraft:black_carpet":6,"minecraft:cherry_sapling":1,"minecraft:rotten_flesh":8,"minecraft:diamond_shovel":1,"minecraft:light_gray_carpet":3,"minecraft:carrot":36,"minecraft:leather_chestplate":1,"kawaiidishes:cappuccino_coffee":3,"kawaiidishes:piece_of_chocolate_cheesecake":1,"minecraft:leather_boots":1,"minecraft:leather_leggings":1,"perfectplushies:dumbo_blob_plushie":1,"minecraft:bread":68,"minecraft:stone_hoe":2,"minecraft:wheat_seeds":5,"minecraft:iron_helmet":1,"minecraft:cobblestone":51,"minecraft:apple":4,"minecraft:coal":32,"minecraft:stick":13,"kawaiidishes:piece_of_honey_cheesecake":18,"minecraft:milk_bucket":1,"luminousworld:raw_venison":3,"minecraft:wooden_hoe":1,"minecraft:rabbit":1,"minecraft:iron_leggings":1,"minecraft:blue_carpet":4,"minecraft:bucket":4,"minecraft:gray_carpet":1,"minecraft:dandelion":4,"naturalist:duck_egg":1,"minecraft:furnace":1,"minecraft:moss_carpet":1,"minecraft:sweet_berries":4,"minecraft:coarse_dirt":7,"minecraft:stone_sword":1,"minecraft:raw_iron":1,"minecraft:experience_bottle":1,"minecraft:wither_skeleton_skull":1,"twilightforest:time_sapling":1,"minecraft:iron_boots":2,"minecraft:name_tag":1,"minecraft:spruce_fence":1,"kawaiidishes:mug":2,"minecraft:potato":2,"minecraft:iron_chestplate":2,"minecraft:diamond_pickaxe":1,"minecraft:golden_leggings":1,"kawaiidishes:expresso_coffee":1,"minecraft:golden_sword":1,"minecraft:barrel":1,"kawaiidishes:piece_of_cake":3,"minecraft:stone_pickaxe":1,"supplementaries:candy":8},"minecraft:mined":{"minecraft:dark_oak_planks":1,"minecraft:spruce_planks":4,"minecraft:white_bed":12,"minecraft:cherry_log":6,"minecraft:jungle_leaves":5,"minecraft:obsidian":5,"minecraft:grass_block":9,"minecraft:light_gray_bed":4,"minecraft:coal_block":8,"minecraft:hopper":12,"minecraft:chiseled_stone_bricks":1,"minecraft:raw_iron_block":2,"minecraft:magma_block":1,"minecraft:iron_ore":52,"minecraft:fire":3,"minecraft:barrel":2,"minecraft:moss_carpet":2,"minecraft:anvil":10,"minecraft:deepslate_lapis_ore":8,"burnt:burnt_log":2,"perfectplushies:panda_plushie":1,"minecraft:dirt_path":1,"minecraft:oak_stairs":1,"minecraft:iron_bars":2,"minecraft:black_candle":1,"kawaiidishes:mug":6,"luminousworld:decorative_brown_2":1,"kawaiidishes:coffee_machine":5,"perfectplushies:dog_plushie":4,"luminousworld:purple_petunias":1,"minecraft:smoker":2,"minecraft:torch":1,"minecraft:note_block":1,"minecraft:jungle_stairs":5,"minecraft:blast_furnace":1,"minecraft:chest":35,"burnt:smoldering_log_start":3,"minecraft:cobblestone":10,"minecraft:grindstone":1,"minecraft:cyan_bed":1,"minecraft:oak_planks":11,"minecraft:sugar_cane":2,"minecraft:pink_petals":7,"minecraft:skeleton_skull":1,"minecraft:seagrass":1,"perfectplushies:frog_plushie":1,"minecraft:dark_oak_slab":1,"minecraft:tinted_glass":6,"minecraft:wheat":82,"minecraft:lilac":2,"minecraft:black_bed":3,"minecraft:stone_brick_stairs":1,"minecraft:grass":110,"minecraft:oak_log":4,"minecraft:sand":50,"minecraft:dirt":25,"luminousworld:grassvariant_3":14,"minecraft:stonecutter":1,"minecraft:wither_skeleton_skull":1,"minecraft:netherrack":6,"minecraft:oak_leaves":5,"minecraft:dark_prismarine":2,"luminousworld:grassvariant_4":6,"minecraft:candle":1,"perfectplushies:dumbo_blob_plushie":2,"luminousworld:mossbuds_2":1,"minecraft:spruce_fence":2,"minecraft:jungle_planks":1,"minecraft:white_stained_glass":2,"luminousworld:grassvariant_2":18,"burnt:smoldering_log_broken":1,"luminousworld:decorative_brown_mushroom_1":4,"luminousworld:blackberrybush":2,"minecraft:spruce_leaves":1,"burnt:smoldering_grass":3,"minecraft:hay_block":91,"luminousworld:sunset_petunias":1,"burnt:burnt_grass":2,"minecraft:furnace":9,"minecraft:carrots":19,"minecraft:stripped_spruce_log":6,"minecraft:gold_block":1,"minecraft:bookshelf":84,"minecraft:potatoes":18,"minecraft:vine":3,"minecraft:rail":1,"minecraft:lantern":14,"variantvanillablocks:spruce_crafting_table":2,"minecraft:stone":95,"luminousworld:soft_birch_log":1,"minecraft:oak_slab":1,"minecraft:stripped_dark_oak_log":5,"blue_skies:starlit_log":6,"minecraft:stone_brick_slab":1,"minecraft:oak_fence":2,"burnt:burnt_dirt":1,"minecraft:cornflower":1,"minecraft:stone_slab":2,"minecraft:tall_grass":17,"minecraft:deepslate_coal_ore":4,"burnt:burnt_log_broken":2,"perfectplushies:doe_plushie":3,"minecraft:blue_bed":2,"minecraft:coarse_dirt":5,"minecraft:sweet_berry_bush":2,"minecraft:spruce_log":7,"kawaiidishes:red_stool":4,"minecraft:coal_ore":121,"minecraft:cherry_leaves":4,"minecraft:gravel":62,"burnt:smoldering_log":7,"minecraft:stone_bricks":6,"minecraft:mossy_stone_bricks":1,"minecraft:gold_ore":9,"minecraft:fern":1},"minecraft:killed":{"enemyexpansion:equestrian":2,"minecraft:spider":4,"undead_revamp2:thesmoker":2,"luminousworld:king_crab":4,"undead_revamp2:theswarmer":2,"sleep_tight:bedbug":2,"minecraft:pig":2,"minecraft:zombie_villager":8,"naturalist:snake":2,"luminousworld:frigid_skeleton":8,"undead_revamp2:thebeartamer":2,"minecraft:creeper":2,"minecraft:zombie":16,"enemyexpansion:botfly":4,"luminous_monsters:sunken":2,"luminousworld:frigid_zombie":12,"luminousworld:sand_crab":8,"minecraft:drowned":10,"undead_revamp2:sucker":8,"luminousworld:firefly":2,"naturalist:butterfly":2,"undead_revamp2:the_moonflower":2,"naturalist:sparrow":2},"minecraft:killed_by":{"minecraft:drowned":2,"minecraft:zombie":1},"minecraft:used":{"minecraft:black_carpet":1,"minecraft:chest":5,"minecraft:iron_sword":219,"minecraft:rotten_flesh":1,"minecraft:iron_chestplate":2,"luminousworld:decorative_brown_2":1,"shieldsplus:iron_shield":2,"perfectplushies:frog_plushie":1,"minecraft:jungle_planks":1,"minecraft:carrot":40,"minecraft:snowball":12,"minecraft:milk_bucket":1,"minecraft:spruce_boat":2,"variantvanillablocks:spruce_crafting_table":5,"blue_skies:starlit_chest":2,"minecraft:lava_bucket":1,"minecraft:lantern":4,"minecraft:iron_helmet":2,"supplementaries:candy":4,"minecraft:stone_brick_stairs":1,"minecraft:stone_bricks":3,"minecraft:dark_oak_boat":1,"minecraft:hay_block":14,"minecraft:furnace":8,"minecraft:gold_block":1,"luminousworld:decorative_brown_mushroom_1":4,"kawaiidishes:mug":1,"kawaiidishes:latte_coffee":2,"minecraft:end_rod":1,"minecraft:leather_leggings":2,"minecraft:stone_pickaxe":68,"minecraft:dark_oak_sign":2,"blue_skies:starlit_sapling":1,"minecraft:leather_chestplate":1,"minecraft:wooden_pickaxe":7,"minecraft:sugar_cane":2,"minecraft:diamond_axe":163,"luminousworld:groundpebbles_1":4,"minecraft:blue_bed":1,"minecraft:blast_furnace":1,"minecraft:stone_brick_wall":1,"minecraft:note_block":1,"kawaiidishes:piece_of_chocolate_cheesecake":4,"perfectplushies:panda_plushie":1,"minecraft:bread":104,"minecraft:cyan_bed":1,"perfectplushies:dumbo_blob_plushie":2,"variantvanillablocks:spruce_chest":2,"minecraft:chainmail_boots":2,"luphieclutteredmod:stripped_luphie_flowering_log":1,"minecraft:coarse_dirt":5,"minecraft:bone_meal":6,"minecraft:experience_bottle":1,"minecraft:oak_fence":2,"perfectplushies:doe_plushie":3,"minecraft:light_gray_carpet":2,"minecraft:spruce_planks":48,"minecraft:tinted_glass":5,"minecraft:stone_hoe":73,"minecraft:torch":29,"minecraft:dirt":30,"minecraft:anvil":5,"minecraft:spruce_fence":3,"minecraft:stone_brick_slab":1,"minecraft:dark_oak_planks":1,"kawaiidishes:piece_of_honey_cheesecake":2,"blue_skies:starlit_log":1,"minecraft:iron_axe":30,"kawaiidishes:dark_brown_shoes":1,"blue_skies:crescent_fruit_sapling":1,"minecraft:iron_boots":1,"blue_skies:starlit_crafting_table":1,"kawaiidishes:coffee_machine":2,"minecraft:golden_carrot":1,"perfectplushies:dog_plushie":4,"minecraft:stone_pressure_plate":1,"minecraft:light_gray_bed":4,"minecraft:iron_leggings":1,"minecraft:water_bucket":17,"minecraft:birch_planks":1,"minecraft:baked_potato":4,"minecraft:leather_boots":2,"minecraft:rail":1,"minecraft:crafting_table":1,"minecraft:white_bed":10,"minecraft:smoker":1,"minecraft:oak_log":1,"minecraft:wooden_hoe":5,"minecraft:dark_prismarine":2,"minecraft:diamond_pickaxe":159,"minecraft:diamond_shovel":112,"luphieclutteredmod:luphie_flowering_pink_log":1,"shieldsplus:stone_shield":18,"minecraft:iron_pickaxe":172,"minecraft:leather_helmet":1,"minecraft:jungle_stairs":5,"minecraft:chiseled_stone_bricks":1,"minecraft:stone_axe":105,"minecraft:pink_petals":16,"minecraft:blue_carpet":1,"kawaiidishes:white_thigh_highs":1,"minecraft:cobblestone":29,"perfectplushies:duck_plushie":1,"minecraft:cooked_porkchop":1,"minecraft:bucket":19,"minecraft:black_candle":1,"minecraft:candle":1},"minecraft:picked_up":{"minecraft:iron_chestplate":6,"minecraft:wheat":89,"minecraft:black_carpet":13,"minecraft:chainmail_boots":2,"minecraft:anvil":20,"minecraft:lead":7,"minecraft:enchanted_book":1,"kawaiidishes:cappuccino_coffee":6,"seadwellers:aquamarine":1,"minecraft:stone_brick_stairs":1,"minecraft:golden_sword":2,"minecraft:string":2,"minecraft:iron_leggings":5,"minecraft:armor_stand":5,"minecraft:pufferfish":3,"minecraft:experience_bottle":1,"kawaiidishes:expresso_coffee":1,"minecraft:gold_nugget":3,"kawaiidishes:cocoa_powder":17,"minecraft:bucket":2,"minecraft:spruce_planks":37,"perfectplushies:dolphin_plushie":1,"perfectplushies:geode_plushie":1,"minecraft:iron_pickaxe":6,"kawaiidishes:piece_of_honey_cheesecake":24,"minecraft:coal_block":7,"minecraft:furnace":10,"minecraft:iron_boots":6,"kawaiidishes:roasted_cocoa_beans":38,"minecraft:stick":9,"minecraft:oak_fence":2,"minecraft:torch":31,"minecraft:porkchop":2,"kawaiidishes:coffee_machine":5,"kawaiidishes:red_stool":4,"minecraft:cherry_log":6,"luminousworld:shellmet_helmet":1,"minecraft:stone_sword":1,"minecraft:rotten_flesh":16,"minecraft:honey_bottle":1,"minecraft:light_gray_bed":4,"luminousworld:soft_birch_log":1,"minecraft:end_rod":1,"minecraft:obsidian":8,"minecraft:cod":5,"minecraft:cobblestone":131,"minecraft:pink_petals":53,"minecraft:leather_chestplate":1,"minecraft:lilac":1,"minecraft:water_bucket":2,"supplementaries:candy":4,"perfectplushies:dumbo_blob_plushie":2,"minecraft:black_bed":3,"minecraft:dark_oak_boat":3,"minecraft:golden_leggings":1,"kawaiidishes:coffee_powder":14,"minecraft:smoker":2,"minecraft:potato":224,"perfectplushies:doe_plushie":7,"perfectplushies:hummingbird_plushie":1,"minecraft:flint":7,"luminousworld:raw_venison":3,"minecraft:wither_skeleton_skull":4,"minecraft:lantern":52,"minecraft:map":1,"minecraft:lapis_lazuli":182,"minecraft:dirt":33,"minecraft:name_tag":3,"minecraft:leather_boots":2,"minecraft:bone":182,"perfectplushies:red_panda_plushie":1,"kawaiidishes:caramel_bunny_ears":1,"kawaiidishes:piece_of_chocolate_cheesecake":4,"minecraft:stonecutter":1,"minecraft:bow":1,"minecraft:wheat_seeds":232,"minecraft:raw_gold":9,"minecraft:grindstone":1,"minecraft:dark_oak_sign":2,"minecraft:rabbit":1,"minecraft:bamboo":40,"minecraft:stone_hoe":2,"minecraft:honeycomb":2,"kawaiidishes:mug":30,"minecraft:cooked_porkchop":1,"minecraft:sand":49,"minecraft:jungle_planks":1,"minecraft:stripped_spruce_log":6,"perfectplushies:rabbit_plushie":2,"minecraft:cyan_bed":1,"minecraft:dark_oak_log":3,"minecraft:barrel":3,"perfectplushies:panda_plushie":3,"naturalist:duck_egg":1,"luminousworld:amethyst_disc":1,"minecraft:dark_prismarine":2,"minecraft:diamond":1,"minecraft:spruce_boat":3,"luminousworld:blueberry":3,"minecraft:golden_apple":6,"kawaiidishes:piece_of_cheesecake":12,"minecraft:emerald":46,"minecraft:bread":135,"minecraft:oak_sapling":5,"minecraft:light_gray_carpet":8,"minecraft:cocoa_beans":15,"luminousworld:groundpebbles_1":4,"minecraft:coarse_dirt":12,"luminousworld:decorative_brown_2":1,"shieldsplus:wooden_shield":1,"minecraft:leather_leggings":1,"minecraft:brown_mushroom":3,"minecraft:wooden_pickaxe":1,"minecraft:stone_brick_wall":1,"minecraft:gold_block":1,"minecraft:moss_carpet":1,"minecraft:iron_axe":2,"variantvanillablocks:spruce_crafting_table":3,"minecraft:compass":1,"minecraft:blue_orchid":8,"minecraft:candle":1,"minecraft:iron_nugget":13,"minecraft:poppy":3,"minecraft:tinted_glass":5,"minecraft:sugar_cane":185,"minecraft:chest":35,"kawaiidishes:piece_of_cake":18,"minecraft:dark_oak_sapling":122,"minecraft:raw_iron":75,"minecraft:spruce_fence":4,"minecraft:note_block":1,"minecraft:carrot":233,"minecraft:stone_pressure_plate":1,"minecraft:iron_horse_armor":4,"minecraft:blue_carpet":9,"minecraft:dark_oak_planks":8,"luminousworld:decorative_brown_mushroom_1":4,"minecraft:cooked_cod":4,"minecraft:jungle_stairs":5,"minecraft:hay_block":269,"minecraft:saddle":3,"minecraft:gold_ingot":14,"minecraft:skeleton_skull":1,"minecraft:rail":1,"minecraft:golden_carrot":1,"minecraft:salmon":2,"minecraft:red_mushroom":10,"minecraft:oak_log":3,"kawaiidishes:latte_coffee":1,"minecraft:blue_bed":2,"minecraft:apple":24,"minecraft:stone_bricks":3,"minecraft:gray_carpet":3,"minecraft:iron_ingot":53,"minecraft:stone_pickaxe":2,"perfectplushies:dog_plushie":8,"minecraft:glass_bottle":1,"minecraft:iron_sword":2,"minecraft:acacia_sapling":5,"minecraft:book":376,"minecraft:oak_slab":2,"kawaiidishes:roasted_coffee_beans":8,"shieldsplus:stone_shield":3,"minecraft:milk_bucket":1,"minecraft:black_candle":1,"minecraft:sweet_berries":5,"minecraft:chiseled_stone_bricks":1,"minecraft:stone_brick_slab":1,"minecraft:dandelion":6,"minecraft:gravel":53,"minecraft:spruce_sapling":1,"minecraft:blast_furnace":1,"minecraft:white_bed":13,"minecraft:spruce_log":7,"blue_skies:starlit_log":16,"minecraft:leather_helmet":3,"minecraft:diamond_shovel":1,"minecraft:pumpkin_seeds":8,"minecraft:stone_axe":2,"minecraft:iron_helmet":8,"minecraft:scute":1,"perfectplushies:duck_plushie":2,"minecraft:baked_potato":3,"minecraft:black_wool":2,"minecraft:stripped_dark_oak_log":4,"minecraft:coal":386,"minecraft:hopper":18},"minecraft:crafted":{"minecraft:oak_planks":8,"blue_skies:starlit_crafting_table":1,"minecraft:diamond_shovel":1,"minecraft:iron_boots":1,"supplementaries:candy":8,"minecraft:cooked_porkchop":2,"variantvanillablocks:spruce_crafting_table":4,"minecraft:diamond_axe":2,"minecraft:crafting_table":1,"minecraft:spruce_planks":60,"minecraft:wooden_pickaxe":1,"minecraft:baked_potato":4,"minecraft:birch_planks":4,"minecraft:iron_chestplate":2,"minecraft:wooden_hoe":1,"minecraft:paper":3,"minecraft:diamond_pickaxe":2,"minecraft:stick":40,"minecraft:iron_ingot":55,"minecraft:cherry_planks":8,"minecraft:furnace":4,"minecraft:bone_meal":6,"variantvanillablocks:spruce_chest":2,"minecraft:iron_axe":1,"minecraft:stone_pickaxe":2,"minecraft:dark_oak_planks":20,"shieldsplus:wooden_shield":4,"minecraft:wheat":765,"minecraft:sugar":23,"shieldsplus:iron_shield":2,"minecraft:iron_sword":1,"minecraft:bucket":2,"minecraft:stone_axe":1,"minecraft:bread":255,"minecraft:air":0,"minecraft:chainmail_boots":1,"minecraft:iron_leggings":1,"blue_skies:starlit_planks":20,"blue_skies:starlit_chest":2,"minecraft:torch":28}},"DataVersion":3465}