{"stats":{"minecraft:killed":{"enemyexpansion:equestrian":2,"undead_revamp2:theswarmer":2,"minecraft:skeleton":6,"undead_revamp2:thepregnant":4,"undead_revamp2:thespitter":2,"naturalist:snake":2,"minecraft:salmon":2,"minecraft:zombie":26,"enemyexpansion:botfly":4,"minecraft:cow":14,"undead_revamp2:thehunter":8,"minecraft:horse":10,"undead_revamp2:thebidy":4,"luminousworld:black_squirrel":2,"undead_revamp2:the_moonflower":4,"minecraft:rabbit":6,"enemyexpansion:sprinter":2,"undead_revamp2:thesomnolence":4,"undead_revamp2:thewolf":4,"minecraft:spider":22,"undead_revamp2:thesmoker":4,"luminousworld:king_crab":4,"minecraft:pig":2,"sleep_tight:bedbug":2,"minecraft:zombie_villager":16,"luminousworld:frigid_skeleton":8,"undead_revamp2:thebeartamer":2,"minecraft:creeper":10,"undead_revamp2:thebidyupside":2,"undead_revamp2:theordure":2,"luminousworld:grey_squirrel":2,"luminous_monsters:sunken":2,"luminousworld:frigid_zombie":14,"luminousworld:sand_crab":8,"enemyexpansion:direwolf":6,"luminousworld:monarch":4,"minecraft:drowned":10,"undead_revamp2:sucker":22,"luminousworld:firefly":2,"naturalist:butterfly":2,"naturalist:sparrow":2},"minecraft:broken":{"luminousworld:shellmet_helmet":1,"minecraft:diamond_chestplate":1},"minecraft:picked_up":{"minecraft:iron_chestplate":6,"minecraft:chainmail_boots":2,"kawaiidishes:brown_headband_fox_ears_brown":1,"minecraft:flower_pot":1,"minecraft:anvil":26,"minecraft:lead":7,"minecraft:enchanted_book":4,"kawaiidishes:cappuccino_coffee":9,"minecraft:brewing_stand":2,"minecraft:golden_sword":2,"minecraft:string":30,"minecraft:cooked_salmon":5,"minecraft:pufferfish":3,"minecraft:diamond_leggings":3,"minecraft:gold_nugget":46,"kawaiidishes:cocoa_powder":17,"blue_skies:starlit_crafting_table":1,"minecraft:spruce_planks":37,"perfectplushies:dolphin_plushie":1,"minecraft:coal_block":9,"kawaiidishes:roasted_cocoa_beans":51,"minecraft:beehive":1,"kawaiidishes:coffee_machine":5,"kawaiidishes:red_stool":4,"minecraft:cherry_log":61,"minecraft:brown_carpet":4,"minecraft:stone_sword":1,"minecraft:honey_bottle":1,"minecraft:light_gray_bed":4,"minecraft:end_rod":2,"supplementaries:ash":8,"minecraft:birch_log":19,"minecraft:feather":2,"minecraft:water_bucket":4,"supplementaries:candy":4,"perfectplushies:dumbo_blob_plushie":5,"minecraft:dark_oak_boat":3,"kawaiidishes:coffee_powder":16,"minecraft:smoker":2,"minecraft:flint":27,"luminousworld:raw_venison":3,"minecraft:map":1,"minecraft:lantern":53,"kawaiidishes:caramel_bunny_ears":1,"minecraft:stonecutter":2,"minecraft:dark_oak_sign":2,"minecraft:rabbit":4,"minecraft:honeycomb":2,"perfectplushies:elephant_plushie":1,"luminousworld:creepberries":10,"minecraft:stripped_spruce_log":6,"perfectplushies:rabbit_plushie":2,"minecraft:dark_oak_log":3,"minecraft:barrel":13,"naturalist:duck_egg":1,"luminousworld:yellowpetunias":4,"shieldsplus:iron_shield":2,"minecraft:golden_horse_armor":2,"minecraft:bread":280,"minecraft:light_gray_carpet":8,"minecraft:cherry_slab":6,"minecraft:dark_oak_fence":18,"minecraft:diamond_pickaxe":2,"luminousworld:groundpebbles_1":4,"minecraft:coarse_dirt":12,"luminousworld:decorative_brown_2":1,"shieldsplus:wooden_shield":1,"minecraft:leather_leggings":1,"minecraft:red_bed":5,"minecraft:compass":1,"minecraft:glass_pane":6,"minecraft:beef":32,"minecraft:iron_nugget":13,"minecraft:poppy":3,"minecraft:chest":74,"minecraft:birch_sapling":6,"minecraft:stone":66,"minecraft:spruce_fence":4,"minecraft:carrot":299,"minecraft:blue_carpet":9,"luminousworld:decorative_brown_mushroom_1":4,"minecraft:diamond_chestplate":2,"minecraft:cooked_cod":4,"minecraft:peony":1,"minecraft:hay_block":270,"minecraft:gold_ingot":74,"minecraft:rail":1,"minecraft:white_wool":61,"supplementaries:lapis_bricks":1,"minecraft:red_mushroom":10,"minecraft:oak_log":91,"minecraft:golden_boots":2,"minecraft:blue_bed":2,"minecraft:white_banner":1,"minecraft:stone_bricks":69,"minecraft:apple":41,"minecraft:stone_pickaxe":2,"kawaiidishes:coffee_fruit":28,"naturalist:bug_net":2,"minecraft:tall_grass":2,"perfectplushies:dog_plushie":8,"minecraft:glass_bottle":1,"minecraft:iron_sword":2,"kawaiidishes:roasted_coffee_beans":8,"shieldsplus:stone_shield":3,"minecraft:milk_bucket":1,"minecraft:sweet_berries":8,"minecraft:gravel":147,"minecraft:spruce_sapling":1,"minecraft:spruce_log":7,"blue_skies:starlit_log":16,"minecraft:leather_helmet":6,"minecraft:diamond_shovel":1,"minecraft:slime_ball":15,"minecraft:stone_axe":2,"minecraft:polished_diorite":5,"minecraft:scute":1,"minecraft:diamond_axe":3,"minecraft:warped_roots":1,"minecraft:baked_potato":3,"minecraft:stripped_dark_oak_log":4,"minecraft:hopper":22,"minecraft:black_carpet":13,"minecraft:wheat":93,"seadwellers:aquamarine":3,"minecraft:stone_brick_stairs":2,"minecraft:iron_leggings":5,"minecraft:armor_stand":6,"minecraft:experience_bottle":2,"kawaiidishes:expresso_coffee":1,"minecraft:bucket":2,"perfectplushies:geode_plushie":1,"minecraft:rose_bush":1,"minecraft:iron_pickaxe":6,"kawaiidishes:piece_of_honey_cheesecake":24,"minecraft:furnace":10,"minecraft:iron_boots":7,"minecraft:stick":39,"minecraft:birch_trapdoor":1,"minecraft:oak_fence":2,"minecraft:torch":68,"minecraft:porkchop":2,"luminousworld:shellmet_helmet":2,"minecraft:rotten_flesh":63,"luminousworld:soft_birch_log":1,"minecraft:obsidian":8,"minecraft:cod":5,"undead_revamp2:arapholia":1,"minecraft:cobblestone":259,"minecraft:nautilus_shell":3,"minecraft:pink_petals":179,"minecraft:leather_chestplate":1,"minecraft:lilac":2,"minecraft:cherry_planks":8,"minecraft:black_bed":5,"minecraft:golden_leggings":1,"minecraft:potato":239,"perfectplushies:doe_plushie":7,"perfectplushies:hummingbird_plushie":1,"undead_revamp2:huntereye":5,"minecraft:wither_skeleton_skull":5,"minecraft:lapis_lazuli":182,"minecraft:dirt":210,"minecraft:name_tag":3,"minecraft:leather_boots":3,"perfectplushies:red_panda_plushie":3,"minecraft:bone":188,"minecraft:acacia_planks":5,"kawaiidishes:piece_of_chocolate_cheesecake":4,"minecraft:bow":3,"minecraft:wheat_seeds":255,"luminousworld:white_oak_stairs":1,"luminousworld:white_oak_slab":6,"minecraft:raw_gold":10,"minecraft:grindstone":1,"minecraft:mossy_stone_bricks":46,"minecraft:bamboo":231,"minecraft:stone_hoe":2,"kawaiidishes:mug":37,"minecraft:cooked_porkchop":1,"minecraft:jungle_planks":1,"minecraft:sand":267,"minecraft:cyan_bed":1,"perfectplushies:panda_plushie":3,"minecraft:mossy_cobblestone":8,"luminousworld:amethyst_disc":1,"minecraft:dark_prismarine":2,"minecraft:diamond":17,"minecraft:spruce_boat":3,"luminousworld:blueberry":3,"minecraft:grass":4,"minecraft:golden_apple":6,"kawaiidishes:piece_of_cheesecake":21,"minecraft:emerald":65,"minecraft:oak_sapling":7,"minecraft:cocoa_beans":15,"minecraft:brown_mushroom":4,"minecraft:wooden_pickaxe":1,"minecraft:stone_brick_wall":1,"minecraft:gold_block":1,"minecraft:moss_carpet":1,"minecraft:iron_axe":2,"variantvanillablocks:spruce_crafting_table":3,"minecraft:birch_fence":6,"minecraft:blue_orchid":8,"minecraft:candle":1,"minecraft:tinted_glass":5,"minecraft:sugar_cane":192,"luminousworld:white_oak_plank":12,"minecraft:dark_oak_sapling":122,"kawaiidishes:piece_of_cake":18,"minecraft:raw_iron":91,"minecraft:note_block":1,"luphieclutteredmod:small_shelf":3,"luminousworld:raw_squirrel":1,"minecraft:iron_horse_armor":4,"minecraft:stone_pressure_plate":1,"minecraft:dark_oak_planks":8,"luminousworld:white_oak_sapling":17,"minecraft:jungle_stairs":5,"minecraft:saddle":4,"minecraft:black_banner":12,"minecraft:skeleton_skull":1,"minecraft:golden_carrot":1,"minecraft:salmon":2,"minecraft:leather":14,"minecraft:birch_planks":6,"kawaiidishes:brown_shoes":2,"minecraft:gunpowder":4,"minecraft:cobblestone_stairs":8,"kawaiidishes:latte_coffee":1,"minecraft:gray_carpet":3,"minecraft:rabbit_hide":4,"minecraft:iron_ingot":120,"luminousworld:white_petunias":1,"minecraft:acacia_sapling":7,"minecraft:book":428,"minecraft:scaffolding":113,"minecraft:oak_slab":2,"minecraft:black_candle":1,"luminousworld:clovers_1":13,"minecraft:chiseled_stone_bricks":1,"minecraft:stone_brick_slab":1,"minecraft:dandelion":10,"minecraft:raw_iron_block":2,"minecraft:lava_bucket":4,"burnt:burnt_dirt":1,"minecraft:blast_furnace":1,"minecraft:white_bed":27,"minecraft:spider_eye":3,"luminousworld:whiteoaklog":184,"minecraft:pumpkin_seeds":8,"minecraft:iron_helmet":9,"perfectplushies:duck_plushie":2,"minecraft:cherry_sapling":4,"minecraft:mossy_cobblestone_stairs":3,"kawaiidishes:brown_thigh_highs":1,"minecraft:black_wool":15,"minecraft:coal":411},"minecraft:killed_by":{"minecraft:zombie":1,"minecraft:drowned":2,"enemyexpansion:sprinter":1},"minecraft:custom":{"minecraft:interact_with_crafting_table":77,"minecraft:open_barrel":124,"minecraft:bell_ring":8,"minecraft:leave_game":17,"minecraft:time_since_death":15537,"minecraft:damage_blocked_by_shield":410,"minecraft:play_time":542752,"minecraft:deaths":5,"minecraft:jump":11913,"minecraft:enchant_item":9,"minecraft:interact_with_furnace":97,"minecraft:sleep_in_bed":38,"minecraft:damage_dealt":28042,"minecraft:interact_with_smoker":19,"minecraft:horse_one_cm":4288,"minecraft:interact_with_smithing_table":1,"minecraft:inspect_hopper":3,"minecraft:sneak_time":19313,"minecraft:interact_with_blast_furnace":12,"minecraft:total_world_time":542752,"minecraft:tune_noteblock":27,"minecraft:interact_with_stonecutter":3,"minecraft:time_since_rest":15572,"minecraft:swim_one_cm":188806,"minecraft:fly_one_cm":2604060,"minecraft:open_chest":684,"minecraft:fall_one_cm":388364,"minecraft:sprint_one_cm":1714156,"minecraft:drop":211,"minecraft:play_noteblock":1,"minecraft:talked_to_villager":23,"minecraft:walk_on_water_one_cm":40847,"minecraft:interact_with_loom":1,"minecraft:crouch_one_cm":54464,"minecraft:mob_kills":133,"minecraft:damage_dealt_resisted":1035,"minecraft:climb_one_cm":48222,"minecraft:walk_one_cm":1085876,"minecraft:walk_under_water_one_cm":40917,"minecraft:boat_one_cm":213699,"minecraft:damage_taken":11611,"minecraft:damage_absorbed":200},"minecraft:dropped":{"minecraft:diamond":1,"minecraft:cooked_porkchop":2,"minecraft:warped_roots":1,"naturalist:bug_net":2,"minecraft:saddle":1,"minecraft:leather_helmet":3,"minecraft:emerald":14,"minecraft:birch_fence":6,"minecraft:wooden_sword":1,"minecraft:sugar":11,"minecraft:iron_pickaxe":1,"minecraft:white_wool":28,"minecraft:dark_oak_boat":1,"minecraft:blue_bed":1,"minecraft:bone":2,"minecraft:stone_axe":1,"luminousworld:white_oak_plank":2,"minecraft:black_carpet":6,"minecraft:wheat":4,"minecraft:rotten_flesh":19,"minecraft:light_gray_carpet":3,"kawaiidishes:brown_shoes":1,"kawaiidishes:piece_of_chocolate_cheesecake":1,"minecraft:leather_boots":1,"minecraft:leather_leggings":1,"minecraft:stone_brick_stairs":1,"minecraft:wheat_seeds":6,"minecraft:feather":1,"minecraft:iron_helmet":1,"minecraft:cobblestone":51,"minecraft:apple":4,"minecraft:coal":32,"kawaiidishes:piece_of_honey_cheesecake":18,"luminousworld:raw_venison":3,"minecraft:wooden_hoe":1,"minecraft:rabbit":4,"minecraft:cherry_planks":1,"minecraft:cooked_salmon":2,"minecraft:blue_carpet":4,"minecraft:gray_carpet":1,"naturalist:duck_egg":1,"minecraft:furnace":1,"minecraft:moss_carpet":1,"minecraft:stone_sword":1,"minecraft:experience_bottle":1,"twilightforest:time_sapling":1,"minecraft:iron_boots":2,"minecraft:cherry_slab":12,"minecraft:name_tag":1,"kawaiidishes:brown_headband_fox_ears_brown":1,"minecraft:spruce_fence":1,"minecraft:hay_block":1,"kawaiidishes:mug":2,"minecraft:potato":16,"minecraft:flower_pot":1,"minecraft:diamond_pickaxe":1,"minecraft:barrel":1,"kawaiidishes:piece_of_cake":3,"supplementaries:flute":1,"minecraft:brown_mushroom":1,"minecraft:birch_planks":9,"minecraft:diamond_axe":2,"luminousworld:raw_squirrel":1,"minecraft:dark_oak_sapling":64,"perfectplushies:dolphin_plushie":1,"minecraft:iron_horse_armor":4,"luminousworld:blueberry":3,"minecraft:cobblestone_stairs":6,"shieldsplus:iron_shield":1,"perfectplushies:rabbit_plushie":1,"minecraft:birch_log":5,"shieldsplus:wooden_shield":3,"luminousworld:jar":1,"kawaiidishes:brown_thigh_highs":1,"minecraft:cherry_sapling":1,"minecraft:diamond_shovel":1,"minecraft:carrot":36,"minecraft:leather_chestplate":1,"supplementaries:ash":1,"kawaiidishes:cappuccino_coffee":3,"minecraft:chest":1,"minecraft:scaffolding":55,"perfectplushies:dumbo_blob_plushie":1,"minecraft:stone_hoe":2,"minecraft:bread":99,"minecraft:cherry_log":4,"minecraft:mossy_cobblestone":8,"minecraft:stick":23,"kawaiidishes:coffee_fruit":3,"minecraft:milk_bucket":1,"minecraft:iron_leggings":2,"minecraft:bucket":4,"minecraft:dandelion":4,"minecraft:polished_diorite":1,"minecraft:sweet_berries":4,"minecraft:coarse_dirt":7,"minecraft:raw_iron":1,"minecraft:tall_grass":2,"minecraft:wither_skeleton_skull":1,"minecraft:glass_pane":6,"luminousworld:white_oak_slab":6,"minecraft:iron_chestplate":2,"minecraft:mossy_stone_bricks":4,"minecraft:golden_leggings":1,"minecraft:oak_sapling":2,"kawaiidishes:expresso_coffee":1,"minecraft:golden_sword":1,"luminousworld:crimsonbutterflyjar":1,"minecraft:stone_pickaxe":1,"minecraft:raw_gold":1,"kawaiidishes:piece_of_cheesecake":9,"supplementaries:candy":8},"minecraft:used":{"minecraft:black_carpet":1,"minecraft:chest":11,"minecraft:rotten_flesh":1,"minecraft:snowball":12,"minecraft:spruce_boat":2,"minecraft:lava_bucket":3,"minecraft:birch_sapling":2,"minecraft:stone_brick_stairs":1,"minecraft:dark_oak_boat":1,"minecraft:sweet_berries":3,"minecraft:furnace":8,"luphieclutteredmod:small_shelf":4,"kawaiidishes:mug":1,"minecraft:leather_leggings":2,"minecraft:leather_chestplate":1,"minecraft:wooden_pickaxe":7,"minecraft:golden_apple":5,"minecraft:blast_furnace":1,"luminousworld:white_oak_slab":3,"minecraft:birch_fence":2,"kawaiidishes:piece_of_chocolate_cheesecake":4,"minecraft:lilac":1,"minecraft:wooden_sword":19,"luphieclutteredmod:stripped_luphie_flowering_log":1,"minecraft:enchanting_table":1,"luminousworld:whiteoaklog":33,"minecraft:armor_stand":2,"minecraft:light_gray_carpet":2,"minecraft:tinted_glass":5,"minecraft:torch":315,"minecraft:anvil":5,"minecraft:polished_diorite":4,"kawaiidishes:piece_of_honey_cheesecake":2,"minecraft:iron_axe":30,"blue_skies:crescent_fruit_sapling":1,"undead_revamp2:huntereye":2,"minecraft:bamboo":12,"minecraft:diamond_chestplate":2,"luminousworld:monarch_jar":1,"minecraft:cherry_log":1,"minecraft:water_bucket":21,"supplementaries:lapis_bricks":1,"minecraft:birch_planks":1,"luminousworld:white_oak_plank":10,"luminousworld:white_oak_stairs":1,"minecraft:leather_boots":2,"minecraft:rail":1,"minecraft:crafting_table":2,"minecraft:red_bed":4,"minecraft:white_bed":24,"minecraft:oak_log":8,"minecraft:dark_prismarine":2,"minecraft:diamond_pickaxe":303,"minecraft:diamond_shovel":498,"luphieclutteredmod:luphie_flowering_pink_log":1,"shieldsplus:stone_shield":18,"minecraft:iron_pickaxe":172,"minecraft:leather_helmet":1,"minecraft:chiseled_stone_bricks":1,"minecraft:blue_carpet":1,"kawaiidishes:white_thigh_highs":1,"perfectplushies:elephant_plushie":1,"minecraft:cobblestone":45,"minecraft:cooked_porkchop":1,"minecraft:black_candle":1,"minecraft:dandelion":1,"minecraft:candle":1,"minecraft:diamond_leggings":3,"perfectplushies:red_panda_plushie":1,"minecraft:iron_sword":219,"minecraft:iron_chestplate":3,"luminousworld:decorative_brown_2":1,"shieldsplus:iron_shield":9,"perfectplushies:frog_plushie":1,"minecraft:jungle_planks":1,"minecraft:carrot":46,"minecraft:milk_bucket":1,"variantvanillablocks:spruce_crafting_table":5,"blue_skies:starlit_chest":2,"luminousworld:white_oak_sapling":11,"minecraft:lantern":4,"minecraft:iron_helmet":4,"supplementaries:candy":4,"minecraft:stone_bricks":14,"minecraft:birch_trapdoor":1,"minecraft:brown_carpet":1,"minecraft:hay_block":14,"minecraft:scaffolding":70,"minecraft:gold_block":1,"luminousworld:decorative_brown_mushroom_1":4,"minecraft:end_rod":2,"kawaiidishes:latte_coffee":2,"minecraft:stone_pickaxe":68,"minecraft:dark_oak_sign":2,"blue_skies:starlit_sapling":1,"luminousworld:groundpebbles_1":4,"minecraft:sugar_cane":2,"minecraft:diamond_axe":841,"minecraft:blue_bed":1,"minecraft:stone_brick_wall":1,"minecraft:note_block":1,"minecraft:black_bed":3,"perfectplushies:panda_plushie":1,"luminousworld:jar":4,"minecraft:cyan_bed":1,"minecraft:bread":207,"minecraft:gravel":1,"perfectplushies:dumbo_blob_plushie":4,"variantvanillablocks:spruce_chest":2,"minecraft:chainmail_boots":2,"minecraft:coarse_dirt":5,"minecraft:bone_meal":99,"minecraft:experience_bottle":2,"minecraft:oak_fence":2,"minecraft:rose_bush":1,"perfectplushies:doe_plushie":3,"minecraft:spruce_planks":48,"minecraft:stone_hoe":73,"minecraft:dirt":429,"minecraft:spruce_fence":3,"minecraft:stone_brick_slab":1,"minecraft:dark_oak_planks":1,"blue_skies:starlit_log":1,"kawaiidishes:coffee_fruit":8,"kawaiidishes:dark_brown_shoes":1,"minecraft:iron_boots":2,"blue_skies:starlit_crafting_table":2,"kawaiidishes:coffee_machine":2,"minecraft:golden_carrot":1,"perfectplushies:dog_plushie":4,"minecraft:stone_pressure_plate":1,"minecraft:light_gray_bed":4,"minecraft:iron_leggings":1,"minecraft:cobblestone_stairs":2,"minecraft:baked_potato":60,"luminousworld:white_petunias":1,"minecraft:smoker":1,"minecraft:wooden_hoe":5,"minecraft:black_wool":2,"minecraft:apple":2,"minecraft:jungle_stairs":5,"minecraft:stone_axe":105,"minecraft:pink_petals":51,"perfectplushies:duck_plushie":1,"minecraft:white_banner":1,"minecraft:bucket":25},"minecraft:mined":{"minecraft:dark_oak_planks":1,"minecraft:white_bed":25,"minecraft:cherry_log":50,"minecraft:jungle_leaves":5,"minecraft:obsidian":5,"minecraft:deepslate_bricks":2,"minecraft:light_gray_bed":4,"minecraft:coal_block":10,"minecraft:hopper":16,"minecraft:chiseled_stone_bricks":1,"minecraft:magma_block":1,"minecraft:mossy_cobblestone_stairs":3,"minecraft:dark_oak_trapdoor":1,"minecraft:fire":4,"minecraft:barrel":11,"minecraft:moss_carpet":2,"minecraft:deepslate_lapis_ore":8,"perfectplushies:panda_plushie":1,"minecraft:dirt_path":1,"minecraft:oak_stairs":1,"minecraft:white_banner":1,"kawaiidishes:coffee_machine":5,"perfectplushies:dog_plushie":4,"minecraft:red_bed":4,"minecraft:smoker":2,"minecraft:torch":4,"minecraft:note_block":1,"minecraft:blast_furnace":1,"minecraft:cyan_bed":1,"minecraft:sugar_cane":5,"minecraft:skeleton_skull":1,"minecraft:tinted_glass":6,"minecraft:wheat":82,"minecraft:lilac":2,"minecraft:black_bed":5,"minecraft:stone_brick_stairs":2,"minecraft:grass":134,"luminousworld:grassvariant_3":15,"minecraft:stonecutter":2,"minecraft:dark_prismarine":2,"minecraft:mossy_cobblestone":1,"minecraft:spruce_fence":2,"minecraft:jungle_planks":2,"kawaiidishes:coffee_bush":5,"luminousworld:grassvariant_2":19,"luminousworld:whiteoakleaves":30,"burnt:smoldering_log_broken":1,"burnt:smoldering_grass":4,"burnt:burnt_grass":4,"luminousworld:mossbuds_3":2,"minecraft:mossy_stone_brick_stairs":1,"minecraft:potatoes":24,"minecraft:vine":3,"minecraft:rail":1,"variantvanillablocks:spruce_crafting_table":2,"minecraft:bamboo":18,"luminousworld:clovers_3":1,"minecraft:white_wool":3,"minecraft:oak_slab":1,"luphieclutteredmod:small_shelf":4,"minecraft:brown_carpet":1,"blue_skies:starlit_log":6,"minecraft:stone_brick_slab":1,"minecraft:dandelion":1,"minecraft:cornflower":1,"minecraft:tall_grass":26,"burnt:burnt_log_broken":2,"minecraft:deepslate_gold_ore":2,"luminousworld:whiteoaklog":182,"minecraft:coarse_dirt":5,"minecraft:spruce_log":7,"minecraft:birch_leaves":2,"luminousworld:clovers_5":2,"minecraft:gravel":174,"minecraft:cobweb":19,"minecraft:stone_bricks":13,"minecraft:gold_ore":9,"minecraft:deepslate_emerald_ore":2,"minecraft:fern":2,"undead_revamp2:arapholia":1,"luminousworld:white_petunias":1,"minecraft:spruce_planks":4,"minecraft:cobblestone_stairs":8,"minecraft:brewing_stand":2,"luminousworld:monarch_jar":1,"minecraft:grass_block":27,"minecraft:polished_diorite":6,"minecraft:raw_iron_block":4,"minecraft:iron_ore":68,"minecraft:anvil":16,"burnt:burnt_log":2,"minecraft:iron_bars":2,"minecraft:black_candle":1,"kawaiidishes:mug":6,"luminousworld:decorative_brown_2":2,"luminousworld:creepbush":10,"luminousworld:purple_petunias":1,"minecraft:jungle_stairs":6,"minecraft:potted_warped_roots":1,"minecraft:chest":63,"burnt:smoldering_log_start":3,"minecraft:cobblestone":11,"minecraft:grindstone":1,"minecraft:oak_planks":11,"minecraft:wall_torch":1,"minecraft:pink_petals":25,"minecraft:seagrass":2,"perfectplushies:frog_plushie":1,"minecraft:dark_oak_slab":1,"luminousworld:clovers_1":3,"minecraft:birch_log":19,"minecraft:birch_trapdoor":1,"minecraft:oak_log":39,"minecraft:sand":269,"minecraft:dirt":89,"minecraft:wither_skeleton_skull":2,"minecraft:netherrack":6,"minecraft:oak_leaves":17,"minecraft:deepslate_diamond_ore":4,"luminousworld:grassvariant_4":10,"minecraft:candle":1,"perfectplushies:dumbo_blob_plushie":2,"luminousworld:mossbuds_2":1,"luminousworld:clovers_4":1,"minecraft:white_stained_glass":2,"seadwellers:aquamarine_crystal":1,"luminousworld:clovers_2":2,"luminousworld:decorative_brown_mushroom_1":4,"luminousworld:blackberrybush":4,"minecraft:spruce_leaves":3,"luminousworld:white_oak_plank":10,"minecraft:hay_block":93,"luminousworld:sunset_petunias":1,"minecraft:furnace":9,"minecraft:carrots":28,"minecraft:stripped_spruce_log":6,"minecraft:peony":1,"minecraft:gold_block":1,"minecraft:bookshelf":101,"minecraft:deepslate_iron_ore":2,"minecraft:lantern":14,"minecraft:stone":149,"luminousworld:soft_birch_log":1,"minecraft:scaffolding":57,"luminousworld:white_oak_stairs":1,"luminousworld:blueberrybush":1,"minecraft:stripped_dark_oak_log":5,"minecraft:oak_fence":3,"burnt:burnt_dirt":3,"minecraft:rose_bush":1,"minecraft:stone_slab":2,"minecraft:deepslate_coal_ore":5,"perfectplushies:elephant_plushie":1,"perfectplushies:doe_plushie":3,"luminousworld:jar":4,"minecraft:blue_bed":2,"minecraft:birch_planks":3,"minecraft:beehive":1,"minecraft:sweet_berry_bush":3,"minecraft:black_wall_banner":12,"luminousworld:white_oak_slab":1,"kawaiidishes:red_stool":4,"minecraft:black_wool":2,"minecraft:coal_ore":125,"minecraft:cherry_leaves":31,"minecraft:end_rod":1,"burnt:smoldering_log":7,"minecraft:mossy_stone_bricks":1,"minecraft:birch_fence":3},"minecraft:crafted":{"blue_skies:starlit_crafting_table":1,"supplementaries:lapis_bricks":1,"minecraft:diamond_shovel":1,"minecraft:glass":23,"minecraft:diamond_leggings":1,"luphieclutteredmod:small_shelf":1,"supplementaries:flute":1,"minecraft:cooked_porkchop":2,"minecraft:diamond_axe":2,"minecraft:wooden_hoe":1,"naturalist:bug_net":1,"minecraft:bone_meal":144,"luminousworld:white_oak_plank":8,"minecraft:stone_pickaxe":2,"minecraft:dark_oak_planks":20,"minecraft:wheat":765,"minecraft:enchanting_table":1,"minecraft:chainmail_boots":1,"minecraft:iron_leggings":1,"blue_skies:starlit_planks":20,"blue_skies:starlit_chest":2,"minecraft:oak_planks":28,"minecraft:cherry_slab":6,"luminousworld:jar":18,"minecraft:iron_boots":3,"supplementaries:candy":8,"variantvanillablocks:spruce_crafting_table":4,"minecraft:crafting_table":2,"minecraft:spruce_planks":60,"minecraft:wooden_pickaxe":1,"minecraft:baked_potato":68,"minecraft:birch_planks":4,"minecraft:iron_chestplate":3,"minecraft:paper":3,"minecraft:diamond_pickaxe":2,"minecraft:birch_fence":6,"minecraft:stick":72,"minecraft:iron_ingot":121,"minecraft:cherry_planks":12,"minecraft:wooden_sword":1,"minecraft:raw_iron":18,"minecraft:coal":81,"minecraft:furnace":4,"variantvanillablocks:spruce_chest":2,"luminousworld:white_oak_slab":3,"minecraft:scaffolding":12,"minecraft:iron_axe":1,"shieldsplus:wooden_shield":4,"minecraft:sugar":23,"shieldsplus:iron_shield":2,"minecraft:iron_sword":1,"minecraft:bucket":2,"minecraft:stone_axe":1,"minecraft:bread":276,"minecraft:air":0,"minecraft:torch":276}},"DataVersion":3465}