{"stats":{"minecraft:used":{"luphieclutteredmod:anchorwallpaperwainscot":13,"minecraft:moss_block":2,"minecraft:jack_o_lantern":5,"minecraft:black_carpet":1,"minecraft:stone":2005,"minecraft:rotten_flesh":3,"minecraft:cut_copper":6,"minecraft:polished_blackstone_slab":1,"minecraft:packed_ice":738,"minecraft:quartz_block":27,"aquamirae:sharp_bones":1,"minecraft:acacia_fence":2,"minecraft:gray_banner":7,"luminousworld:tree_ant_trophy":9,"kawaiidishes:mug":1,"minecraft:bamboo_mosaic":6,"minecraft:damaged_anvil":1,"minecraft:blackstone":217,"minecraft:leather_chestplate":1,"minecraft:composter":2,"minecraft:golden_apple":89,"minecraft:birch_fence":12,"minecraft:red_sandstone":3,"minecraft:oak_pressure_plate":1,"minecraft:diamond_sword":2466,"cozy_home:bamboo_wall_clock":2,"minecraft:oak_trapdoor":13,"minecraft:polished_blackstone_brick_slab":13,"minecraft:enchanting_table":16,"minecraft:armor_stand":5,"minecraft:light_gray_carpet":8,"minecraft:tinted_glass":7,"refurbished_furniture:light_fridge":1,"stoneworks:prismarine_plates":26,"minecraft:orange_stained_glass":79,"minecraft:brewing_stand":8,"minecraft:nether_quartz_ore":11,"aquamirae:terrible_sword":3,"minecraft:music_disc_mellohi":1,"minecraft:sea_lantern":270,"aquamirae:esca":1,"minecraft:iron_block":134,"minecraft:jungle_log":2,"supplementaries:speaker_block":2,"minecraft:bamboo":85,"minecraft:diamond_chestplate":11,"minecraft:basalt":21,"luminousworld:frost_golem_plaque":8,"mcwdoors:oak_glass_door":5,"stoneworks:stone_pavers":12,"minecraft:acacia_planks":1,"minecraft:cherry_log":8,"minecraft:wheat_seeds":70,"supplementaries:lapis_bricks":1,"minecraft:birch_planks":9,"minecraft:leather_boots":2,"stoneworks:calcite_pillar":35,"minecraft:rail":24,"minecraft:red_bed":15,"minecraft:campfire":16,"minecraft:spruce_log":140,"minecraft:warped_trapdoor":1,"minecraft:oak_button":1,"luminousworld:far_lands":2,"cozy_home:spruce_table":1,"minecraft:leather_helmet":1,"minecraft:bamboo_slab":58,"minecraft:spruce_sapling":403,"blue_skies:crescent_fruit":1,"minecraft:blue_carpet":1,"minecraft:pink_bed":7,"kawaiidishes:white_thigh_highs":1,"variantvanillablocks:spruce_bookshelf":10,"minecraft:crimson_stairs":2,"minecraft:porkchop":2,"minecraft:dandelion":10,"minecraft:green_stained_glass":18,"undead_revamp2:clogggerribswithbun":60,"minecraft:green_terracotta":10,"stoneworks:polished_prismarine":33,"supplementaries:globe":2,"paraglider:goddess_statue":2,"minecraft:jungle_planks":3,"minecraft:honey_bottle":4,"blue_skies:starlit_chest":4,"minecraft:bricks":1,"minecraft:lantern":242,"minecraft:mossy_cobblestone_slab":2,"supplementaries:candy":4,"kawaiidishes:cappuccino_coffee":2,"minecraft:end_rod":2,"kawaiidishes:latte_coffee":2,"minecraft:diamond_boots":9,"variantvanillablocks:oak_fletching_table":16,"minecraft:stone_pickaxe":68,"blue_skies:starlit_sapling":1,"minecraft:sandstone":4,"minecraft:diamond_axe":13661,"minecraft:sugar_cane":9,"luphieclutteredmod:luphie_orange_cat_plant_pot":1,"minecraft:light_blue_concrete":905,"luphieclutteredmod:luphie_cauldron_poster":1,"minecraft:dark_oak_log":2,"blue_skies:maple_planks":4,"minecraft:light_blue_concrete_powder":603,"minecraft:coarse_dirt":6,"minecraft:bone_meal":609,"minecraft:rose_bush":5,"cozy_home:telescope":9,"aquamirae:sea_stew":10,"minecraft:flint_and_steel":2,"minecraft:white_tulip":1,"minecraft:redstone":24,"variantvanillablocks:oak_smithing_table":3,"minecraft:ender_chest":88,"stoneworks:calcite_tiles":14,"minecraft:stone_hoe":73,"minecraft:dried_kelp_block":24,"minecraft:dirt":1086,"minecraft:prismarine_bricks":534,"stoneworks:prismarine_pillar":305,"minecraft:bee_nest":11,"minecraft:spruce_fence":13,"minecraft:brown_terracotta":30,"stoneworks:chiseled_dark_prismarine":2,"blue_skies:starlit_log":1,"minecraft:oak_stairs":28,"blue_skies:starlit_crafting_table":3,"minecraft:yellow_concrete_powder":103,"minecraft:lime_stained_glass":19,"minecraft:powder_snow_bucket":10,"minecraft:mossy_stone_brick_wall":1,"minecraft:bamboo_planks":113,"blue_skies:dusk_planks":28,"minecraft:cobblestone_stairs":13,"minecraft:birch_boat":20,"luminousworld:ishstone":7,"minecraft:warped_roots":1,"variantvanillablocks:oak_grindstone":4,"minecraft:warped_planks":83,"minecraft:wooden_hoe":5,"minecraft:black_wool":2,"minecraft:stone_slab":1,"minecraft:stone_axe":105,"refurbished_furniture:workbench":4,"aquamirae:painting_aurora":18,"minecraft:chest":100,"minecraft:allium":2,"minecraft:stripped_spruce_log":25,"minecraft:honeycomb":1,"minecraft:birch_sapling":30,"minecraft:polished_andesite_stairs":3,"minecraft:copper_ore":1,"minecraft:wet_sponge":2,"minecraft:stone_brick_stairs":7,"minecraft:stripped_mangrove_log":1,"minecraft:sweet_berries":3,"minecraft:furnace":30,"luphieclutteredmod:checkeredstrawberrywallpaperpink":188,"minecraft:spruce_door":15,"minecraft:cut_copper_slab":732,"luminousworld:auburnlog":2,"naturalist:duck_egg":1,"minecraft:cookie":2,"minecraft:netherite_helmet":2,"luminousworld:white_oak_slab":3,"minecraft:deepslate_tiles":2,"minecraft:chiseled_sandstone":2,"minecraft:crying_obsidian":8,"minecraft:lectern":170,"minecraft:wooden_sword":19,"minecraft:white_stained_glass":75,"minecraft:green_concrete_powder":81,"minecraft:pink_stained_glass":58,"minecraft:ice":15,"minecraft:iron_bars":11,"minecraft:red_concrete":12,"stoneworks:stone_plate_stairs":18,"minecraft:netherrack":1415,"minecraft:stick":22,"minecraft:anvil":21,"minecraft:wheat":59,"luphieclutteredmod:luphie_small_cauldron_set":1,"minecraft:bamboo_fence":14,"minecraft:glowstone":59,"luminousworld:monarch_jar":1,"minecraft:cobbled_deepslate":166,"minecraft:observer":47,"luminousworld:white_oak_stairs":8,"minecraft:fletching_table":1,"minecraft:pink_concrete":77,"minecraft:oak_slab":8,"mcwdoors:bamboo_barn_door":2,"minecraft:cod":1,"kawaiidishes:piece_of_cheesecake":4,"minecraft:mud":27,"minecraft:dark_prismarine":337,"minecraft:oxeye_daisy":1,"luphieclutteredmod:luphie_flowering_pink_log":1,"shieldsplus:stone_shield":18,"luminousworld:king_crab_plaque":5,"minecraft:crimson_nylium":21,"luphieclutteredmod:luphie_scattered_papers":3,"minecraft:red_concrete_powder":77,"minecraft:kelp":1,"minecraft:jukebox":3,"minecraft:diamond_hoe":60,"minecraft:oak_sign":19,"minecraft:bell":3,"mcwdoors:sliding_glass_door":5,"minecraft:iron_chestplate":6,"shieldsplus:iron_shield":24,"minecraft:deepslate_tile_slab":1,"minecraft:tuff":4,"minecraft:axolotl_bucket":2,"minecraft:milk_bucket":2,"minecraft:cyan_terracotta":4,"minecraft:crimson_roots":10,"minecraft:hay_block":14,"luphieclutteredmod:luphie_hoppin_park_lantern":20,"minecraft:golden_boots":2,"minecraft:dark_oak_stairs":13,"minecraft:dark_oak_sign":2,"minecraft:ender_pearl":2,"minecraft:redstone_block":29,"taxov:pirate_axe":3,"fnm_recrafted:scorchingberryplant":1,"minecraft:black_banner":6,"minecraft:note_block":1,"minecraft:stone_brick_wall":14,"burnt:burnt_stairs":1,"minecraft:redstone_torch":3,"fnm_recrafted:scorchingberry":5,"minecraft:cyan_bed":7,"minecraft:string":11,"minecraft:white_concrete":134,"minecraft:cobweb":6,"minecraft:experience_bottle":138,"minecraft:oak_fence":16,"minecraft:redstone_ore":82,"minecraft:spruce_planks":715,"cataclysm:coral_bardiche":4,"minecraft:oak_door":4,"minecraft:white_carpet":4,"luminousworld:grassflowers":2,"minecraft:light_blue_stained_glass":51,"minecraft:stone_brick_slab":4,"minecraft:bookshelf":28,"minecraft:yellow_stained_glass":91,"kawaiidishes:dark_brown_shoes":1,"minecraft:polished_blackstone_brick_stairs":4,"minecraft:golden_carrot":116,"luminousworld:blue_petunias":1,"minecraft:cooked_mutton":1,"minecraft:iron_ore":98,"minecraft:glass_bottle":211,"variantvanillablocks:oak_composter":1,"minecraft:beacon":1,"minecraft:stonecutter":2,"minecraft:painting":202,"minecraft:smoker":1,"cozy_home:cherry_desk":1,"minecraft:apple":4,"minecraft:cracked_polished_blackstone_bricks":56,"minecraft:netherite_axe":818,"twilightforest:mangrove_sapling":2,"minecraft:cracked_nether_bricks":3,"stoneworks:polished_calcite":15,"refurbished_furniture:light_electricity_generator":3,"minecraft:fishing_rod":20,"minecraft:cherry_stairs":16,"minecraft:white_banner":9,"minecraft:bucket":322,"minecraft:smooth_stone":450,"minecraft:writable_book":1,"minecraft:dispenser":8,"minecraft:poppy":9,"minecraft:soul_sand":9,"minecraft:snowball":139,"minecraft:weeping_vines":10,"minecraft:spruce_boat":7,"minecraft:jungle_sapling":1,"minecraft:lava_bucket":101,"minecraft:dark_oak_slab":4,"stoneworks:chiseled_prismarine":2,"minecraft:bow":1265,"minecraft:oak_sapling":29,"minecraft:cooked_cod":102,"luphieclutteredmod:small_shelf":7,"minecraft:dark_prismarine_stairs":5,"minecraft:mossy_stone_bricks":9,"minecraft:leather_leggings":2,"minecraft:prismarine":468,"minecraft:wooden_pickaxe":7,"minecraft:mossy_stone_brick_stairs":6,"luphieclutteredmod:luphie_pink_trapdoor":1,"minecraft:blast_furnace":5,"luphieclutteredmod:luphie_brown_desk":1,"minecraft:chiseled_quartz_block":2,"luminousworld:viper_plaque":7,"stoneworks:stone_paver_stairs":2,"minecraft:zombie_head":1,"luphieclutteredmod:luphie_hanging_plant_a":2,"minecraft:nether_wart_block":3,"minecraft:birch_log":3,"minecraft:oak_boat":21,"fnm_recrafted:nethermud":4,"luminousworld:whiteoaklog":110,"minecraft:carved_pumpkin":1,"minecraft:torch":1996,"luphieclutteredmod:luphie_blank_paper_pile":2,"minecraft:fern":1,"minecraft:mossy_cobblestone_stairs":7,"kawaiidishes:piece_of_honey_cheesecake":2,"stoneworks:stone_tile_stairs":4,"burnt:burnt_log":1,"minecraft:barrel":6,"minecraft:warped_stairs":2,"mcwdoors:bamboo_western_door":8,"minecraft:deepslate_emerald_ore":2,"villagersellanimals:crate_rabbit_cub":10,"stoneworks:stone_tiles":12,"luminousworld:white_oak_plank":21,"minecraft:cherry_planks":61,"minecraft:white_bed":99,"minecraft:diamond_pickaxe":40052,"minecraft:diamond_shovel":4412,"minecraft:spruce_trapdoor":12,"cataclysm:athame":1,"minecraft:enchanted_book":4,"minecraft:potion":78,"minecraft:cooked_porkchop":64,"minecraft:andesite_stairs":2,"minecraft:stripped_oak_log":63,"minecraft:diamond_leggings":10,"minecraft:cherry_sapling":6,"minecraft:bone_block":4,"minecraft:decorated_pot":3,"minecraft:nether_wart":11,"minecraft:grass":67,"luminousworld:decorative_brown_2":1,"cataclysm:stone_tiles":21,"minecraft:obsidian":38,"stoneworks:calcite_bricks":11,"minecraft:green_wool":41,"variantvanillablocks:bamboo_chest":1,"minecraft:item_frame":43,"minecraft:deepslate_diamond_ore":1,"minecraft:birch_trapdoor":2,"minecraft:gold_block":83,"minecraft:pink_concrete_powder":58,"luminousworld:decorative_brown_mushroom_1":4,"minecraft:wither_skeleton_skull":3,"minecraft:oak_planks":634,"minecraft:prismarine_stairs":179,"blue_skies:dusk_log":1,"luminousworld:groundpebbles_1":5,"minecraft:bamboo_stairs":62,"minecraft:white_wool":129,"twilightforest:bamboo_banister":10,"minecraft:lever":1,"minecraft:bread":1107,"luphieclutteredmod:luphie_pink_planks":2,"minecraft:warped_slab":13,"minecraft:prismarine_wall":1,"variantvanillablocks:spruce_chest":7,"minecraft:cooked_rabbit":2,"minecraft:chain":4,"minecraft:orange_concrete_powder":89,"minecraft:netherite_sword":3947,"minecraft:iron_hoe":119,"luphieclutteredmod:luphie_purple_jar_bookshelf":2,"minecraft:iron_boots":8,"kawaiidishes:coffee_machine":4,"paraglider:rito_goddess_statue":3,"minecraft:soul_soil":2,"minecraft:minecart":3,"minecraft:netherite_pickaxe":9434,"minecraft:cooked_beef":14,"minecraft:pumpkin":97,"minecraft:enchanted_golden_apple":7,"minecraft:light_gray_bed":4,"minecraft:iron_leggings":2,"taxov:block_sailor":2,"aquamirae:painting_anglerfish":10,"minecraft:snow_block":16,"minecraft:baked_potato":963,"luphieclutteredmod:luphie_plated_croissant":1,"luminousworld:white_petunias":2,"minecraft:dark_prismarine_slab":1,"variantvanillablocks:birch_crafting_table":4,"minecraft:bamboo_block":20,"minecraft:piston":18,"minecraft:flower_pot":2,"minecraft:cherry_door":4,"minecraft:jungle_stairs":14,"minecraft:pink_petals":1516,"minecraft:crimson_fungus":1,"minecraft:pumpkin_pie":1,"alexsmobs:animal_dictionary":4,"minecraft:spruce_slab":11,"minecraft:polished_blackstone":6,"minecraft:ladder":21,"minecraft:brown_concrete":144,"minecraft:netherite_shovel":339,"minecraft:grass_block":341,"blue_skies:maple_sapling":2,"mcwdoors:spruce_nether_door":1,"minecraft:dark_oak_boat":1,"minecraft:egg":1,"minecraft:potato":1104,"minecraft:brown_concrete_powder":84,"minecraft:diorite":10,"burnt:shale":2,"minecraft:stripped_birch_log":1,"minecraft:red_stained_glass":13,"cataclysm:abyssal_egg":4,"minecraft:oak_leaves":53,"variantvanillablocks:dark_oak_crafting_table":1,"minecraft:sand":8,"minecraft:blue_ice":14,"kawaiidishes:piece_of_chocolate_cheesecake":8,"minecraft:stone_button":28,"minecraft:lilac":4,"minecraft:soul_lantern":6,"minecraft:fire_charge":2,"luphieclutteredmod:stripped_luphie_flowering_log":1,"minecraft:acacia_log":3,"supplementaries:present_pink":7,"luphieclutteredmod:luphie_cluttered_cat_mugs":4,"minecraft:warped_wart_block":1,"minecraft:ancient_debris":17,"minecraft:twisting_vines":3,"minecraft:polished_diorite":4,"minecraft:shroomlight":11,"supplementaries:pedestal":41,"minecraft:iron_axe":42,"minecraft:spruce_button":1,"blue_skies:crescent_fruit_sapling":5,"minecraft:mud_bricks":2,"undead_revamp2:huntereye":2,"minecraft:smooth_basalt":80,"minecraft:blaze_rod":3,"minecraft:pointed_dripstone":9,"minecraft:crimson_stem":1,"minecraft:water_bucket":210,"minecraft:cracked_stone_bricks":134,"minecraft:polished_blackstone_bricks":182,"minecraft:gilded_blackstone":159,"kawaiidishes:yellow_headband_cat_ears_black":1,"twilightforest:twilight_oak_sapling":1,"minecraft:mossy_cobblestone":20,"cataclysm:stone_pillar":67,"shieldsplus:diamond_shield":22,"minecraft:crafting_table":61,"blue_skies:dusk_spear":3,"minecraft:dark_oak_fence_gate":2,"minecraft:oak_log":78,"minecraft:sunflower":1,"minecraft:iron_pickaxe":245,"minecraft:chiseled_stone_bricks":3,"minecraft:cobblestone":1286,"minecraft:black_candle":1,"luminousworld:amethyst_disc":2,"minecraft:candle":1,"aquamirae:three_bolt_helmet":9,"minecraft:white_concrete_powder":220,"minecraft:iron_sword":219,"minecraft:player_head":5,"minecraft:nether_bricks":124,"minecraft:prismarine_brick_stairs":13,"minecraft:carrot":69,"minecraft:glass":155,"variantvanillablocks:spruce_crafting_table":25,"minecraft:coal_ore":180,"overweight_farming:seeded_peeled_melon":1,"minecraft:quartz_slab":7,"variantvanillablocks:warped_crafting_table":2,"luminousworld:white_oak_sapling":26,"minecraft:iron_helmet":7,"minecraft:hopper_minecart":4,"minecraft:stone_bricks":85,"minecraft:red_carpet":5,"minecraft:redstone_lamp":33,"minecraft:honeycomb_block":1,"minecraft:magma_block":5,"minecraft:brown_carpet":2,"minecraft:scaffolding":274,"minecraft:gray_bed":1,"minecraft:polished_blackstone_stairs":2,"minecraft:blue_bed":1,"cataclysm:chiseled_stone_brick_pillar":52,"luminousworld:yellowpetunias":1,"mcwdoors:dark_oak_nether_door":1,"minecraft:black_bed":21,"minecraft:shears":598,"minecraft:green_concrete":26,"luminousworld:jar":4,"minecraft:gravel":47,"luminousworld:palmplank":1,"minecraft:chainmail_boots":2,"luminousworld:whiteoakleaves":2,"minecraft:andesite":2,"minecraft:music_disc_otherside":1,"minecraft:cut_copper_stairs":8,"minecraft:hopper":44,"minecraft:spruce_stairs":19,"minecraft:cobblestone_wall":2,"minecraft:diamond_helmet":10,"minecraft:oak_wood":1,"minecraft:granite":23,"minecraft:dark_oak_planks":27,"paraglider:horned_statue":1,"kawaiidishes:coffee_fruit":14,"luphieclutteredmod:purple_flower_shelf_candle":3,"minecraft:crimson_planks":9,"stoneworks:stone_shingles":2,"minecraft:stone_pressure_plate":1,"minecraft:amethyst_block":58,"minecraft:pink_tulip":16,"luminousworld:wallleaves":4,"minecraft:polished_andesite":10,"minecraft:copper_block":48,"minecraft:cobblestone_slab":1,"minecraft:book":31,"minecraft:nether_gold_ore":9,"minecraft:purple_stained_glass":57,"minecraft:map":1,"minecraft:red_banner":2,"minecraft:splash_potion":4},"minecraft:broken":{"minecraft:diamond_helmet":2,"minecraft:bow":1,"minecraft:iron_helmet":2,"luminousworld:shellmet_helmet":1,"minecraft:iron_pickaxe":2,"minecraft:diamond_chestplate":1},"minecraft:killed_by":{"minecraft:drowned":2,"minecraft:piglin":1,"minecraft:zombie":1,"enemyexpansion:sprinter":1,"minecraft:skeleton":2,"minecraft:piglin_brute":3,"minecraft:creeper":1},"minecraft:dropped":{"minecraft:porkchop":35,"minecraft:lapis_lazuli":242,"minecraft:diamond":8,"aquamirae:rune_of_the_storm":1,"minecraft:cooked_porkchop":4,"minecraft:warped_roots":6,"naturalist:bug_net":2,"luminousworld:gator_tooth":2,"blue_skies:snowbloom":1,"minecraft:cracked_stone_bricks":116,"minecraft:red_mushroom":15,"minecraft:emerald":27,"minecraft:gray_concrete":1,"minecraft:birch_fence":6,"minecraft:dark_oak_fence":1,"minecraft:gold_nugget":115,"minecraft:sand":6,"minecraft:dark_oak_planks":5,"minecraft:fishing_rod":3,"luminousworld:clovers_1":15,"minecraft:stone_axe":3,"minecraft:lever":1,"luminousworld:white_oak_plank":2,"minecraft:cobbled_deepslate":50,"minecraft:tinted_glass":1,"minecraft:black_carpet":14,"seadwellers:aquamarine":1,"minecraft:netherite_sword":2,"minecraft:wheat":58,"minecraft:rotten_flesh":320,"kawaiidishes:blue_headband_bunny_ears_caramel":1,"minecraft:warped_planks":3,"alexsmobs:leafcutter_ant_pupa":1,"minecraft:coal_ore":1,"kawaiidishes:piece_of_chocolate_cheesecake":1,"minecraft:quartz_block":16,"minecraft:leather_boots":1,"minecraft:acacia_sapling":5,"minecraft:leather_leggings":6,"minecraft:beef":7,"aquamirae:sharp_bones":23,"luminousworld:whiteoaklog":3,"minecraft:golden_boots":8,"minecraft:wheat_seeds":267,"luminousworld:ishstone":15,"minecraft:book":35,"minecraft:golden_apple":12,"minecraft:cobweb":5,"minecraft:cooked_salmon":2,"kawaiidishes:lime_headband":1,"minecraft:oak_stairs":1,"minecraft:pumpkin":20,"minecraft:white_banner":3,"minecraft:red_dye":6,"minecraft:smooth_stone":31,"shieldsplus:stone_shield":1,"mcwdoors:oak_glass_door":2,"minecraft:smooth_sandstone":37,"minecraft:blue_carpet":4,"minecraft:lily_pad":3,"artifacts:digging_claws":1,"aquamirae:music_disc_horizon":1,"minecraft:experience_bottle":1,"minecraft:clay_ball":65,"minecraft:cherry_slab":38,"minecraft:name_tag":2,"minecraft:oak_sign":1,"minecraft:shears":8,"kawaiidishes:pink_maid_dress_cat_tail_caramel":1,"minecraft:diamond_sword":9,"kawaiidishes:mug":2,"minecraft:cyan_wool":1,"minecraft:spruce_trapdoor":7,"minecraft:peony":2,"minecraft:spruce_planks":337,"twilightforest:transformation_sapling":3,"minecraft:diamond_pickaxe":6,"luphieclutteredmod:luphie_pink_log":6,"minecraft:bamboo":72,"minecraft:stone_bricks":38,"minecraft:sandstone":17,"minecraft:magma_block":66,"minecraft:terracotta":56,"minecraft:nether_brick_stairs":1,"minecraft:candle":1,"minecraft:moss_block":3,"luminousworld:yellowpetunias":4,"minecraft:oak_log":185,"minecraft:large_amethyst_bud":1,"minecraft:dark_oak_sapling":77,"minecraft:red_wool":9,"minecraft:mossy_cobblestone_wall":1,"minecraft:polished_blackstone_brick_wall":5,"minecraft:cod":38,"paraglider:spirit_orb":171,"twilightforest:sorting_sapling":3,"minecraft:packed_ice":32,"minecraft:ice":1,"kawaiidishes:bunny_suit_white_tail":1,"paraglider:paraglider":8,"stoneworks:calcite_bricks":5,"minecraft:gold_ingot":124,"burnt:burnt_dirt":3,"minecraft:cherry_stairs":63,"artifacts:villager_hat":1,"luphieclutteredmod:luphie_pink_trapdoor":2,"paraglider:deku_leaf":1,"minecraft:leather_chestplate":2,"minecraft:trident":1,"minecraft:stone_brick_wall":2,"minecraft:cracked_nether_bricks":6,"artifacts:scarf_of_invisibility":1,"minecraft:scaffolding":138,"minecraft:stone_hoe":2,"shieldsplus:diamond_shield":1,"minecraft:golden_helmet":1,"minecraft:cherry_log":76,"minecraft:lilac":7,"luminousworld:white_oak_sapling":4,"minecraft:andesite_wall":1,"aquamirae:wisteria_niveis":1,"minecraft:iron_block":3,"minecraft:black_candle":2,"minecraft:milk_bucket":3,"minecraft:repeater":1,"minecraft:melon_slice":12,"artifacts:crystal_heart":1,"minecraft:polished_andesite_stairs":3,"minecraft:stonecutter":1,"minecraft:kelp":15,"minecraft:oak_trapdoor":3,"minecraft:dark_prismarine_stairs":2,"cataclysm:coral_bardiche":1,"luminousworld:white_oak_slab":6,"minecraft:andesite":2,"burnt:burnt_stairs":1,"minecraft:spruce_log":1317,"minecraft:magma_cream":15,"kawaiidishes:piece_of_cheesecake":16,"minecraft:orange_tulip":1,"minecraft:leather_helmet":5,"minecraft:red_carpet":3,"minecraft:jack_o_lantern":3,"minecraft:wooden_sword":1,"minecraft:bone_block":5,"minecraft:bone_meal":14,"minecraft:sunflower":2,"minecraft:phantom_membrane":6,"minecraft:iron_pickaxe":8,"minecraft:sugar":11,"minecraft:polished_blackstone_slab":2,"kawaiidishes:black_bunny_ears":1,"kawaiidishes:pink_maid_dress_fox_tail_white":1,"minecraft:blue_bed":1,"minecraft:bone":120,"villagersellanimals:crate_rabbit_cub":2,"kawaiidishes:lime_thigh_highs":1,"minecraft:nether_brick":614,"minecraft:birch_sapling":23,"minecraft:light_gray_carpet":3,"minecraft:salmon":6,"kawaiidishes:brown_shoes":4,"minecraft:spruce_slab":9,"alexsmobs:mosquito_proboscis":1,"minecraft:netherite_pickaxe":2,"minecraft:polished_blackstone":1,"minecraft:golden_horse_armor":3,"fnm_recrafted:lostsoul":2,"fnm_recrafted:petrifiedtwig":3,"minecraft:iron_helmet":8,"minecraft:apple":44,"minecraft:polished_andesite":11,"minecraft:end_rod":2,"minecraft:dried_kelp_block":21,"luminousworld:whiteoakleaves":49,"minecraft:golden_carrot":10,"minecraft:wooden_hoe":1,"minecraft:mossy_cobblestone_stairs":6,"minecraft:prismarine_slab":2,"minecraft:string":57,"minecraft:spruce_sapling":44,"minecraft:furnace":1,"minecraft:moss_carpet":1,"burnt:burnt_planks":1,"aquamirae:terrible_sword":2,"minecraft:dark_oak_sign":2,"luphieclutteredmod:luphie_flowering_purple_log":1,"kawaiidishes:brown_headband_fox_ears_brown":1,"minecraft:spruce_fence":2,"minecraft:pumpkin_seeds":24,"minecraft:stone":1145,"paraglider:rito_goddess_statue":8,"kawaiidishes:piece_of_cake":3,"minecraft:birch_boat":2,"minecraft:quartz_slab":13,"supplementaries:flute":2,"minecraft:crimson_nylium":9,"minecraft:brown_mushroom":7,"minecraft:diamond_axe":6,"minecraft:baked_potato":157,"luminousworld:raw_squirrel":1,"minecraft:lantern":177,"luminousworld:blueberry":3,"minecraft:flint":5,"shieldsplus:iron_shield":5,"kawaiidishes:light_gray_maid_dress":1,"minecraft:crimson_roots":13,"minecraft:coast_armor_trim_smithing_template":4,"minecraft:gilded_blackstone":36,"minecraft:birch_log":5,"minecraft:white_tulip":16,"minecraft:blackstone":45,"minecraft:mangrove_roots":2,"kawaiidishes:brown_thigh_highs":2,"minecraft:cherry_sapling":1,"minecraft:diamond_shovel":5,"minecraft:prismarine":64,"variantvanillablocks:spruce_crafting_table":2,"minecraft:chiseled_stone_bricks":6,"minecraft:rabbit_hide":6,"supplementaries:ash":11,"kawaiidishes:cappuccino_coffee":3,"aquamirae:esca":3,"minecraft:chest":39,"minecraft:arrow":633,"minecraft:quartz":57,"aquamirae:ship_graveyard_echo":2,"minecraft:mossy_cobblestone":10,"minecraft:smithing_table":1,"minecraft:poisonous_potato":10,"minecraft:lead":2,"luminousworld:creepberries":10,"minecraft:copper_ingot":525,"minecraft:grass_block":1,"minecraft:stick":852,"kawaiidishes:coffee_fruit":58,"minecraft:smooth_red_sandstone":22,"naturalist:bass":1,"artifacts:obsidian_skull":2,"minecraft:smooth_quartz":1,"minecraft:smooth_quartz_slab":2,"minecraft:iron_axe":4,"artifacts:feral_claws":1,"minecraft:pink_petals":154,"minecraft:bucket":24,"minecraft:dandelion":4,"minecraft:redstone":302,"alexsmobs:maggot":4,"minecraft:coarse_dirt":8,"minecraft:nether_wart":2,"minecraft:blaze_rod":8,"minecraft:tuff":7,"supplementaries:globe":2,"taxov:pirate_axe":1,"minecraft:ender_eye":1,"cataclysm:stone_tiles":6,"minecraft:filled_map":3,"minecraft:snow":6,"minecraft:black_concrete_powder":14,"minecraft:diamond_chestplate":2,"stoneworks:polished_prismarine":32,"minecraft:blue_ice":10,"minecraft:oak_boat":2,"artifacts:cross_necklace":3,"minecraft:diamond_boots":2,"minecraft:slime_ball":7,"minecraft:cracked_deepslate_bricks":2,"minecraft:heartbreak_pottery_sherd":1,"minecraft:iron_sword":6,"minecraft:glass_bottle":60,"blue_skies:frostbright_sapling":2,"minecraft:dark_oak_slab":1,"minecraft:weeping_vines":2,"minecraft:black_bed":4,"blue_skies:dusk_leaves":1,"luminousworld:enchanted_root":1,"minecraft:gold_block":43,"alexsmobs:flying_fish":1,"minecraft:white_wool":108,"minecraft:iron_nugget":73,"aquamirae:dagger_of_greed":1,"minecraft:obsidian":5,"undead_revamp2:arapholia":7,"minecraft:oak_planks":54,"minecraft:nether_brick_fence":1,"luphieclutteredmod:luphie_sewing_table":1,"blue_skies:maple_sapling":2,"minecraft:rabbit_foot":2,"alexsmobs:blood_sac":3,"minecraft:red_nether_bricks":14,"minecraft:glass":1,"minecraft:stone_brick_stairs":10,"cataclysm:athame":1,"blue_skies:moonstone":2,"blue_skies:crescent_fruit":5,"kawaiidishes:purple_thigh_highs":3,"minecraft:lava_bucket":1,"luminousworld:raw_venison":5,"minecraft:cherry_planks":7,"minecraft:potion":45,"minecraft:mud":7,"minecraft:stone_brick_slab":1,"minecraft:snow_block":6,"twilightforest:rainbow_oak_sapling":2,"minecraft:soul_soil":37,"minecraft:iron_boots":10,"artifacts:golden_hook":1,"luphieclutteredmod:luphie_pink_heart_door":2,"minecraft:spruce_boat":1,"minecraft:flower_pot":3,"minecraft:piglin_banner_pattern":1,"aquamirae:spinefish":3,"minecraft:barrel":14,"fnm_recrafted:tailprotuberance":1,"minecraft:red_sand":31,"minecraft:bow":24,"minecraft:soul_sand":68,"minecraft:leather":45,"minecraft:iron_horse_armor":5,"kawaiidishes:green_thigh_highs":1,"minecraft:cobblestone_stairs":10,"minecraft:cracked_polished_blackstone_bricks":37,"aquamirae:three_bolt_helmet":1,"kawaiidishes:red_thigh_highs":2,"minecraft:snowball":330,"kawaiidishes:dark_brown_shoes":1,"minecraft:crimson_door":2,"shieldsplus:wooden_shield":3,"luminousworld:jar":1,"minecraft:pointed_dripstone":3,"minecraft:birch_fence_gate":4,"cataclysm:stone_tile_stairs":1,"luphieclutteredmod:luphie_purple_door":3,"fnm_recrafted:nethermud":7,"minecraft:iron_bars":5,"minecraft:white_concrete_powder":7,"minecraft:polished_granite":1,"minecraft:bread":318,"minecraft:plenty_pottery_sherd":1,"minecraft:mangrove_propagule":1,"minecraft:golden_axe":3,"minecraft:amethyst_block":81,"cataclysm:stone_pillar":2,"fnm_recrafted:witherbone":4,"minecraft:spruce_stairs":2,"alexsmobs:dropbear_claw":4,"minecraft:white_concrete":128,"minecraft:polished_blackstone_brick_slab":7,"minecraft:polished_basalt":2,"minecraft:polished_diorite":1,"minecraft:sweet_berries":57,"minecraft:weathered_copper":1,"minecraft:tall_grass":2,"minecraft:oxidized_cut_copper_stairs":3,"undead_revamp2:bostroxingot":4,"luminousworld:yellow_grassflowers":1,"alexsmobs:lobster_tail":3,"luminousworld:palmplank":19,"minecraft:golden_leggings":3,"minecraft:oak_sapling":14,"luminousworld:crimsonbutterflyjar":1,"undead_revamp2:clogggerribswithbun":1,"blue_skies:dusk_sapling":1,"minecraft:nautilus_shell":1,"minecraft:crimson_stem":1,"minecraft:crossbow":7,"minecraft:brewer_pottery_sherd":2,"minecraft:mossy_stone_brick_stairs":1,"minecraft:saddle":2,"kawaiidishes:magenta_thigh_highs":1,"minecraft:item_frame":1,"minecraft:dirt":260,"supplementaries:rope":10,"minecraft:stone_button":5,"backpacked:backpack":5,"minecraft:snout_armor_trim_smithing_template":1,"minecraft:cherry_button":3,"minecraft:chain":15,"minecraft:dark_oak_boat":1,"minecraft:oak_door":5,"minecraft:sugar_cane":55,"alexsmobs:gazelle_horn":2,"minecraft:pink_dye":3,"twilightforest:mangrove_sapling":1,"minecraft:white_bed":4,"kawaiidishes:yellow_headband_cat_ears_caramel":1,"minecraft:tipped_arrow":1,"minecraft:ladder":3,"minecraft:crying_obsidian":3,"luminousworld:beastiary":1,"minecraft:enchanted_book":8,"minecraft:iron_ingot":222,"minecraft:oak_fence":3,"minecraft:feather":3,"minecraft:cobblestone":268,"kawaiidishes:green_headband_cat_ears_black":1,"minecraft:coal":208,"blue_skies:dusk_spear":1,"minecraft:oxeye_daisy":1,"kawaiidishes:lime_maid_dress":1,"kawaiidishes:piece_of_honey_cheesecake":18,"minecraft:iron_trapdoor":1,"minecraft:rose_bush":9,"minecraft:rabbit":4,"minecraft:diamond_helmet":3,"minecraft:iron_shovel":3,"aquamirae:elodea":1,"minecraft:gray_carpet":1,"minecraft:bamboo_planks":1,"naturalist:duck_egg":1,"minecraft:stone_sword":4,"minecraft:bowl":13,"minecraft:deepslate":32,"minecraft:diamond_hoe":2,"twilightforest:time_sapling":3,"minecraft:stone_slab":6,"minecraft:nether_bricks":2,"minecraft:potato":58,"supplementaries:quiver":1,"minecraft:hay_block":2,"kawaiidishes:honey_cookie":56,"minecraft:carved_pumpkin":5,"minecraft:spider_eye":29,"minecraft:dark_prismarine":256,"minecraft:dark_oak_stairs":4,"minecraft:birch_planks":40,"cataclysm:lionfish":1,"luminousworld:spuds":3,"artifacts:flippers":1,"minecraft:polished_blackstone_brick_stairs":3,"minecraft:cherry_trapdoor":4,"minecraft:seagrass":3,"minecraft:cooked_cod":9,"blue_skies:crescent_fruit_sapling":1,"minecraft:polished_blackstone_bricks":48,"undead_revamp2:huntersackred":1,"minecraft:gravel":64,"minecraft:crimson_fungus":6,"minecraft:fern":8,"minecraft:beehive":4,"minecraft:carrot":130,"minecraft:poppy":2,"minecraft:gunpowder":33,"minecraft:blade_pottery_sherd":1,"minecraft:melon_seeds":2,"minecraft:azalea":1,"minecraft:basalt":9,"minecraft:netherrack":714,"minecraft:water_bucket":3,"luminousworld:sunset_petunias":3,"luminousworld:swamp_disk":1,"minecraft:diamond_leggings":6,"minecraft:prismarine_shard":26,"minecraft:spectral_arrow":9,"twilightforest:twilight_oak_sapling":5,"minecraft:diorite":14,"minecraft:brewing_stand":2,"minecraft:torch":5,"minecraft:iron_leggings":9,"minecraft:smooth_basalt":6,"minecraft:raw_iron":23,"minecraft:wither_skeleton_skull":1,"minecraft:iron_hoe":1,"alexsmobs:ancient_dart":1,"artifacts:flame_pendant":1,"minecraft:glass_pane":6,"luminousworld:beast_totem":1,"minecraft:iron_chestplate":11,"luminousworld:groundpebbles_1":2,"minecraft:quartz_stairs":3,"minecraft:mossy_stone_bricks":75,"kawaiidishes:expresso_coffee":1,"minecraft:golden_sword":9,"minecraft:stone_pickaxe":1,"minecraft:raw_gold":1,"minecraft:calcite":113,"supplementaries:candy":8,"luphieclutteredmod:luphie_glass_jars":1},"minecraft:picked_up":{"kawaiidishes:brown_headband_fox_ears_brown":1,"minecraft:enchanted_book":42,"kawaiidishes:black_maid_dress":1,"minecraft:blue_concrete":10,"minecraft:music_disc_cat":2,"minecraft:polished_blackstone_brick_stairs":16,"minecraft:string":709,"aquamirae:three_bolt_leggings":1,"blue_skies:starlit_sapling":1,"paraglider:deku_leaf":1,"kawaiidishes:lime_thigh_highs":1,"minecraft:polished_blackstone_stairs":2,"minecraft:jukebox":2,"kawaiidishes:red_stool":12,"aquamirae:esca":11,"minecraft:cauldron":311,"minecraft:green_terracotta":5,"minecraft:stone_sword":5,"minecraft:carved_pumpkin":5,"minecraft:glowstone":38,"supplementaries:quiver":5,"minecraft:end_rod":4,"minecraft:blaze_rod":77,"minecraft:snowball":514,"luminousworld:whiteoakleaves":100,"minecraft:feather":20,"supplementaries:candy":4,"minecraft:water_bucket":20,"minecraft:dark_oak_boat":7,"luphieclutteredmod:luphie_flowering_pink_log":1,"twilightforest:sorting_sapling":1,"luminousworld:frost_golem_plaque":5,"minecraft:pink_concrete_powder":2,"minecraft:lantern":329,"blue_skies:maple_log":1,"kawaiidishes:caramel_bunny_ears":1,"minecraft:stonecutter":9,"cataclysm:abyssal_egg":5,"kawaiidishes:lime_maid_dress":1,"kawaiidishes:red_thigh_highs":2,"luminousworld:creepberries":40,"minecraft:birch_fence_gate":4,"luphieclutteredmod:luphie_hoppin_park_lantern":5,"minecraft:iron_hoe":2,"minecraft:snout_armor_trim_smithing_template":4,"naturalist:antler":1,"minecraft:deepslate":32,"minecraft:granite":148,"minecraft:spruce_button":2,"minecraft:golden_horse_armor":14,"minecraft:light_gray_carpet":14,"minecraft:diamond_pickaxe":13,"minecraft:mud":80,"variantvanillablocks:cherry_crafting_table":1,"minecraft:clay_ball":98,"refurbished_furniture:wrench":2,"minecraft:redstone_lamp":32,"overweight_farming:seeded_peeled_melon":1,"minecraft:white_stained_glass":58,"minecraft:iron_shovel":6,"minecraft:glass_pane":77,"luminousworld:palm_log":3,"supplementaries:bomb":2,"minecraft:netherite_sword":4,"minecraft:jungle_sapling":1,"minecraft:minecart":3,"minecraft:birch_sapling":98,"minecraft:piston":18,"minecraft:stone":9824,"minecraft:raw_gold_block":10,"fnm_recrafted:petrifiedtwig":3,"minecraft:music_disc_mellohi":2,"kawaiidishes:purple_thigh_highs":3,"minecraft:diamond_chestplate":6,"minecraft:decorated_pot":4,"minecraft:hay_block":689,"minecraft:totem_of_undying":8,"minecraft:polished_blackstone":13,"minecraft:mutton":2,"minecraft:oxeye_daisy":4,"minecraft:rail":20,"minecraft:bone_block":48,"minecraft:heartbreak_pottery_sherd":1,"luphieclutteredmod:luphie_sewing_table":2,"minecraft:mud_bricks":2,"supplementaries:lapis_bricks":4,"minecraft:acacia_wood":1,"minecraft:paper":3,"luphieclutteredmod:luphie_brown_desk":1,"minecraft:wild_armor_trim_smithing_template":4,"minecraft:iron_ore":50,"minecraft:gray_bed":2,"burnt:shale":2,"shieldsplus:stone_shield":9,"minecraft:smooth_basalt":93,"minecraft:milk_bucket":5,"blue_skies:crescent_fruit_sapling":4,"minecraft:weathered_copper":1,"minecraft:light_blue_stained_glass":51,"taxov:block_sailor":2,"minecraft:brewer_pottery_sherd":2,"minecraft:diamond_shovel":6,"aquamirae:music_disc_forsaken_drownage":1,"minecraft:painting":196,"minecraft:polished_blackstone_brick_wall":15,"minecraft:baked_potato":9,"twilightforest:time_sapling":1,"minecraft:light_blue_concrete":942,"minecraft:nether_brick_fence":1,"minecraft:gilded_blackstone":149,"minecraft:stone_brick_stairs":25,"minecraft:warped_stairs":1,"alexsmobs:gazelle_horn":2,"alexsmobs:dropbear_claw":4,"minecraft:red_sand":3,"minecraft:bucket":81,"minecraft:white_tulip":80,"minecraft:smooth_quartz":1,"kawaiidishes:piece_of_honey_cheesecake":58,"cozy_home:telescope":9,"minecraft:tipped_arrow":1,"supplementaries:speaker_block":1,"minecraft:birch_trapdoor":1,"cataclysm:chiseled_stone_brick_pillar":52,"minecraft:spruce_stairs":3,"cataclysm:coral_chunk":9,"minecraft:andesite_wall":1,"luminousworld:soft_birch_log":1,"minecraft:obsidian":124,"minecraft:enchanting_table":15,"minecraft:pink_petals":1782,"minecraft:leather_chestplate":3,"minecraft:cherry_planks":112,"minecraft:andesite":60,"twilightforest:transformation_sapling":2,"minecraft:prismarine_bricks":1101,"supplementaries:flute":2,"luphieclutteredmod:stripped_luphie_green_log":1,"minecraft:dirt":2045,"stoneworks:chiseled_prismarine":2,"minecraft:glass":171,"minecraft:bone":892,"minecraft:wheat_seeds":1041,"aquamirae:wisteria_niveis":3,"minecraft:bow":31,"minecraft:orange_tulip":1,"minecraft:grindstone":3,"minecraft:netherite_axe":1,"minecraft:fletching_table":1,"minecraft:prismarine":1010,"luphieclutteredmod:luphie_retro_pink_fridge":1,"minecraft:nether_brick_stairs":1,"minecraft:diamond_block":4,"minecraft:spectral_arrow":62,"luminousworld:amethyst_disc":3,"cataclysm:music_disc_netherite_monstrosity":1,"twilightforest:twilight_oak_sapling":5,"minecraft:slime_block":43,"minecraft:netherite_helmet":1,"minecraft:soul_lantern":11,"minecraft:cracked_polished_blackstone_bricks":111,"minecraft:crossbow":18,"luphieclutteredmod:luphie_cluttered_cat_mugs":3,"minecraft:netherrack":3414,"minecraft:oak_leaves":165,"burnt:burnt_stairs":4,"kawaiidishes:yellow_maid_dress_devil_tail_red":2,"minecraft:ladder":8,"naturalist:venison":1,"minecraft:brick":36,"minecraft:moss_carpet":3,"overweight_farming:vegetable_peels":1,"variantvanillablocks:spruce_crafting_table":6,"minecraft:birch_fence":44,"minecraft:blue_orchid":9,"aquamirae:luminescent_bubble":1,"luminousworld:white_oak_plank":17,"aquamirae:shell_horn":3,"minecraft:note_block":1,"minecraft:brown_concrete_powder":8,"minecraft:cookie":2,"luphieclutteredmod:small_shelf":8,"luphieclutteredmod:anchorwallpaperwainscot":15,"minecraft:weeping_vines":7,"minecraft:nether_bricks":3,"artifacts:cross_necklace":4,"minecraft:black_banner":40,"minecraft:skeleton_skull":14,"minecraft:netherite_boots":1,"minecraft:leather":385,"minecraft:crimson_fungus":6,"luminousworld:tree_ant_trophy":9,"minecraft:gunpowder":37,"minecraft:cobblestone_wall":2,"luphieclutteredmod:luphie_white_armchair":2,"minecraft:cooked_mutton":1,"stoneworks:stone_tiles":12,"minecraft:gray_carpet":3,"minecraft:rabbit_hide":34,"minecraft:iron_ingot":2179,"luphieclutteredmod:checkeredstrawberrywallpaperpink":75,"luphieclutteredmod:small_pink_shelf":2,"minecraft:emerald_block":12,"minecraft:black_candle":3,"minecraft:nether_quartz_ore":11,"minecraft:stone_brick_slab":10,"minecraft:amethyst_shard":114,"minecraft:nether_brick_slab":1,"minecraft:spruce_door":7,"luminousworld:whiteoaklog":232,"minecraft:white_concrete_powder":139,"minecraft:prismarine_wall":20,"minecraft:gray_banner":1,"cataclysm:crystallized_coral_fragments":1,"minecraft:cherry_sapling":52,"minecraft:mossy_cobblestone_stairs":16,"minecraft:terracotta":120,"kawaiidishes:cyan_headband_fox_ears_white":1,"minecraft:iron_chestplate":24,"minecraft:prismarine_shard":37,"minecraft:anvil":90,"minecraft:oak_stairs":11,"minecraft:golden_sword":13,"minecraft:weathered_cut_copper_stairs":4,"minecraft:soul_soil":3,"minecraft:cooked_salmon":32,"minecraft:red_nether_bricks":14,"minecraft:gold_nugget":2052,"minecraft:spruce_planks":188,"twilightforest:stripped_canopy_log":1,"minecraft:enchanted_golden_apple":13,"minecraft:coal_block":83,"minecraft:golden_helmet":3,"minecraft:beehive":16,"minecraft:warped_planks":9,"minecraft:rabbit_foot":8,"undead_revamp2:cloogerribs":112,"luphieclutteredmod:luphie_pink_log":21,"minecraft:bamboo_block":5,"minecraft:light_gray_bed":4,"luminousworld:yellow_grassflowers":2,"minecraft:cyan_terracotta":6,"minecraft:netherite_chestplate":2,"minecraft:birch_log":143,"minecraft:magma_block":55,"minecraft:iron_door":1,"minecraft:cherry_leaves":26,"stoneworks:calcite_bricks":6,"minecraft:green_concrete_powder":10,"kawaiidishes:coffee_powder":40,"minecraft:stripped_spruce_wood":1,"cataclysm:coral_spear":1,"minecraft:netherite_leggings":2,"minecraft:gray_concrete":1,"undead_revamp2:blacpetalblock":1,"minecraft:glowstone_dust":59,"minecraft:warped_wart_block":4,"minecraft:crimson_door":2,"minecraft:dark_oak_log":8,"luphieclutteredmod:luphie_purple_planks":6,"aquamirae:rune_of_the_storm":3,"artifacts:crystal_heart":1,"minecraft:writable_book":4,"minecraft:blue_ice":24,"minecraft:bread":868,"minecraft:dark_oak_fence":60,"luminousworld:groundpebbles_1":9,"minecraft:coarse_dirt":13,"mcwdoors:spruce_nether_door":1,"minecraft:nether_wart":143,"cataclysm:stone_tile_stairs":1,"shieldsplus:wooden_shield":1,"minecraft:conduit":2,"twilightforest:stripped_transformation_wood":1,"minecraft:stripped_mangrove_log":2,"aquamirae:sharp_bones":93,"supplementaries:globe":2,"stoneworks:stone_paver_stairs":4,"stoneworks:prismarine_plates":10,"minecraft:netherite_scrap":31,"luminousworld:submerged":1,"minecraft:compass":5,"aquamirae:dead_sea_scroll":3,"minecraft:music_disc_otherside":1,"minecraft:beef":98,"minecraft:cyan_wool":1,"minecraft:chest":277,"blue_skies:lunar_wood":1,"minecraft:carrot":693,"minecraft:redstone":1441,"minecraft:prismarine_crystals":28,"minecraft:diamond_boots":2,"minecraft:shears":4,"minecraft:cut_copper":6,"minecraft:gold_ingot":611,"minecraft:glow_berries":21,"minecraft:white_wool":407,"minecraft:stripped_oak_log":21,"luminousworld:palmplank":8,"blue_skies:dusk_planks":10,"minecraft:red_mushroom":52,"minecraft:filled_map":5,"minecraft:blue_bed":2,"minecraft:stone_bricks":296,"twilightforest:mangrove_sapling":2,"minecraft:prismarine_brick_stairs":6,"minecraft:dark_oak_slab":3,"luphieclutteredmod:luphie_pink_trapdoor":9,"minecraft:spyglass":6,"minecraft:gravel":793,"minecraft:spruce_sapling":503,"refurbished_furniture:workbench":1,"blue_skies:bluebright_log":1,"kawaiidishes:bunny_suit_white_tail":1,"minecraft:red_stained_glass":13,"minecraft:stone_axe":6,"minecraft:polished_diorite":8,"minecraft:scute":7,"minecraft:diamond_axe":13,"minecraft:crimson_nylium":47,"minecraft:stripped_dark_oak_log":10,"minecraft:mangrove_propagule":2,"kawaiidishes:yellow_thigh_highs":2,"minecraft:wheat":309,"minecraft:redstone_block":68,"minecraft:raw_copper":875,"fnm_recrafted:witherbone":15,"blue_skies:dusk_stick":7,"minecraft:armor_stand":16,"minecraft:netherite_ingot":5,"minecraft:activator_rail":12,"minecraft:deepslate_tiles":2,"minecraft:calcite":211,"minecraft:iron_boots":21,"minecraft:stick":753,"aquamirae:frozen_key":3,"minecraft:oak_fence":10,"minecraft:snow_block":21,"minecraft:pointed_dripstone":12,"stoneworks:chiseled_dark_prismarine":3,"kawaiidishes:blue_headband_bunny_ears_caramel":1,"minecraft:green_wool":57,"undead_revamp2:arapholia":14,"minecraft:cod":80,"minecraft:magma_cream":150,"cataclysm:coral_bardiche":3,"minecraft:chiseled_quartz_block":2,"supplementaries:item_shelf":4,"alexsmobs:bear_fur":5,"aquamirae:three_bolt_helmet":5,"twilightforest:stripped_mining_log":1,"minecraft:wither_skeleton_skull":14,"minecraft:polished_granite":1,"minecraft:leather_boots":4,"luphieclutteredmod:luphie_cauldron_poster":1,"kawaiidishes:mug":105,"minecraft:ghast_tear":8,"kawaiidishes:red_maid_dress_cat_tail_white":1,"minecraft:polished_blackstone_slab":3,"minecraft:sand":610,"seadwellers:iron_relics":2,"luminousworld:enchanted_root":1,"minecraft:dark_prismarine":922,"cozy_home:cherry_plank":32,"minecraft:dark_prismarine_slab":1,"cataclysm:tidal_claws":4,"artifacts:golden_hook":1,"minecraft:white_concrete":392,"kawaiidishes:piece_of_cheesecake":70,"stoneworks:stone_plate_stairs":30,"minecraft:oak_sapling":57,"supplementaries:present_pink":9,"minecraft:cocoa_beans":67,"undead_revamp2:bostroxingot":13,"minecraft:charcoal":6,"kawaiidishes:green_thigh_highs":2,"minecraft:iron_axe":19,"stoneworks:prismarine_pillar":154,"minecraft:quartz_slab":2,"kawaiidishes:honey_cookie":55,"minecraft:candle":2,"minecraft:andesite_stairs":2,"minecraft:oak_boat":17,"minecraft:player_head":6,"minecraft:tinted_glass":8,"aquamirae:three_bolt_boots":1,"luminousworld:gator_tooth":2,"minecraft:spruce_trapdoor":8,"minecraft:bowl":4,"minecraft:stone_button":43,"minecraft:iron_horse_armor":8,"luphieclutteredmod:luphie_pink_heart_door":2,"minecraft:arrow":303,"minecraft:jungle_stairs":5,"minecraft:saddle":20,"minecraft:wet_sponge":59,"minecraft:air":114,"minecraft:glow_ink_sac":3,"minecraft:crimson_stem":4,"kawaiidishes:blue_headband":2,"minecraft:birch_planks":50,"kawaiidishes:brown_shoes":10,"minecraft:cobblestone_stairs":24,"luminousworld:frigid_horn":1,"minecraft:deepslate_tile_slab":1,"minecraft:cut_copper_slab":321,"twilightforest:bamboo_banister":7,"naturalist:bass":1,"minecraft:smooth_sandstone":37,"minecraft:heart_of_the_sea":1,"minecraft:mossy_stone_brick_wall":1,"minecraft:soul_sand":33,"minecraft:green_dye":15,"minecraft:book":1339,"minecraft:scaffolding":349,"minecraft:pumpkin":228,"twilightforest:hollow_oak_sapling":1,"luphieclutteredmod:luphie_plated_croissant":1,"minecraft:red_concrete_powder":4,"minecraft:birch_boat":21,"minecraft:raw_iron_block":4,"luminousworld:sunset_petunias":4,"burnt:burnt_dirt":14,"minecraft:white_bed":99,"minecraft:mossy_stone_brick_slab":1,"variantvanillablocks:dark_oak_crafting_table":5,"blue_skies:monitor_tail":3,"kawaiidishes:light_blue_headband_fox_ears_white":1,"minecraft:iron_helmet":28,"minecraft:coal":5503,"minecraft:suspicious_stew":1,"minecraft:stone_slab":7,"minecraft:smithing_table":1,"minecraft:lead":22,"kawaiidishes:cappuccino_coffee":13,"kawaiidishes:lime_headband_bunny_ears_caramel":1,"stoneworks:polished_prismarine":65,"blue_skies:frostbright_log":2,"minecraft:pufferfish":16,"minecraft:shroomlight":14,"minecraft:diamond_leggings":11,"obscure_api:astral_dust":5,"kawaiidishes:cocoa_powder":53,"luphieclutteredmod:luphie_blank_paper_pile":1,"minecraft:polished_blackstone_brick_slab":27,"minecraft:big_dripleaf":1,"minecraft:acacia_log":3,"luphieclutteredmod:luphie_small_cauldron_set":1,"minecraft:cut_copper_stairs":5,"kawaiidishes:brown_headband_horns_black":1,"minecraft:golden_axe":6,"kawaiidishes:coffee_machine":15,"minecraft:honeycomb_block":1,"minecraft:golden_chestplate":1,"minecraft:brown_carpet":6,"minecraft:honey_bottle":77,"luphieclutteredmod:luphie_pink_slab":17,"artifacts:villager_hat":2,"minecraft:blackstone_wall":1,"minecraft:polished_basalt":2,"supplementaries:ash":43,"minecraft:iron_bars":44,"minecraft:copper_block":39,"kawaiidishes:light_gray_maid_dress":1,"minecraft:flint":121,"luminousworld:raw_venison":5,"minecraft:cherry_fence":2,"minecraft:purple_stained_glass":56,"artifacts:flippers":1,"stoneworks:stone_tile_stairs":4,"kawaiidishes:black_bunny_ears":1,"minecraft:large_amethyst_bud":3,"minecraft:dark_oak_sign":4,"minecraft:rabbit":19,"minecraft:diamond_helmet":4,"aquamirae:terrible_sword":2,"minecraft:honeycomb":68,"minecraft:stripped_crimson_stem":3,"minecraft:stripped_spruce_log":16,"naturalist:duck_egg":4,"cataclysm:stone_tiles":44,"luphieclutteredmod:luphie_hanging_plant_a":2,"luminousworld:beast_totem":2,"minecraft:polished_andesite":22,"luminousworld:yellowpetunias":20,"minecraft:lever":1,"supplementaries:bubble_blower":1,"shieldsplus:iron_shield":9,"minecraft:jack_o_lantern":1,"minecraft:crimson_roots":33,"minecraft:bee_nest":16,"fnm_recrafted:scorchingberryplant":2,"luminousworld:decorative_brown_2":2,"minecraft:leather_leggings":4,"backpacked:backpack":5,"minecraft:cornflower":1,"blue_skies:stripped_starlit_wood":1,"minecraft:flint_and_steel":3,"minecraft:white_carpet":5,"minecraft:stripped_warped_stem":2,"minecraft:poppy":45,"minecraft:spruce_slab":7,"minecraft:diamond_hoe":3,"minecraft:copper_ore":2,"burnt:burnt_planks":10,"naturalist:duck":3,"luminousworld:blue_petunias":1,"kawaiidishes:dark_brown_shoes":1,"minecraft:fire_charge":2,"kawaiidishes:yellow_headband_cat_ears_black":3,"minecraft:netherite_pickaxe":2,"mcwdoors:bamboo_western_door":6,"aquamirae:sea_stew":6,"seadwellers:icy_loot_crate":3,"minecraft:cracked_deepslate_bricks":2,"artifacts:pocket_piston":1,"twilightforest:darkwood_sapling":1,"minecraft:clock":1,"minecraft:smooth_red_sandstone":27,"luminousworld:ishstone":30,"minecraft:fern":18,"aquamirae:spinefish":4,"minecraft:lily_pad":69,"alexsmobs:mosquito_proboscis":2,"minecraft:apple":159,"minecraft:yellow_stained_glass":78,"minecraft:stone_pickaxe":3,"minecraft:blade_pottery_sherd":1,"naturalist:bug_net":3,"minecraft:tall_grass":7,"minecraft:dark_oak_stairs":4,"minecraft:polished_andesite_stairs":16,"minecraft:sweet_berries":113,"minecraft:red_wool":10,"minecraft:cracked_nether_bricks":3,"minecraft:crying_obsidian":17,"minecraft:leather_helmet":8,"minecraft:oak_wood":2,"minecraft:coal_ore":98,"minecraft:slime_ball":328,"minecraft:tide_armor_trim_smithing_template":1,"kawaiidishes:purple_headband_horns_red":1,"minecraft:lodestone":1,"minecraft:smooth_quartz_slab":3,"minecraft:hopper":90,"aquamirae:elodea":1,"minecraft:prismarine_stairs":141,"minecraft:black_carpet":21,"minecraft:ender_chest":89,"seadwellers:aquamarine":61,"seadwellers:gold_relics":1,"minecraft:lapis_block":21,"blue_skies:comet_wood":1,"aquamirae:dagger_of_greed":3,"minecraft:experience_bottle":12,"kawaiidishes:expresso_coffee":1,"alexsmobs:blood_sac":17,"minecraft:smooth_stone":232,"minecraft:red_dye":12,"minecraft:rose_bush":220,"minecraft:cobblestone_slab":7,"minecraft:azalea":1,"minecraft:iron_pickaxe":22,"minecraft:blue_wool":3,"variantvanillablocks:oak_fletching_table":2,"minecraft:acacia_fence":2,"luminousworld:viper_plaque":6,"blue_skies:starlit_chest":4,"minecraft:diorite":41,"shieldsplus:diamond_shield":3,"kawaiidishes:pink_maid_dress_cat_tail_caramel":1,"stoneworks:calcite_tiles":4,"minecraft:rotten_flesh":542,"kawaiidishes:yellow_headband_cat_ears_caramel":1,"cataclysm:stone_pillar":111,"minecraft:blaze_powder":5,"minecraft:cobblestone":5797,"minecraft:lilac":9,"minecraft:repeater":1,"minecraft:black_bed":32,"minecraft:golden_leggings":3,"kawaiidishes:light_gray_thigh_highs":2,"minecraft:potato":3585,"aquamirae:painting_aurora":18,"minecraft:stripped_birch_log":1,"minecraft:name_tag":13,"minecraft:acacia_planks":6,"fnm_recrafted:tailprotuberance":2,"luminousworld:white_oak_stairs":13,"seadwellers:copper_relics":5,"minecraft:mossy_stone_bricks":248,"minecraft:bamboo":1343,"kawaiidishes:lime_headband":1,"minecraft:grass_block":19,"minecraft:mossy_cobblestone":150,"minecraft:sugar":40,"minecraft:yellow_carpet":9,"luminousworld:blueberry":3,"minecraft:grass":207,"minecraft:bone_meal":210,"minecraft:golden_apple":27,"minecraft:emerald":813,"minecraft:splash_potion":8,"minecraft:packed_ice":846,"minecraft:brown_mushroom":17,"minecraft:stone_brick_wall":27,"minecraft:chain":34,"minecraft:orange_stained_glass":69,"minecraft:oak_trapdoor":4,"minecraft:blackstone":355,"refurbished_furniture:light_electricity_generator":2,"minecraft:cherry_stairs":80,"minecraft:polished_blackstone_bricks":256,"minecraft:stone_pressure_plate":1,"luminousworld:white_oak_sapling":37,"minecraft:pumpkin_pie":1,"minecraft:pink_tulip":44,"minecraft:glistering_melon_slice":2,"minecraft:prismarine_slab":2,"minecraft:basalt":29,"minecraft:golden_carrot":57,"minecraft:magenta_banner":2,"minecraft:ice":19,"kawaiidishes:latte_coffee":1,"minecraft:red_carpet":4,"minecraft:coast_armor_trim_smithing_template":6,"minecraft:deepslate_emerald_ore":2,"blue_skies:frostbright_sapling":1,"minecraft:pink_bed":7,"artifacts:obsidian_skull":2,"luminousworld:clovers_1":54,"minecraft:quartz":1275,"minecraft:dandelion":74,"luphieclutteredmod:luphie_purple_door":4,"minecraft:lava_bucket":12,"minecraft_earth_mobs:pink_daisy":109,"kawaiidishes:cheese_cake":2,"minecraft:light_blue_concrete_powder":5,"minecraft:pumpkin_seeds":56,"kawaiidishes:brown_thigh_highs":3,"minecraft:damaged_anvil":1,"minecraft:sunflower":38,"minecraft:wooden_axe":2,"minecraft:seagrass":8,"luminousworld:swamp_disk":2,"minecraft:chainmail_boots":2,"minecraft:flower_pot":13,"luphieclutteredmod:luphie_flowering_purple_log":1,"minecraft:diamond_sword":15,"minecraft:brewing_stand":20,"minecraft:amethyst_block":222,"paraglider:goddess_statue":2,"minecraft:orange_concrete_powder":21,"minecraft:cobbled_deepslate":538,"luminousworld:blizzard":1,"blue_skies:starlit_crafting_table":2,"minecraft:written_book":1,"minecraft:netherite_upgrade_smithing_template":7,"minecraft:melon_slice":464,"minecraft:dark_oak_door":1,"kawaiidishes:roasted_cocoa_beans":146,"blue_skies:maple_sapling":2,"minecraft:composter":2,"minecraft:cherry_log":140,"luminousworld:grassflowers":6,"minecraft:tropical_fish":1,"blue_skies:stripped_bluebright_wood":2,"minecraft:iron_block":38,"luminousworld:far_lands":3,"burnt:arrow_catch_block_2":6,"alexsmobs:lobster_tail":5,"minecraft:mossy_cobblestone_slab":5,"minecraft:smoker":4,"supplementaries:soap":5,"minecraft:map":1,"minecraft:cherry_door":1,"aquamirae:fin":93,"minecraft:twisting_vines":3,"minecraft:moss_block":5,"refurbished_furniture:cherry_toilet":1,"stoneworks:calcite_pillar":15,"aquamirae:anglers_fang":2,"minecraft:ink_sac":4,"minecraft:fermented_spider_eye":23,"minecraft:barrel":79,"aquamirae:music_disc_horizon":2,"cataclysm:lionfish":1,"minecraft:dispenser":1,"minecraft:black_concrete_powder":14,"minecraft:green_concrete":35,"fnm_recrafted:scorchingberry":2,"alexsmobs:maggot":9,"minecraft:plenty_pottery_sherd":1,"minecraft:cherry_slab":58,"minecraft:bricks":1,"minecraft:crafting_table":6,"luphieclutteredmod:luphie_flowering_yellow_log":1,"luphieclutteredmod:luphie_pink_mini_cabinet":2,"blue_skies:bluebright_sapling":1,"minecraft:red_bed":16,"minecraft:snow":8,"minecraft:cracked_stone_bricks":290,"minecraft:deepslate_diamond_ore":1,"aquamirae:painting_anglerfish":7,"minecraft:iron_nugget":234,"minecraft:quartz_stairs":3,"minecraft:egg":15,"luminousworld:spuds":3,"minecraft:sandstone":21,"minecraft:oak_door":1,"kawaiidishes:orange_maid_dress_bunny_tail_black":1,"supplementaries:pedestal":31,"minecraft:spruce_fence":11,"luphieclutteredmod:purple_flower_shelf_candle":2,"minecraft:blue_carpet":9,"luminousworld:decorative_brown_mushroom_1":8,"minecraft:cooked_cod":192,"minecraft:peony":3,"variantvanillablocks:oak_grindstone":2,"aquamirae:treasure_pouch":6,"blue_skies:moonstone_shard":1,"fnm_recrafted:lostsoul":13,"luphieclutteredmod:luphie_pastel_wall_bookshelf":1,"blue_skies:snowbloom":2,"minecraft:brown_concrete":194,"minecraft:oak_log":802,"luphieclutteredmod:luphie_scattered_papers":2,"minecraft:ancient_debris":59,"minecraft:golden_boots":16,"enemyexpansion:scorpion_tail":1,"kawaiidishes:green_headband_cat_ears_black":1,"minecraft:white_banner":21,"mcwdoors:sliding_glass_door":4,"minecraft:kelp":28,"twilightforest:mining_log":1,"minecraft:cobweb":124,"kawaiidishes:coffee_fruit":141,"minecraft:glass_bottle":39,"minecraft:iron_sword":10,"minecraft:flowering_azalea":2,"kawaiidishes:roasted_coffee_beans":40,"aquamirae:ship_graveyard_echo":25,"stoneworks:stone_pavers":12,"minecraft:spruce_log":265,"minecraft:sea_lantern":302,"blue_skies:starlit_log":16,"undead_revamp2:beespheromones":1,"minecraft:redstone_ore":18,"minecraft:warped_roots":5,"minecraft:melon_seeds":2,"minecraft:pink_dye":177,"minecraft:ender_pearl":24,"cataclysm:monstrous_horn":1,"minecraft:iron_trapdoor":1,"minecraft:turtle_egg":4,"minecraft:potion":95,"minecraft:nether_brick":1007,"minecraft:crimson_planks":1,"mcwdoors:dark_oak_nether_door":1,"aquamirae:pirate_pouch":3,"fnm_recrafted:nethermud":11,"minecraft:iron_leggings":16,"minecraft:zombie_head":1,"twilightforest:rainbow_oak_sapling":1,"minecraft:oak_sign":9,"minecraft:tnt_minecart":2,"luphieclutteredmod:luphie_pink_planks":5,"minecraft:furnace":21,"blue_skies:dusk_log":17,"minecraft:brown_terracotta":4,"minecraft:torch":376,"stoneworks:polished_calcite":15,"minecraft:porkchop":163,"seadwellers:hunter_loot_crate":11,"minecraft:music_disc_pigstep":1,"minecraft:yellow_concrete_powder":18,"luminousworld:shellmet_helmet":2,"minecraft:quartz_block":37,"kawaiidishes:light_blue_thigh_highs":1,"minecraft:nether_gold_ore":9,"cataclysm:athame":2,"supplementaries:altimeter":1,"minecraft:stripped_birch_wood":1,"paraglider:paraglider":8,"minecraft:nautilus_shell":35,"blue_skies:crescent_fruit":22,"luphieclutteredmod:luphie_empty_plate":3,"paraglider:spirit_orb":413,"minecraft:tuff":148,"supplementaries:flax_seeds":2,"undead_revamp2:huntereye":25,"artifacts:flame_pendant":1,"minecraft:lapis_lazuli":1263,"minecraft:weathered_cut_copper":1,"kawaiidishes:piece_of_chocolate_cheesecake":13,"luminousworld:white_oak_slab":130,"minecraft:raw_gold":220,"minecraft:bell":3,"mcwdoors:oak_glass_door":6,"minecraft:powered_rail":6,"minecraft:stone_hoe":2,"minecraft:oak_planks":119,"minecraft:mossy_stone_brick_stairs":13,"minecraft:pink_stained_glass":50,"minecraft:pink_concrete":77,"minecraft:cooked_porkchop":10,"kawaiidishes:pink_maid_dress_fox_tail_white":1,"minecraft:oak_pressure_plate":2,"minecraft:poisonous_potato":25,"minecraft:jungle_planks":2,"minecraft:cyan_bed":8,"minecraft:chiseled_sandstone":3,"minecraft:exposed_cut_copper":1,"seadwellers:collector_loot_crate":12,"luminousworld:king_crab_plaque":4,"minecraft:mangrove_wood":1,"minecraft:diamond":204,"minecraft:spruce_boat":6,"minecraft:nether_star":1,"minecraft:fishing_rod":6,"luminousworld:wallleaves":4,"minecraft:chicken":5,"minecraft:chest_minecart":3,"minecraft:wooden_pickaxe":1,"minecraft:gold_block":296,"minecraft:item_frame":16,"paraglider:rito_goddess_statue":11,"minecraft:dark_prismarine_stairs":7,"minecraft:mossy_cobblestone_wall":2,"minecraft:observer":43,"cataclysm:abyssal_sacrifice":1,"minecraft:lectern":73,"stoneworks:stone_shingles":2,"minecraft:sugar_cane":782,"minecraft:phantom_membrane":6,"kawaiidishes:piece_of_cake":29,"minecraft:dark_oak_sapling":157,"minecraft:raw_iron":932,"cozy_home:spruce_table":1,"minecraft:copper_ingot":806,"luphieclutteredmod:luphie_purple_jar_bookshelf":2,"luminousworld:raw_squirrel":1,"alexsmobs:leafcutter_ant_pupa":4,"kawaiidishes:magenta_thigh_highs":1,"minecraft:dark_oak_planks":13,"fnm_recrafted:yongirescale":1,"variantvanillablocks:spruce_chest":6,"paraglider:horned_statue":2,"minecraft:lime_stained_glass":4,"blue_skies:dusk_leaves":4,"minecraft:oxidized_cut_copper_stairs":3,"minecraft:salmon":29,"blue_skies:moonstone":2,"blue_skies:stripped_frostbright_wood":1,"minecraft:waxed_copper_block":1,"blue_skies:lunar_stick":6,"minecraft:nether_wart_block":3,"blue_skies:dusk_wood":1,"cataclysm:infernal_forge":1,"minecraft:red_sandstone":4,"luminousworld:white_petunias":2,"minecraft:acacia_sapling":22,"minecraft:oak_slab":21,"minecraft:bamboo_fence":2,"minecraft:bamboo_planks":24,"minecraft:chiseled_stone_bricks":10,"minecraft:blast_furnace":6,"minecraft:spider_eye":206,"minecraft:dried_kelp_block":159,"minecraft:campfire":6,"minecraft:black_wool":89,"minecraft:red_concrete":60},"minecraft:killed":{"fnm_recrafted:ghostlycreeper":4,"minecraft:cod":74,"undead_revamp2:deadclogger":8,"undead_revamp2:thepregnant":8,"undead_revamp2:thespitter":10,"luminousworld:hollow":2,"minecraft:elder_guardian":12,"minecraft:zombie":608,"minecraft:evoker":4,"undead_revamp2:theimmortal":4,"luminousworld:black_squirrel":2,"cataclysm:deepling_angler":34,"naturalist:bear":2,"minecraft:rabbit":24,"enemyexpansion:sprinter":16,"undead_revamp2:thesomnolence":60,"cataclysm:coralssus":14,"seadwellers:mermorph_farmer":4,"fnm_recrafted:flamus":2,"minecraft:spider":156,"cataclysm:netherite_monstrosity":2,"minecraft:bee":12,"minecraft_earth_mobs:pinto_cow":2,"luminousworld:miner_skeleton":4,"minecraft_earth_mobs:muddy_pig":2,"minecraft:piglin_brute":182,"enemyexpansion:ladybug":2,"minecraft:zombie_villager":38,"aquamirae:captain_cornelia":6,"luminousworld:frigid_skeleton":14,"undead_revamp2:thebeartamer":8,"alexsmobs:crimson_mosquito":84,"fnm_recrafted:wildfire_4":8,"minecraft:sheep":2,"minecraft:trader_llama":8,"luminousworld:savannah_skeleton":4,"alexsmobs:terrapin":2,"alexsmobs:bone_serpent":2,"luminous_monsters:glacial_skeleton":2,"luminous_monsters:miner_zombie":2,"enemyexpansion:intruder":4,"luminousworld:stalker":2,"luminousworld:sunken_skeleton":6,"minecraft:slime":234,"fnm_recrafted:peetry":4,"enemyexpansion:goblin":4,"luminousworld:savannah_zombie":6,"aquamirae:maw":138,"minecraft:hoglin":98,"alexsmobs:gazelle":2,"minecraft:wither_skeleton":60,"minecraft_earth_mobs:cookie_cow":6,"alexsmobs:lobster":2,"minecraft:cave_spider":106,"luminousworld:frost_golem":6,"undead_revamp2:axestrom":6,"realmrpg_demons:imp":52,"realmrpg_demons:imp_guard":36,"minecraft:skeleton":226,"fnm_recrafted:skeletalchicken":2,"alexsmobs:skelewag":6,"enemyexpansion:vampflyer":2,"minecraft:magma_cube":124,"naturalist:snake":2,"alexsmobs:seal":4,"minecraft_earth_mobs:stormy_chicken":4,"minecraft_earth_mobs:bouldering_zombie":8,"fnm_recrafted:wildfire":8,"minecraft_earth_mobs:midnight_chicken":2,"undead_revamp2:thehunter":54,"alexsmobs:raccoon":2,"minecraft:zoglin":4,"fnm_recrafted:fungan":8,"cataclysm:coral_golem":2,"naturalist:vulture":2,"minecraft:wandering_trader":4,"fnm_recrafted:livingsoulflame":2,"fnm_recrafted:skeletalpig":2,"minecraft:enderman":8,"luminousworld:sea_viper":4,"fnm_recrafted:pixern":6,"aquamirae:tortured_soul":30,"luminousworld:king_crab":8,"minecraft_earth_mobs:skeleton_wolf":8,"minecraft:turtle":4,"naturalist:rhino":4,"cataclysm:deepling_brute":24,"luminousworld:grey_squirrel":2,"minecraft_earth_mobs:zombie_chicken":2,"enemyexpansion:wasp":2,"raided:electromancer":4,"luminousworld:sand_crab":16,"naturalist:elephant":2,"naturalist:bass":2,"luminousworld:monarch":6,"alexsmobs:soul_vulture":4,"cataclysm:lionfish":8,"undead_revamp2:sucker":68,"naturalist:butterfly":2,"minecraft:bat":10,"luminous_monsters:glacial_zombie":4,"enemyexpansion:crawler":2,"fnm_recrafted:skrey":6,"aquamirae:anglerfish":20,"naturalist:sparrow":4,"undead_revamp2:theswarmer":12,"minecraft:guardian":38,"realmrpg_quests:piglin_gambler":2,"alexsmobs:leafcutter_ant":4,"alexsmobs:straddler":6,"minecraft_earth_mobs:mottled_pig":2,"minecraft:salmon":12,"luminousworld:crab":2,"minecraft:pillager":344,"minecraft:vindicator":238,"naturalist:duck":8,"enemyexpansion:silverqueen":4,"luminousworld:toxic_gator":4,"fnm_recrafted:soul_leech":8,"fnm_recrafted:yongire":2,"fnm_recrafted:floating_wither_skull":2,"naturalist:giraffe":2,"realmrpg_demons:demon_lord":10,"minecraft:ravager":4,"fnm_recrafted:wildfire_2":8,"alexsmobs:giant_squid":2,"fnm_recrafted:magmalizard":2,"minecraft:zombified_piglin":188,"minecraft:witch":26,"minecraft:wither":2,"naturalist:snail":2,"minecraft_earth_mobs:gold_crested_chicken":4,"minecraft:silverfish":18,"undead_revamp2:therod":18,"fnm_recrafted:mutre":12,"minecraft:piglin":302,"sleep_tight:bedbug":4,"fnm_recrafted:ghostlyzombie":6,"alexsmobs:grizzly_bear":4,"alexsmobs:stradpole":2,"undead_revamp2:theordure":2,"minecraft_earth_mobs:dairy_cow":2,"undead_revamp2:thebidyupside":2,"minecraft:ghast":16,"fnm_recrafted:skeletalspider":6,"luminous_monsters:sunken":2,"fnm_recrafted:wildfire_5":8,"naturalist:lion":4,"minecraft:vex":46,"enemyexpansion:direwolf":62,"minecraft_earth_mobs:piebald_pig":4,"minecraft:drowned":96,"minecraft_earth_mobs:albino_cow":4,"blue_skies:shade_monitor":2,"minecraft:squid":2,"creeperoverhaul:ocean_creeper":10,"minecraft_earth_mobs:pinkfooted_pig":6,"minecraft:player":1,"minecraft:villager":2,"realmrpg_demons:ancient_demon_lord":2,"enemyexpansion:equestrian":16,"undead_revamp2:clogger":8,"minecraft_earth_mobs:umbra_cow":14,"alexsmobs:orca":4,"luminousworld:dark_oak_skeleton":2,"fnm_recrafted:shadowywisp":4,"minecraft:chicken":16,"alexsmobs:laviathan":2,"luminous_monsters:miner_skeleton":2,"minecraft_earth_mobs:sooty_pig":4,"enemyexpansion:meature":2,"enemyexpansion:vampire":2,"cataclysm:deepling":50,"enemyexpansion:botfly":90,"fnm_recrafted:criminetameable":12,"minecraft:glow_squid":2,"minecraft:cow":42,"naturalist:tortoise":8,"minecraft:horse":10,"luminousworld:treant":12,"undead_revamp2:thebidy":12,"enemyexpansion:scorpion":2,"undead_revamp2:the_moonflower":46,"raided:necromancer":2,"luminousworld:swamp_zombie":2,"undead_revamp2:thewolf":24,"naturalist:zebra":4,"realmrpg_demons:demon_minion":12,"undead_revamp2:thesmoker":16,"minecraft_earth_mobs:scarred_enderman":6,"realmrpg_demons:chort":12,"minecraft:illusioner":6,"realmrpg_demons:demon":26,"fnm_recrafted:wildfire_3":8,"minecraft:pig":46,"cataclysm:deepling_warlock":6,"minecraft:creeper":116,"aquamirae:eel":4,"undead_revamp2:theskeeper":12,"alexsmobs:fly":12,"luminousworld:dark_oak_zombie":4,"minecraft:blaze":126,"luminousworld:frigid_zombie":34,"luminousworld:deer":4,"alexsmobs:dropbear":6,"alexsmobs:tiger":4,"cataclysm:the_leviathan":4,"undead_revamp2:thehorrors":2,"alexsmobs:flying_fish":4,"minecraft_earth_mobs:fancy_chicken":2,"luminousworld:firefly":2,"creeperoverhaul:spruce_creeper":2,"fnm_recrafted:warpedmonstrosity":2,"minecraft_earth_mobs:lobber_zombie":12,"enemyexpansion:huntsman":10,"naturalist:canary":4},"minecraft:mined":{"minecraft:white_bed":92,"minecraft:pink_bed":3,"minecraft:weathered_cut_copper_slab":2,"fnm_recrafted:scorchingberryplant":2,"mcwdoors:dark_oak_nether_door":1,"minecraft:acacia_log":7,"minecraft:oak_pressure_plate":2,"supplementaries:pedestal":31,"minecraft:green_concrete":35,"minecraft:oak_wall_sign":7,"minecraft:nether_wart":55,"minecraft:spawner":159,"fnm_recrafted:soulfungus":1,"luphieclutteredmod:luphie_small_cauldron_set":1,"minecraft:fire":128,"minecraft:cobbled_deepslate":32,"minecraft:deepslate_lapis_ore":41,"variantvanillablocks:spruce_chest":4,"minecraft:twisting_vines":2,"amendments:wall_lantern":21,"blue_skies:dusk_log":21,"minecraft:pink_tulip":35,"minecraft:white_banner":1,"luphieclutteredmod:luphie_retro_pink_fridge":1,"blue_skies:dusk_planks":6,"minecraft:cut_sandstone":5,"minecraft:kelp_plant":20,"minecraft:smoker":3,"minecraft:deepslate_tile_slab":1,"cozy_home:spruce_table":1,"burnt:shale":2,"minecraft:torch":52,"minecraft:melon":11,"minecraft:dead_bush":4,"minecraft:sugar_cane":27,"minecraft:bricks":1,"minecraft:chain":15,"minecraft:repeater":1,"minecraft:mud":155,"minecraft:tinted_glass":10,"minecraft:grass":378,"mcwdoors:bamboo_barn_door":1,"luminousworld:grassvariant_3":36,"minecraft:deepslate":456,"minecraft:exposed_cut_copper":1,"minecraft:brown_concrete":147,"minecraft:mossy_cobblestone":106,"minecraft:orange_concrete_powder":89,"minecraft:dark_oak_log":13,"minecraft:dark_oak_fence":1,"minecraft:spruce_fence":18,"alexsmobs:leafcutter_ant_chamber":22,"luminousworld:whiteoakleaves":86,"minecraft:red_mushroom":1,"burnt:smoldering_grass":5,"minecraft:white_concrete_powder":5,"minecraft:redstone_ore":135,"minecraft:green_terracotta":5,"minecraft:big_dripleaf_stem":1,"minecraft:vine":35,"minecraft:oak_slab":8,"minecraft:soul_sand":199,"blue_skies:starlit_log":6,"minecraft:cornflower":3,"minecraft:prismarine_slab":3,"minecraft:warped_roots":6,"minecraft:campfire":8,"minecraft:tall_grass":108,"minecraft:copper_ore":212,"minecraft:deepslate_gold_ore":70,"minecraft:diorite":43,"minecraft:warped_wart_block":6,"minecraft:black_stained_glass":9,"minecraft:cobblestone_wall":5,"variantvanillablocks:cherry_bookshelf":1,"minecraft:weathered_cut_copper":1,"minecraft:gravel":1652,"minecraft:cobweb":501,"minecraft:brown_terracotta":4,"minecraft:stone_bricks":523,"minecraft:fern":23,"minecraft:oak_sapling":4,"minecraft:andesite_stairs":2,"minecraft:orange_stained_glass":70,"stoneworks:chiseled_dark_prismarine":2,"minecraft:spruce_trapdoor":22,"luminousworld:monarch_jar":1,"minecraft:polished_blackstone_brick_slab":50,"aquamirae:golden_moth_in_a_jar":1,"burnt:smoldering_planks_start":16,"aquamirae:luminescent_bubble":4,"minecraft:turtle_egg":8,"minecraft:green_stained_glass":13,"supplementaries:stick":20,"luminousworld:creepbush":10,"minecraft:deepslate_redstone_ore":138,"minecraft:quartz_block":34,"luminousworld:purple_petunias":2,"minecraft:medium_amethyst_bud":4,"minecraft:orange_terracotta":2,"minecraft:bamboo_stairs":22,"luminousworld:tree_ant_trophy":5,"luphieclutteredmod:luphie_brown_desk":1,"minecraft:mossy_cobblestone_wall":6,"stoneworks:calcite_bricks":1,"luminousworld:viper_egg":2,"minecraft:nether_quartz_ore":716,"minecraft:oak_planks":355,"minecraft:wall_torch":59,"minecraft:blue_terracotta":1,"minecraft:powered_rail":1,"minecraft:dark_oak_slab":7,"minecraft:mossy_stone_brick_wall":1,"minecraft:blue_ice":30,"minecraft:exposed_cut_copper_slab":1,"minecraft:smooth_stone_slab":6,"minecraft:dispenser":1,"minecraft:bamboo_fence":8,"twilightforest:mangrove_root":1,"minecraft:ladder":22,"minecraft:chiseled_bookshelf":2,"minecraft:weathered_copper":1,"minecraft:potted_azalea_bush":1,"luminousworld:clovers_2":3,"minecraft:spruce_leaves":226,"minecraft:hay_block":187,"minecraft:raw_gold_block":10,"minecraft:polished_basalt":8,"minecraft:gray_wall_banner":6,"minecraft:gold_block":228,"minecraft:nether_brick_fence":6,"minecraft:deepslate_iron_ore":40,"minecraft:oxidized_cut_copper_slab":1,"minecraft:stripped_oak_log":247,"variantvanillablocks:oak_grindstone":1,"luminousworld:soft_birch_log":1,"minecraft:acacia_leaves":2,"luminousworld:blueberrybush":4,"minecraft:snow_block":126,"minecraft:stripped_dark_oak_log":9,"minecraft:basalt":70,"minecraft:polished_granite":7,"luphieclutteredmod:anchorwallpaperwainscot":13,"minecraft:stone_slab":4,"minecraft:quartz_bricks":14,"minecraft:polished_blackstone_brick_stairs":48,"minecraft:prismarine_bricks":1111,"minecraft:birch_planks":4,"minecraft:polished_blackstone_slab":3,"minecraft:bee_nest":18,"minecraft:black_wool":2,"minecraft:cyan_carpet":1,"minecraft:cracked_stone_bricks":34,"stoneworks:polished_prismarine":33,"minecraft:dark_oak_planks":42,"minecraft:dark_prismarine_stairs":6,"minecraft:stripped_warped_stem":3,"minecraft:cherry_log":133,"variantvanillablocks:oak_smithing_table":2,"blue_skies:moonstone":1,"cataclysm:stone_tiles":29,"minecraft:carved_pumpkin":9,"minecraft:red_sand":63,"minecraft:chiseled_polished_blackstone":7,"minecraft:stone_brick_wall":30,"minecraft:yellow_carpet":6,"minecraft:jungle_log":3,"minecraft:pink_stained_glass":50,"minecraft:deepslate_bricks":3,"minecraft:lime_stained_glass":5,"minecraft:hopper":34,"minecraft:chiseled_stone_bricks":12,"minecraft:weeping_vines_plant":9,"minecraft:sticky_piston":1,"minecraft:moss_carpet":2,"minecraft:enchanting_table":15,"minecraft:oak_sign":3,"minecraft:water_cauldron":90,"minecraft:small_amethyst_bud":3,"minecraft:quartz_slab":7,"minecraft:iron_block":24,"fnm_recrafted:nethermud":10,"kawaiidishes:coffee_machine":11,"minecraft:brown_mushroom":3,"minecraft:red_bed":15,"minecraft:soul_fire":27,"minecraft:blue_stained_glass":1,"minecraft:oxidized_cut_copper_stairs":6,"minecraft:blast_furnace":6,"minecraft:cyan_bed":8,"minecraft:damaged_anvil":1,"minecraft:crimson_stairs":2,"minecraft:skeleton_skull":12,"minecraft:cyan_wool":1,"minecraft:black_concrete_powder":11,"minecraft:wheat":164,"minecraft:waxed_copper_block":1,"cozy_home:bamboo_wall_clock":1,"minecraft:black_bed":25,"minecraft:stone_brick_stairs":41,"luminousworld:palm_log":3,"minecraft:red_mushroom_block":6,"minecraft:stonecutter":6,"luminousworld:mossbuds_1":2,"minecraft:jungle_planks":6,"minecraft:crimson_roots":28,"burnt:smoldering_log_2":2,"minecraft:yellow_concrete_powder":83,"minecraft:moss_block":12,"minecraft:red_sandstone":42,"minecraft:acacia_wood":3,"luminousworld:mossbuds_3":7,"stoneworks:stone_paver_stairs":2,"minecraft:potatoes":24,"blue_skies:crescent_fruit":17,"minecraft:warped_stem":1,"variantvanillablocks:spruce_crafting_table":5,"minecraft:smooth_quartz_stairs":3,"minecraft:warped_trapdoor":3,"luminousworld:groundpebbles_2":1,"minecraft:bamboo":81,"minecraft:cut_copper":6,"luminousworld:clovers_3":1,"minecraft:white_wool":260,"minecraft:brain_coral":1,"minecraft:smithing_table":1,"minecraft:light_gray_carpet":7,"minecraft:hanging_roots":1,"minecraft:pink_concrete_powder":2,"minecraft:stone_brick_slab":15,"minecraft:observer":17,"minecraft:smooth_sandstone":7,"minecraft:emerald_ore":8,"minecraft:purple_stained_glass":57,"minecraft:white_carpet":16,"minecraft:spruce_log":7403,"minecraft:birch_leaves":31,"minecraft:quartz_pillar":11,"variantvanillablocks:cherry_chest":7,"mcwdoors:oak_glass_door":4,"luminousworld:clovers_5":2,"luminousworld:ishstone":39,"minecraft:zombie_head":1,"overweight_farming:seeded_peeled_melon":1,"luminousworld:white_petunias":1,"minecraft:spruce_planks":164,"stoneworks:stone_shingles":2,"minecraft:grass_block":707,"minecraft:potted_mangrove_propagule":1,"minecraft:soul_soil":43,"minecraft:mud_bricks":2,"minecraft:smooth_stone":221,"minecraft:raw_iron_block":6,"minecraft:iron_ore":1254,"stoneworks:stone_tiles":12,"minecraft:black_carpet":8,"minecraft:anvil":45,"luphieclutteredmod:purple_flower_shelf_candle":2,"burnt:burnt_log":3,"minecraft:purple_carpet":4,"kawaiidishes:mug":6,"luminousworld:decorative_brown_2":5,"mcwdoors:sliding_glass_door":4,"minecraft:blackstone":460,"twilightforest:bamboo_banister":8,"supplementaries:book_pile":1,"minecraft:clay":17,"minecraft:potted_warped_roots":1,"minecraft:chest":263,"supplementaries:wild_flax":1,"minecraft:mushroom_stem":16,"minecraft:honeycomb_block":3,"minecraft:slime_block":53,"minecraft:grindstone":1,"minecraft:prismarine":975,"minecraft:iron_door":6,"minecraft:seagrass":8,"minecraft:deepslate_copper_ore":5,"minecraft:pink_petals":170,"stoneworks:stone_pavers":12,"variantvanillablocks:dark_oak_crafting_table":1,"minecraft:nether_wart_block":7,"minecraft:birch_log":417,"minecraft:sand":1438,"stoneworks:calcite_pillar":15,"minecraft:tripwire_hook":1,"minecraft:oak_leaves":419,"minecraft:emerald_block":12,"minecraft:nether_gold_ore":254,"luminousworld:groundpebbles_1":1,"minecraft:red_carpet":4,"blue_skies:starlit_crafting_table":2,"minecraft:blackstone_wall":1,"minecraft:candle":1,"minecraft:deepslate_diamond_ore":79,"minecraft:oak_door":1,"luminousworld:ancient_sandstonebricks":1,"luminousworld:mossbuds_2":7,"morevillagers:gardening_table":1,"luminousworld:clovers_4":1,"cataclysm:chiseled_stone_brick_pillar":52,"minecraft:white_stained_glass":62,"luminousworld:decorative_brown_mushroom_1":10,"minecraft:polished_andesite_slab":1,"luminousworld:blackberrybush":7,"morevillagers:woodworking_table":1,"minecraft:large_fern":14,"luphieclutteredmod:luphie_plated_croissant":1,"blue_skies:crescent_fruit_leaves":5,"luminousworld:sunset_petunias":2,"minecraft:oak_trapdoor":12,"minecraft:spruce_sapling":4,"minecraft:furnace":11,"minecraft:carrots":47,"minecraft:red_concrete_powder":29,"minecraft:chiseled_sandstone":5,"minecraft:stripped_spruce_log":46,"variantvanillablocks:spruce_bookshelf":10,"minecraft:lantern":172,"minecraft:packed_ice":1568,"luphieclutteredmod:checkeredstrawberrywallpaperpink":77,"minecraft:stone":11686,"minecraft:white_tulip":43,"minecraft:cherry_stairs":13,"minecraft:spruce_door":8,"burnt:burnt_dirt":3,"minecraft:sculk_sensor":1,"cozy_home:telescope":8,"minecraft:lectern":169,"minecraft:andesite_wall":2,"stoneworks:polished_calcite":15,"minecraft:lapis_ore":42,"stoneworks:stone_tile_stairs":4,"minecraft:polished_blackstone_stairs":2,"luminousworld:white_oak_slab":1,"minecraft:end_rod":3,"minecraft:crimson_hyphae":5,"minecraft:birch_fence":4,"minecraft:red_nether_brick_slab":1,"variantvanillablocks:cherry_barrel":1,"minecraft:blackstone_stairs":1,"alexsmobs:leafcutter_anthill":1,"minecraft:red_nether_bricks":22,"minecraft:granite":94,"variantvanillablocks:oak_composter":1,"minecraft:exposed_cut_copper_stairs":1,"minecraft:light_gray_bed":5,"supplementaries:blaze_rod":3,"minecraft:bamboo_block":11,"minecraft:polished_blackstone_bricks":370,"minecraft:magma_block":124,"minecraft:mossy_cobblestone_stairs":16,"minecraft:dark_oak_trapdoor":4,"minecraft:barrel":89,"supplementaries:globe":1,"minecraft:fletching_table":1,"minecraft:nether_brick_stairs":4,"blue_skies:spider_webbing":3,"minecraft:light_gray_concrete":1,"stoneworks:stone_plate_stairs":18,"minecraft:spruce_wood":8,"minecraft:player_head":4,"minecraft:tripwire":9,"minecraft:bamboo_slab":23,"minecraft:crimson_nylium":236,"minecraft:powder_snow":82,"minecraft:note_block":1,"minecraft:white_stained_glass_pane":4,"minecraft:smooth_quartz_slab":7,"blue_skies:maple_log":1,"kawaiidishes:cheese_cake":2,"minecraft:amethyst_block":142,"burnt:smoldering_planks_2":1,"minecraft:white_terracotta":7,"minecraft:bamboo_planks":80,"paraglider:horned_statue":2,"minecraft:jukebox":3,"burnt:burnt_stairs":1,"mcwdoors:bamboo_western_door":6,"blue_skies:crescent_fruit_sapling":2,"luphieclutteredmod:luphie_purple_door":1,"minecraft:smooth_quartz":50,"minecraft:mangrove_log":25,"minecraft:smooth_basalt":49,"minecraft:stripped_crimson_stem":4,"minecraft:deepslate_tiles":4,"minecraft:dark_prismarine":757,"luminousworld:white_oak_sapling":2,"minecraft:cyan_stained_glass":1,"minecraft:sea_lantern":320,"cataclysm:stone_tile_stairs":3,"minecraft:redstone_wire":6,"burnt:smoldering_log_broken":1,"minecraft:cartography_table":1,"blue_skies:frostbright_bookshelf":1,"minecraft:light_blue_concrete_powder":8,"minecraft:pink_concrete":77,"minecraft:andesite":64,"minecraft:mossy_stone_brick_stairs":16,"minecraft:cobblestone_slab":2,"minecraft:rail":20,"minecraft:green_wool":17,"minecraft:ender_chest":88,"minecraft:birch_stairs":3,"minecraft:redstone_block":21,"minecraft:glass_pane":26,"minecraft:red_sandstone_slab":3,"luphieclutteredmod:small_shelf":7,"fnm_recrafted:scorchingberryplantnoberry":1,"minecraft:polished_blackstone_brick_wall":45,"minecraft:dandelion":59,"variantvanillablocks:dark_oak_chest":1,"luminousworld:auburnlog":3,"burnt:burnt_log_broken":2,"minecraft_earth_mobs:pink_daisy":26,"minecraft:purple_wool":1,"minecraft:red_terracotta":7,"minecraft:coarse_dirt":12,"minecraft:cut_copper_slab":311,"minecraft:mangrove_leaves":30,"minecraft:dark_prismarine_slab":2,"minecraft:sunflower":40,"minecraft:polished_blackstone":32,"minecraft:gold_ore":43,"minecraft:iron_trapdoor":1,"undead_revamp2:arapholia":1,"minecraft:prismarine_wall":23,"minecraft:farmland":2,"minecraft:mossy_stone_brick_slab":2,"minecraft:brewing_stand":11,"minecraft:budding_amethyst":23,"minecraft:cracked_polished_blackstone_bricks":136,"minecraft:white_concrete":268,"minecraft:polished_diorite":12,"minecraft:composter":3,"minecraft:gilded_blackstone":223,"minecraft:mossy_cobblestone_slab":5,"supplementaries:ash":1,"luphieclutteredmod:luphie_cluttered_cat_mugs":3,"minecraft:pointed_dripstone":10,"minecraft:flowering_azalea_leaves":3,"minecraft:iron_bars":51,"morevillagers:blueprint_table":1,"minecraft:spruce_slab":23,"luphieclutteredmod:luphie_blank_paper_pile":1,"minecraft:jungle_stairs":18,"burnt:smoldering_log_start":4,"aquamirae:painting_aurora":17,"minecraft:cauldron":1,"minecraft:warped_nylium":27,"minecraft:warped_planks":21,"aquamirae:wisteria_niveis":2,"burnt:smoldering_stairs_start":1,"refurbished_furniture:light_electricity_generator":2,"minecraft:oak_log":2872,"stoneworks:calcite_tiles":4,"minecraft:dirt":764,"minecraft:prismarine_stairs":150,"minecraft:ancient_debris":77,"luminousworld:savannah_grass_4":2,"minecraft:quartz_stairs":13,"minecraft:dark_oak_leaves":21,"luminousworld:grassvariant_4":46,"minecraft:red_stained_glass":13,"minecraft:mangrove_roots":3,"minecraft:glow_lichen":2,"minecraft:stone_button":1,"minecraft:decorated_pot":7,"minecraft:acacia_slab":1,"luminousworld:white_oak_plank":16,"minecraft:cracked_nether_bricks":3,"minecraft:crimson_stem":33,"blue_skies:dusk_leaves":8,"luphieclutteredmod:luphie_pink_planks":3,"luminousworld:yellow_grassflowers":2,"minecraft:peony":1,"minecraft:bookshelf":190,"minecraft:shroomlight":15,"minecraft:wet_sponge":67,"minecraft:scaffolding":160,"luminousworld:white_oak_stairs":2,"twilightforest:mangrove_sapling":2,"stoneworks:chiseled_prismarine":2,"minecraft:oak_fence":32,"luphieclutteredmod:luphie_pink_trapdoor":1,"luminousworld:savannah_grass_1":1,"taxov:block_sailor":1,"minecraft:deepslate_coal_ore":37,"minecraft:red_concrete":60,"luminousworld:jar":4,"minecraft:ice":72,"minecraft:black_wall_banner":19,"minecraft:white_wall_banner":3,"kawaiidishes:red_stool":5,"luphieclutteredmod:luphie_hanging_plant_a":4,"minecraft:cherry_leaves":61,"minecraft:flower_pot":4,"burnt:smoldering_log":10,"minecraft:mossy_stone_bricks":76,"paraglider:goddess_statue":2,"minecraft:light_blue_concrete":942,"minecraft:jungle_leaves":65,"minecraft:warped_stairs":1,"minecraft:obsidian":80,"minecraft:coal_block":84,"minecraft:crimson_fungus":2,"supplementaries:speaker_block":2,"minecraft:oxeye_daisy":3,"minecraft:light_blue_stained_glass":54,"minecraft:potted_fern":1,"minecraft:tall_seagrass":9,"minecraft:pumpkin":106,"minecraft:cave_vines":2,"minecraft:dirt_path":18,"minecraft:oak_stairs":29,"luminousworld:wallleaves":2,"burnt:smoldering_planks_3":3,"minecraft:conduit":2,"minecraft:player_wall_head":1,"minecraft:amethyst_cluster":13,"minecraft:polished_andesite_stairs":22,"minecraft:green_concrete_powder":20,"minecraft:glass":31,"minecraft:weathered_cut_copper_stairs":6,"minecraft:lilac":7,"minecraft:potted_poppy":1,"minecraft:copper_block":40,"minecraft:prismarine_brick_stairs":9,"minecraft:yellow_stained_glass":79,"minecraft:piston":9,"minecraft:yellow_terracotta":3,"minecraft:light_blue_stained_glass_pane":2,"burnt:smoldering_slab":1,"minecraft:stripped_birch_log":3,"minecraft:jack_o_lantern":2,"luphieclutteredmod:luphie_sewing_table":1,"kawaiidishes:cappuccino_coffee":1,"minecraft:nether_bricks":89,"kawaiidishes:coffee_bush":33,"luminousworld:grassvariant_2":51,"aquamirae:painting_anglerfish":6,"minecraft:kelp":2,"minecraft:black_stained_glass_pane":11,"burnt:burnt_grass":6,"minecraft:snow":106,"minecraft:diamond_block":4,"cataclysm:abyssal_egg":2,"minecraft:gray_concrete":6,"minecraft:cherry_planks":58,"minecraft:brown_carpet":1,"luminousworld:viper_plaque":2,"minecraft:dried_kelp_block":50,"luminousworld:whiteoaklog":331,"minecraft:prismarine_brick_slab":1,"minecraft:dripstone_block":2,"minecraft:acacia_planks":2,"minecraft:spruce_fence_gate":1,"luminousworld:elephant_grass":1,"minecraft:deepslate_emerald_ore":46,"minecraft:large_amethyst_bud":4,"luminousworld:yellowpetunias":3,"minecraft:cobblestone_stairs":34,"paraglider:rito_goddess_statue":11,"burnt:smoldering_planks":3,"minecraft:cave_vines_plant":1,"cataclysm:stone_pillar":71,"minecraft:gray_banner":1,"luphieclutteredmod:luphie_scattered_papers":3,"minecraft:glowstone":77,"minecraft:red_nether_brick_stairs":5,"minecraft:azure_bluet":1,"minecraft:dark_oak_stairs":26,"minecraft:black_candle":2,"minecraft:azalea_leaves":7,"luphieclutteredmod:luphie_cauldron_poster":1,"minecraft:cyan_terracotta":7,"stoneworks:prismarine_plates":10,"luminousworld:tall_deadbush":2,"minecraft:soul_lantern":10,"minecraft:chiseled_quartz_block":3,"minecraft:calcite":113,"minecraft:poppy":22,"luminousworld:spuds":2,"minecraft:cobblestone":481,"minecraft:brown_concrete_powder":12,"luminousworld:clovers_1":3,"luphieclutteredmod:luphie_hoppin_park_lantern":5,"minecraft:birch_trapdoor":2,"minecraft:cherry_door":1,"stoneworks:prismarine_pillar":154,"minecraft:stripped_oak_wood":1,"burnt:burnt_slab":1,"minecraft:acacia_fence":3,"minecraft:crimson_planks":1,"minecraft:wither_skeleton_skull":6,"blue_skies:starlit_chest":4,"minecraft:netherrack":18079,"minecraft:redstone_lamp":29,"minecraft:diamond_ore":2,"minecraft:tuff":107,"burnt:burnt_planks":11,"minecraft:weeping_vines":6,"seadwellers:aquamarine_crystal":3,"minecraft:sandstone":86,"minecraft:dark_oak_fence_gate":2,"mcwdoors:spruce_nether_door":1,"minecraft:bell":3,"minecraft:podzol":6,"supplementaries:book_pile_horizontal":11,"minecraft:cut_copper_stairs":5,"minecraft:crafting_table":7,"minecraft:oak_wood":5,"minecraft:rose_bush":20,"supplementaries:present_pink":9,"minecraft:blue_bed":2,"refurbished_furniture:workbench":3,"supplementaries:urn":3,"minecraft:spruce_stairs":26,"luminousworld:king_crab_plaque":2,"minecraft:beehive":5,"minecraft:sweet_berry_bush":28,"minecraft:gray_bed":2,"variantvanillablocks:oak_fletching_table":14,"luminousworld:frost_golem_plaque":3,"minecraft:coal_ore":2179,"minecraft:gray_carpet":1,"minecraft:terracotta":69,"minecraft:polished_andesite":34,"minecraft:warped_slab":9},"minecraft:crafted":{"minecraft:birch_boat":4,"minecraft:diamond_shovel":5,"minecraft:nether_brick":320,"minecraft:light_blue_concrete_powder":656,"taxov:armor_captain_helmet":1,"minecraft:tipped_arrow":185,"minecraft:pink_stained_glass":192,"minecraft:redstone_lamp":10,"minecraft:green_stained_glass":24,"minecraft:painting":10,"luphieclutteredmod:luphie_cluttered_cat_mugs":1,"minecraft:wooden_hoe":1,"minecraft:stone_slab":12,"minecraft:netherite_ingot":23,"minecraft:spyglass":1,"refurbished_furniture:workbench":1,"shieldsplus:stone_shield":1,"minecraft:lead":4,"minecraft:cut_copper_slab":152,"minecraft:red_carpet":3,"minecraft:enchanted_book":315,"minecraft:orange_dye":94,"supplementaries:speaker_block":1,"minecraft:red_stained_glass":64,"luphieclutteredmod:luphie_blank_paper_pile":1,"minecraft:birch_trapdoor":2,"minecraft:writable_book":1,"minecraft:iron_shovel":1,"minecraft:cherry_slab":6,"minecraft:cooked_chicken":1,"minecraft:chest":7,"minecraft:netherite_helmet":2,"minecraft:oak_button":1,"minecraft:stone_bricks":64,"minecraft:sea_lantern":4,"minecraft:brown_dye":13,"minecraft:dispenser":31,"variantvanillablocks:bamboo_chest":1,"minecraft:yellow_dye":100,"minecraft:purple_dye":68,"minecraft:stick":71852,"minecraft:fishing_rod":2,"minecraft:netherite_sword":1,"minecraft:spruce_button":64,"minecraft:blast_furnace":3,"minecraft:piston":17,"minecraft:oak_trapdoor":8,"minecraft:scaffolding":60,"minecraft:netherite_chestplate":2,"minecraft:white_concrete_powder":376,"shieldsplus:wooden_shield":6,"paraglider:paraglider":3,"cozy_home:cherry_desk":1,"minecraft:iron_sword":2,"minecraft:brown_concrete_powder":72,"minecraft:stonecutter":1,"minecraft:prismarine_stairs":16,"minecraft:torch":1256,"mcwdoors:dark_oak_nether_door":1,"minecraft:diamond_chestplate":4,"minecraft:ender_chest":4,"minecraft:smooth_stone":1291,"minecraft:slime_block":14,"minecraft:lever":1,"variantvanillablocks:oak_fletching_table":2,"minecraft:bookshelf":30,"minecraft:glass":1434,"minecraft:quartz_block":76,"minecraft:netherite_boots":2,"supplementaries:altimeter":1,"blue_skies:dusk_stick":4,"luphieclutteredmod:small_shelf":5,"luphieclutteredmod:luphie_glass_jars":1,"supplementaries:flute":5,"villagersellanimals:crate_chick":1,"minecraft:glass_bottle":303,"minecraft:cooked_porkchop":77,"minecraft:diamond_axe":6,"minecraft:spruce_door":18,"minecraft:copper_ingot":851,"twilightforest:bamboo_banister":3,"luphieclutteredmod:luphie_cardboard_box_closed":1,"minecraft:gold_ingot":1988,"mcwdoors:bamboo_western_door":1,"minecraft:white_carpet":3,"minecraft:bamboo_stairs":40,"minecraft:netherite_axe":2,"minecraft:ender_pearl":7,"minecraft:diamond_boots":5,"variantvanillablocks:birch_crafting_table":4,"minecraft:redstone_block":42,"minecraft:dark_oak_planks":56,"minecraft:allium":2,"minecraft:wheat":2005,"minecraft:coal_block":363,"minecraft:netherite_pickaxe":5,"stoneworks:chiseled_prismarine":3,"minecraft:glowstone":9,"kawaiidishes:sweet_berry_cookie":64,"aquamirae:three_bolt_leggings":1,"minecraft:bamboo_slab":48,"minecraft:oak_log":18,"minecraft:golden_apple":77,"minecraft:oak_stairs":12,"blue_skies:starlit_planks":20,"naturalist:cooked_duck":3,"cataclysm:sticky_gloves":1,"mcwdoors:sliding_glass_door":2,"variantvanillablocks:warped_crafting_table":2,"luminousworld:jar":18,"minecraft:iron_boots":5,"minecraft:netherite_upgrade_smithing_template":12,"refurbished_furniture:light_electricity_generator":1,"aquamirae:abyssal_amethyst":4,"variantvanillablocks:spruce_crafting_table":21,"minecraft:spruce_planks":25256,"stoneworks:calcite_pillar":25,"minecraft:baked_potato":2190,"undead_revamp2:clogggerribswithbun":72,"minecraft:hopper_minecart":4,"taxov:pirate_axe":1,"minecraft:string":96,"minecraft:paper":120,"minecraft:diamond_pickaxe":18,"minecraft:emerald_block":57,"minecraft:birch_fence":6,"minecraft:light_blue_dye":92,"minecraft:snow_block":15,"minecraft:redstone_torch":3,"luphieclutteredmod:purple_flower_shelf_candle":1,"minecraft:wooden_sword":1,"minecraft:redstone":294,"minecraft:coal":800,"minecraft:bamboo_fence":6,"luminousworld:white_oak_slab":3,"minecraft:green_concrete_powder":64,"minecraft:iron_axe":1,"minecraft:lime_dye":4,"minecraft:minecart":5,"minecraft:cooked_beef":25,"minecraft:sugar":42,"minecraft:red_dye":376,"minecraft:pink_concrete_powder":56,"minecraft:powered_rail":12,"shieldsplus:iron_shield":2,"minecraft:bucket":4,"minecraft:brown_terracotta":32,"minecraft:air":0,"minecraft:bread":737,"variantvanillablocks:oak_smithing_table":1,"minecraft:blue_dye":96,"minecraft:oak_boat":9,"minecraft:cut_copper":16,"minecraft:white_wool":75,"minecraft:gold_nugget":612,"cozy_home:bamboo_wall_clock":1,"minecraft:lapis_lazuli":189,"minecraft:lime_stained_glass":32,"minecraft:oak_sign":9,"minecraft:blaze_powder":42,"blue_skies:starlit_crafting_table":1,"paraglider:deku_leaf":1,"blue_skies:maple_planks":4,"cataclysm:abyssal_sacrifice":2,"minecraft:diamond_helmet":8,"minecraft:beacon":1,"mcwdoors:spruce_nether_door":1,"supplementaries:key":1,"minecraft:lectern":2,"naturalist:bug_net":1,"minecraft:golden_carrot":59,"minecraft:jukebox":1,"minecraft:experience_bottle":95,"minecraft:diamond_hoe":1,"minecraft:jack_o_lantern":5,"minecraft:prismarine_brick_stairs":20,"minecraft:lantern":520,"luminousworld:white_oak_plank":24,"minecraft:stone_pickaxe":2,"minecraft:quartz_slab":18,"minecraft:spruce_boat":4,"minecraft:enchanting_table":2,"luminousworld:white_oak_stairs":8,"minecraft:chainmail_boots":1,"taxov:armor_captain_chestplate":1,"minecraft:cobblestone_slab":6,"villagersellanimals:crate_rabbit_cub":12,"minecraft:stone":1252,"minecraft:warped_planks":80,"stoneworks:calcite_bricks":19,"minecraft:stone_brick_slab":60,"minecraft:bow":47,"minecraft:copper_block":110,"variantvanillablocks:oak_grindstone":2,"minecraft:rail":64,"minecraft:birch_button":64,"minecraft:ender_eye":7,"minecraft:cherry_fence":9,"undead_revamp2:huntersackred":1,"stoneworks:chiseled_dark_prismarine":5,"minecraft:arrow":1192,"minecraft:iron_helmet":1,"minecraft:cherry_button":3,"minecraft:red_wool":42,"luphieclutteredmod:checkeredstrawberrywallpaperpink":180,"kawaiidishes:honey_cookie":56,"minecraft:yellow_stained_glass":136,"minecraft:prismarine_brick_slab":18,"stoneworks:stone_pavers":6,"minecraft:pink_wool":79,"minecraft:iron_ingot":1610,"shieldsplus:diamond_shield":3,"minecraft:light_blue_stained_glass":80,"cozy_home:bamboo_plank":4,"minecraft:oak_door":9,"minecraft:bamboo_mosaic":6,"minecraft:furnace":26,"minecraft:flint_and_steel":2,"minecraft:orange_terracotta":8,"backpacked:backpack":2,"minecraft:purple_stained_glass":128,"minecraft:cooked_salmon":2,"stoneworks:calcite_tiles":20,"luphieclutteredmod:luphie_orange_cat_plant_pot":1,"minecraft:white_dye":216,"minecraft:netherite_shovel":2,"minecraft:anvil":4,"minecraft:crimson_door":3,"mcwdoors:oak_glass_door":3,"minecraft:orange_stained_glass":96,"variantvanillablocks:spruce_bookshelf":10,"supplementaries:lapis_bricks":1,"minecraft:dark_prismarine_stairs":20,"supplementaries:pedestal":20,"minecraft:red_concrete_powder":144,"minecraft:diamond_leggings":1,"aquamirae:cooked_spinefish":18,"minecraft:cooked_rabbit":21,"luminousworld:palmplank":12,"minecraft:emerald":2222,"minecraft:clock":1,"minecraft:campfire":10,"minecraft:bamboo_planks":150,"minecraft:green_terracotta":24,"minecraft:iron_block":337,"blue_skies:frostbright_planks":4,"minecraft:yellow_concrete_powder":128,"minecraft:cut_copper_stairs":20,"minecraft:bone_meal":2584,"minecraft:pink_dye":201,"minecraft:cherry_trapdoor":4,"minecraft:diamond":28,"variantvanillablocks:oak_composter":1,"minecraft:ladder":6,"minecraft:crossbow":16,"supplementaries:present":2,"minecraft:white_stained_glass":88,"blue_skies:dusk_spear":2,"supplementaries:bubble_blower":1,"minecraft:iron_leggings":4,"minecraft:white_bed":7,"mcwdoors:print_nether":4,"blue_skies:starlit_chest":2,"minecraft:oak_planks":11416,"stoneworks:prismarine_pillar":17,"minecraft:bamboo_block":85,"minecraft:hopper":37,"luphieclutteredmod:luphie_scattered_papers":1,"supplementaries:present_pink":2,"luphieclutteredmod:luphie_hoppin_park_lantern":21,"cozy_home:telescope":1,"minecraft:item_frame":48,"supplementaries:candy":8,"minecraft:oak_slab":66,"blue_skies:dusk_planks":24,"minecraft:crafting_table":56,"minecraft:wooden_pickaxe":1,"minecraft:gold_block":122,"minecraft:birch_planks":1372,"minecraft:brewing_stand":2,"mcwdoors:bamboo_barn_door":1,"minecraft:iron_chestplate":5,"refurbished_furniture:light_fridge":1,"minecraft:sponge":56,"minecraft:shears":51,"minecraft:cherry_planks":36,"minecraft:raw_iron":36,"aquamirae:three_bolt_boots":1,"minecraft:diamond_block":1,"minecraft:glass_pane":16,"variantvanillablocks:spruce_chest":4,"minecraft:netherite_leggings":2,"minecraft:iron_hoe":1,"minecraft:orange_concrete_powder":128,"minecraft:netherite_scrap":58,"minecraft:observer":33,"minecraft:cooked_cod":5,"minecraft:crimson_planks":32,"minecraft:diamond_sword":5,"stoneworks:prismarine_plates":1,"minecraft:nether_bricks":181,"minecraft:stone_axe":1,"cozy_home:cherry_plank":16,"refurbished_furniture:wrench":1,"minecraft:raw_gold":90,"taxov:armor_captain_boots":6,"minecraft:lapis_block":21},"minecraft:custom":{"minecraft:interact_with_cartography_table":3,"minecraft:inspect_dispenser":85,"minecraft:inspect_hopper":64,"minecraft:play_noteblock":1,"minecraft:talked_to_villager":1509,"minecraft:damage_taken":98110,"minecraft:enchant_item":136,"minecraft:interact_with_furnace":1188,"minecraft:sleep_in_bed":252,"minecraft:interact_with_smithing_table":29,"minecraft:sneak_time":309892,"minecraft:interact_with_lectern":4,"minecraft:interact_with_blast_furnace":50,"minecraft:fish_caught":10,"minecraft:fall_one_cm":2410302,"minecraft:drop":1984,"minecraft:interact_with_loom":3,"minecraft:player_kills":3,"minecraft:damage_absorbed":4608,"minecraft:trigger_trapped_chest":5,"minecraft:interact_with_crafting_table":534,"minecraft:damage_blocked_by_shield":1755,"minecraft:play_time":5883462,"minecraft:deaths":12,"minecraft:jump":86576,"minecraft:play_record":6,"minecraft:interact_with_smoker":64,"minecraft:horse_one_cm":4288,"minecraft:interact_with_anvil":170,"minecraft:tune_noteblock":32,"minecraft:time_since_rest":97305,"minecraft:swim_one_cm":2802886,"minecraft:open_chest":8385,"minecraft:damage_resisted":4605,"minecraft:interact_with_brewingstand":196,"minecraft:interact_with_beacon":2,"minecraft:damage_dealt_resisted":4094,"minecraft:boat_one_cm":487099,"minecraft:open_barrel":1304,"minecraft:bell_ring":27,"minecraft:leave_game":119,"minecraft:time_since_death":4628899,"minecraft:traded_with_villager":3700,"minecraft:damage_dealt":476205,"minecraft:total_world_time":5883462,"minecraft:interact_with_stonecutter":37,"minecraft:fly_one_cm":21704667,"minecraft:animals_bred":12,"minecraft:sprint_one_cm":16534348,"minecraft:walk_on_water_one_cm":724946,"minecraft:open_enderchest":303,"minecraft:crouch_one_cm":957984,"minecraft:mob_kills":3023,"minecraft:climb_one_cm":405484,"minecraft:walk_one_cm":12859853,"minecraft:walk_under_water_one_cm":1081591,"minecraft:raid_trigger":4,"minecraft:pot_flower":2,"minecraft:interact_with_grindstone":88}},"DataVersion":3465}