{"stats":{"minecraft:mined":{"minecraft:red_nether_brick_slab":1,"variantvanillablocks:cherry_barrel":1,"minecraft:blackstone_stairs":1,"minecraft:white_bed":79,"minecraft:pink_bed":3,"minecraft:weathered_cut_copper_slab":2,"alexsmobs:leafcutter_anthill":1,"fnm_recrafted:scorchingberryplant":2,"mcwdoors:dark_oak_nether_door":1,"minecraft:granite":94,"minecraft:acacia_log":2,"variantvanillablocks:oak_composter":1,"minecraft:exposed_cut_copper_stairs":1,"minecraft:light_gray_bed":5,"minecraft:oak_pressure_plate":2,"supplementaries:pedestal":31,"minecraft:green_concrete":35,"minecraft:bamboo_block":11,"minecraft:oak_wall_sign":7,"minecraft:nether_wart":49,"minecraft:spawner":138,"minecraft:polished_blackstone_bricks":205,"luphieclutteredmod:luphie_small_cauldron_set":1,"minecraft:magma_block":68,"minecraft:mossy_cobblestone_stairs":16,"minecraft:dark_oak_trapdoor":4,"minecraft:cobbled_deepslate":32,"minecraft:barrel":89,"minecraft:fire":90,"minecraft:fletching_table":1,"minecraft:deepslate_lapis_ore":41,"supplementaries:globe":1,"variantvanillablocks:spruce_chest":4,"blue_skies:spider_webbing":3,"amendments:wall_lantern":21,"minecraft:light_gray_concrete":1,"stoneworks:stone_plate_stairs":18,"minecraft:pink_tulip":35,"blue_skies:dusk_log":21,"minecraft:spruce_wood":8,"blue_skies:dusk_planks":6,"luphieclutteredmod:luphie_retro_pink_fridge":1,"minecraft:white_banner":1,"minecraft:player_head":2,"minecraft:tripwire":9,"minecraft:bamboo_slab":23,"minecraft:cut_sandstone":5,"minecraft:kelp_plant":17,"minecraft:crimson_nylium":161,"minecraft:smoker":3,"minecraft:deepslate_tile_slab":1,"cozy_home:spruce_table":1,"minecraft:powder_snow":43,"burnt:shale":2,"minecraft:torch":47,"minecraft:note_block":1,"minecraft:melon":11,"minecraft:white_stained_glass_pane":4,"minecraft:dead_bush":2,"minecraft:smooth_quartz_slab":5,"minecraft:sugar_cane":27,"blue_skies:maple_log":1,"kawaiidishes:cheese_cake":2,"minecraft:amethyst_block":138,"burnt:smoldering_planks_2":1,"minecraft:white_terracotta":7,"minecraft:chain":15,"minecraft:repeater":1,"minecraft:bamboo_planks":80,"minecraft:mud":155,"minecraft:tinted_glass":10,"paraglider:horned_statue":2,"minecraft:jukebox":3,"burnt:burnt_stairs":1,"mcwdoors:bamboo_western_door":6,"minecraft:grass":319,"blue_skies:crescent_fruit_sapling":2,"mcwdoors:bamboo_barn_door":1,"luphieclutteredmod:luphie_purple_door":1,"minecraft:smooth_quartz":50,"luminousworld:grassvariant_3":35,"minecraft:mangrove_log":25,"minecraft:smooth_basalt":46,"minecraft:stripped_crimson_stem":4,"minecraft:deepslate":375,"minecraft:dark_prismarine":735,"minecraft:deepslate_tiles":2,"minecraft:exposed_cut_copper":1,"minecraft:brown_concrete":147,"minecraft:mossy_cobblestone":103,"minecraft:orange_concrete_powder":89,"minecraft:dark_oak_log":13,"luminousworld:white_oak_sapling":2,"minecraft:sea_lantern":320,"minecraft:dark_oak_fence":1,"minecraft:spruce_fence":18,"minecraft:redstone_wire":5,"alexsmobs:leafcutter_ant_chamber":22,"luminousworld:whiteoakleaves":85,"burnt:smoldering_log_broken":1,"minecraft:red_mushroom":1,"burnt:smoldering_grass":5,"minecraft:white_concrete_powder":5,"blue_skies:frostbright_bookshelf":1,"minecraft:redstone_ore":120,"minecraft:light_blue_concrete_powder":8,"minecraft:pink_concrete":77,"minecraft:andesite":61,"minecraft:green_terracotta":5,"minecraft:big_dripleaf_stem":1,"minecraft:mossy_stone_brick_stairs":15,"minecraft:vine":35,"minecraft:cobblestone_slab":2,"minecraft:rail":20,"minecraft:green_wool":17,"minecraft:ender_chest":69,"minecraft:birch_stairs":3,"minecraft:oak_slab":8,"minecraft:redstone_block":21,"minecraft:glass_pane":21,"minecraft:red_sandstone_slab":3,"minecraft:soul_sand":29,"luphieclutteredmod:small_shelf":7,"blue_skies:starlit_log":6,"minecraft:dandelion":58,"minecraft:polished_blackstone_brick_wall":30,"minecraft:cornflower":3,"minecraft:prismarine_slab":3,"variantvanillablocks:dark_oak_chest":1,"minecraft:campfire":8,"luminousworld:auburnlog":3,"minecraft:copper_ore":212,"minecraft:tall_grass":76,"minecraft:deepslate_gold_ore":63,"burnt:burnt_log_broken":2,"minecraft_earth_mobs:pink_daisy":26,"minecraft:diorite":43,"minecraft:cut_copper_slab":311,"minecraft:purple_wool":1,"minecraft:black_stained_glass":9,"minecraft:coarse_dirt":12,"minecraft:cobblestone_wall":5,"variantvanillablocks:cherry_bookshelf":1,"minecraft:weathered_cut_copper":1,"minecraft:mangrove_leaves":5,"minecraft:dark_prismarine_slab":2,"minecraft:sunflower":40,"minecraft:gravel":1582,"minecraft:cobweb":498,"minecraft:brown_terracotta":4,"minecraft:polished_blackstone":15,"minecraft:stone_bricks":341,"minecraft:gold_ore":43,"minecraft:iron_trapdoor":1,"minecraft:fern":23,"undead_revamp2:arapholia":1,"minecraft:prismarine_wall":23,"minecraft:oak_sapling":4,"minecraft:mossy_stone_brick_slab":2,"minecraft:orange_stained_glass":70,"minecraft:brewing_stand":11,"stoneworks:chiseled_dark_prismarine":2,"minecraft:spruce_trapdoor":22,"minecraft:budding_amethyst":21,"luminousworld:monarch_jar":1,"minecraft:cracked_polished_blackstone_bricks":89,"minecraft:white_concrete":266,"minecraft:polished_blackstone_brick_slab":23,"minecraft:polished_diorite":12,"minecraft:composter":2,"aquamirae:golden_moth_in_a_jar":1,"minecraft:gilded_blackstone":198,"minecraft:mossy_cobblestone_slab":5,"aquamirae:luminescent_bubble":4,"burnt:smoldering_planks_start":16,"luphieclutteredmod:luphie_cluttered_cat_mugs":3,"minecraft:turtle_egg":8,"minecraft:green_stained_glass":13,"minecraft:pointed_dripstone":10,"supplementaries:stick":20,"minecraft:iron_bars":37,"minecraft:spruce_slab":23,"luminousworld:creepbush":10,"minecraft:deepslate_redstone_ore":138,"minecraft:quartz_block":30,"luphieclutteredmod:luphie_blank_paper_pile":1,"luminousworld:purple_petunias":2,"minecraft:medium_amethyst_bud":4,"minecraft:bamboo_stairs":22,"minecraft:orange_terracotta":2,"luminousworld:tree_ant_trophy":5,"luphieclutteredmod:luphie_brown_desk":1,"minecraft:jungle_stairs":16,"minecraft:mossy_cobblestone_wall":6,"luminousworld:viper_egg":2,"stoneworks:calcite_bricks":1,"burnt:smoldering_log_start":4,"minecraft:nether_quartz_ore":674,"aquamirae:painting_aurora":17,"minecraft:oak_planks":355,"minecraft:wall_torch":55,"minecraft:cauldron":1,"minecraft:blue_terracotta":1,"minecraft:powered_rail":1,"minecraft:dark_oak_slab":7,"minecraft:mossy_stone_brick_wall":1,"minecraft:warped_planks":19,"aquamirae:wisteria_niveis":2,"minecraft:blue_ice":30,"minecraft:exposed_cut_copper_slab":1,"burnt:smoldering_stairs_start":1,"refurbished_furniture:light_electricity_generator":2,"minecraft:smooth_stone_slab":6,"minecraft:oak_log":2867,"stoneworks:calcite_tiles":4,"minecraft:dirt":695,"minecraft:prismarine_stairs":150,"minecraft:dispenser":1,"luminousworld:savannah_grass_4":1,"minecraft:ancient_debris":30,"minecraft:quartz_stairs":13,"luminousworld:grassvariant_4":44,"minecraft:dark_oak_leaves":21,"minecraft:bamboo_fence":8,"minecraft:red_stained_glass":13,"minecraft:mangrove_roots":3,"twilightforest:mangrove_root":1,"minecraft:glow_lichen":2,"minecraft:ladder":22,"minecraft:stone_button":1,"minecraft:decorated_pot":2,"minecraft:weathered_copper":1,"luminousworld:clovers_2":3,"minecraft:spruce_leaves":182,"minecraft:acacia_slab":1,"luminousworld:white_oak_plank":16,"minecraft:crimson_stem":8,"blue_skies:dusk_leaves":8,"minecraft:hay_block":187,"luphieclutteredmod:luphie_pink_planks":2,"luminousworld:yellow_grassflowers":2,"minecraft:raw_gold_block":7,"minecraft:polished_basalt":6,"minecraft:gray_wall_banner":6,"minecraft:peony":1,"minecraft:gold_block":117,"minecraft:bookshelf":183,"minecraft:deepslate_iron_ore":39,"minecraft:shroomlight":15,"minecraft:oxidized_cut_copper_slab":1,"minecraft:stripped_oak_log":247,"minecraft:wet_sponge":64,"variantvanillablocks:oak_grindstone":1,"luminousworld:soft_birch_log":1,"minecraft:scaffolding":160,"minecraft:acacia_leaves":1,"luminousworld:white_oak_stairs":2,"luminousworld:blueberrybush":4,"twilightforest:mangrove_sapling":2,"minecraft:snow_block":119,"minecraft:stripped_dark_oak_log":9,"minecraft:basalt":27,"minecraft:polished_granite":7,"stoneworks:chiseled_prismarine":2,"minecraft:oak_fence":30,"luphieclutteredmod:luphie_pink_trapdoor":1,"taxov:block_sailor":1,"luminousworld:savannah_grass_1":1,"luphieclutteredmod:anchorwallpaperwainscot":13,"minecraft:stone_slab":4,"minecraft:deepslate_coal_ore":37,"minecraft:quartz_bricks":14,"minecraft:red_concrete":60,"minecraft:polished_blackstone_brick_stairs":25,"luminousworld:jar":4,"minecraft:prismarine_bricks":1104,"minecraft:birch_planks":4,"minecraft:black_wall_banner":19,"minecraft:ice":72,"minecraft:white_wall_banner":3,"minecraft:bee_nest":18,"kawaiidishes:red_stool":5,"luphieclutteredmod:luphie_hanging_plant_a":4,"minecraft:black_wool":2,"minecraft:cherry_leaves":61,"minecraft:flower_pot":2,"minecraft:cyan_carpet":1,"burnt:smoldering_log":10,"minecraft:cracked_stone_bricks":29,"minecraft:mossy_stone_bricks":73,"stoneworks:polished_prismarine":33,"paraglider:goddess_statue":2,"minecraft:dark_oak_planks":42,"minecraft:dark_prismarine_stairs":6,"minecraft:stripped_warped_stem":1,"minecraft:light_blue_concrete":942,"minecraft:cherry_log":133,"variantvanillablocks:oak_smithing_table":2,"minecraft:jungle_leaves":65,"blue_skies:moonstone":1,"cataclysm:stone_tiles":21,"minecraft:obsidian":27,"minecraft:carved_pumpkin":9,"minecraft:chiseled_polished_blackstone":4,"minecraft:stone_brick_wall":29,"minecraft:yellow_carpet":6,"minecraft:jungle_log":3,"minecraft:pink_stained_glass":50,"minecraft:coal_block":84,"minecraft:deepslate_bricks":3,"minecraft:lime_stained_glass":5,"minecraft:hopper":34,"minecraft:oxeye_daisy":3,"supplementaries:speaker_block":2,"minecraft:crimson_fungus":2,"minecraft:chiseled_stone_bricks":9,"minecraft:light_blue_stained_glass":54,"minecraft:potted_fern":1,"minecraft:weeping_vines_plant":7,"minecraft:tall_seagrass":8,"minecraft:sticky_piston":1,"minecraft:moss_carpet":2,"minecraft:pumpkin":106,"minecraft:enchanting_table":15,"minecraft:oak_sign":3,"minecraft:cave_vines":1,"minecraft:oak_stairs":29,"minecraft:water_cauldron":90,"minecraft:quartz_slab":7,"minecraft:small_amethyst_bud":3,"minecraft:dirt_path":15,"minecraft:iron_block":22,"kawaiidishes:coffee_machine":11,"burnt:smoldering_planks_3":3,"luminousworld:wallleaves":2,"minecraft:conduit":2,"minecraft:brown_mushroom":3,"minecraft:red_bed":15,"minecraft:player_wall_head":1,"minecraft:amethyst_cluster":6,"minecraft:soul_fire":9,"minecraft:blue_stained_glass":1,"minecraft:oxidized_cut_copper_stairs":6,"minecraft:blast_furnace":6,"minecraft:polished_andesite_stairs":18,"minecraft:green_concrete_powder":20,"minecraft:glass":31,"minecraft:cyan_bed":8,"minecraft:crimson_stairs":2,"minecraft:weathered_cut_copper_stairs":6,"minecraft:skeleton_skull":12,"minecraft:cyan_wool":1,"minecraft:black_concrete_powder":11,"minecraft:wheat":161,"minecraft:lilac":7,"minecraft:waxed_copper_block":1,"cozy_home:bamboo_wall_clock":1,"minecraft:black_bed":25,"minecraft:stone_brick_stairs":41,"minecraft:potted_poppy":1,"minecraft:copper_block":40,"minecraft:prismarine_brick_stairs":9,"luminousworld:palm_log":3,"minecraft:red_mushroom_block":6,"minecraft:stonecutter":6,"minecraft:yellow_stained_glass":79,"minecraft:piston":9,"minecraft:light_blue_stained_glass_pane":2,"minecraft:yellow_terracotta":3,"burnt:smoldering_slab":1,"minecraft:stripped_birch_log":3,"minecraft:jack_o_lantern":2,"luphieclutteredmod:luphie_sewing_table":1,"kawaiidishes:cappuccino_coffee":1,"luminousworld:mossbuds_1":2,"minecraft:jungle_planks":6,"minecraft:crimson_roots":25,"kawaiidishes:coffee_bush":33,"burnt:smoldering_log_2":2,"luminousworld:grassvariant_2":51,"aquamirae:painting_anglerfish":6,"minecraft:yellow_concrete_powder":83,"minecraft:moss_block":3,"minecraft:kelp":1,"minecraft:black_stained_glass_pane":4,"burnt:burnt_grass":6,"minecraft:snow":106,"minecraft:acacia_wood":3,"minecraft:diamond_block":2,"luminousworld:mossbuds_3":7,"stoneworks:stone_paver_stairs":2,"minecraft:potatoes":24,"blue_skies:crescent_fruit":17,"variantvanillablocks:spruce_crafting_table":4,"minecraft:bamboo":81,"luminousworld:clovers_3":1,"luminousworld:groundpebbles_2":1,"minecraft:cut_copper":6,"minecraft:smooth_quartz_stairs":3,"minecraft:warped_trapdoor":2,"minecraft:white_wool":260,"minecraft:smithing_table":1,"minecraft:light_gray_carpet":7,"minecraft:gray_concrete":6,"minecraft:cherry_planks":58,"minecraft:hanging_roots":1,"minecraft:brown_carpet":1,"minecraft:stone_brick_slab":14,"minecraft:pink_concrete_powder":2,"minecraft:observer":17,"minecraft:smooth_sandstone":7,"minecraft:emerald_ore":8,"luminousworld:viper_plaque":2,"minecraft:dried_kelp_block":50,"luminousworld:whiteoaklog":320,"minecraft:purple_stained_glass":57,"minecraft:prismarine_brick_slab":1,"minecraft:spruce_log":6619,"minecraft:white_carpet":16,"minecraft:birch_leaves":31,"minecraft:quartz_pillar":11,"variantvanillablocks:cherry_chest":7,"mcwdoors:oak_glass_door":4,"luminousworld:clovers_5":2,"luminousworld:ishstone":24,"minecraft:zombie_head":1,"minecraft:dripstone_block":2,"overweight_farming:seeded_peeled_melon":1,"minecraft:spruce_fence_gate":1,"luminousworld:elephant_grass":1,"minecraft:deepslate_emerald_ore":43,"luminousworld:white_petunias":1,"minecraft:large_amethyst_bud":3,"minecraft:spruce_planks":156,"luminousworld:yellowpetunias":3,"minecraft:cobblestone_stairs":28,"paraglider:rito_goddess_statue":10,"stoneworks:stone_shingles":2,"burnt:smoldering_planks":3,"cataclysm:stone_pillar":63,"minecraft:cave_vines_plant":1,"minecraft:grass_block":457,"minecraft:gray_banner":1,"minecraft:soul_soil":26,"luphieclutteredmod:luphie_scattered_papers":3,"minecraft:mud_bricks":2,"minecraft:smooth_stone":199,"minecraft:raw_iron_block":6,"minecraft:glowstone":67,"minecraft:iron_ore":1062,"minecraft:anvil":44,"stoneworks:stone_tiles":12,"minecraft:black_carpet":8,"luphieclutteredmod:purple_flower_shelf_candle":2,"minecraft:azure_bluet":1,"minecraft:dark_oak_stairs":25,"burnt:burnt_log":3,"minecraft:purple_carpet":4,"minecraft:black_candle":2,"kawaiidishes:mug":6,"luminousworld:decorative_brown_2":5,"luphieclutteredmod:luphie_cauldron_poster":1,"mcwdoors:sliding_glass_door":4,"minecraft:blackstone":281,"minecraft:cyan_terracotta":7,"stoneworks:prismarine_plates":10,"luminousworld:tall_deadbush":2,"twilightforest:bamboo_banister":8,"supplementaries:book_pile":1,"minecraft:soul_lantern":10,"minecraft:chiseled_quartz_block":3,"minecraft:clay":17,"minecraft:calcite":113,"minecraft:poppy":22,"minecraft:potted_warped_roots":1,"minecraft:chest":252,"luminousworld:spuds":2,"minecraft:mushroom_stem":16,"supplementaries:wild_flax":1,"minecraft:honeycomb_block":3,"minecraft:cobblestone":470,"minecraft:grindstone":1,"minecraft:prismarine":969,"minecraft:iron_door":6,"stoneworks:stone_pavers":12,"minecraft:deepslate_copper_ore":5,"minecraft:pink_petals":84,"minecraft:seagrass":8,"luminousworld:clovers_1":3,"minecraft:brown_concrete_powder":12,"minecraft:nether_wart_block":2,"luphieclutteredmod:luphie_hoppin_park_lantern":5,"variantvanillablocks:dark_oak_crafting_table":1,"minecraft:birch_log":417,"minecraft:birch_trapdoor":2,"minecraft:cherry_door":1,"stoneworks:prismarine_pillar":154,"minecraft:stripped_oak_wood":1,"burnt:burnt_slab":1,"minecraft:acacia_fence":1,"minecraft:sand":1438,"minecraft:crimson_planks":1,"stoneworks:calcite_pillar":15,"minecraft:tripwire_hook":1,"blue_skies:starlit_chest":4,"minecraft:wither_skeleton_skull":6,"minecraft:netherrack":14821,"minecraft:oak_leaves":419,"minecraft:emerald_block":8,"minecraft:redstone_lamp":29,"minecraft:diamond_ore":2,"minecraft:nether_gold_ore":235,"luminousworld:groundpebbles_1":1,"minecraft:tuff":100,"minecraft:red_carpet":4,"minecraft:deepslate_diamond_ore":72,"blue_skies:starlit_crafting_table":2,"minecraft:candle":1,"minecraft:blackstone_wall":1,"burnt:burnt_planks":11,"minecraft:oak_door":1,"luminousworld:ancient_sandstonebricks":1,"luminousworld:mossbuds_2":7,"luminousworld:clovers_4":1,"cataclysm:chiseled_stone_brick_pillar":45,"minecraft:weeping_vines":4,"minecraft:white_stained_glass":62,"seadwellers:aquamarine_crystal":3,"luminousworld:decorative_brown_mushroom_1":10,"minecraft:polished_andesite_slab":1,"luminousworld:blackberrybush":7,"minecraft:sandstone":86,"minecraft:large_fern":14,"luphieclutteredmod:luphie_plated_croissant":1,"blue_skies:crescent_fruit_leaves":5,"luminousworld:sunset_petunias":2,"minecraft:oak_trapdoor":12,"minecraft:spruce_sapling":3,"minecraft:furnace":11,"minecraft:carrots":35,"minecraft:red_concrete_powder":29,"minecraft:chiseled_sandstone":4,"minecraft:dark_oak_fence_gate":2,"minecraft:stripped_spruce_log":46,"mcwdoors:spruce_nether_door":1,"minecraft:bell":3,"variantvanillablocks:spruce_bookshelf":10,"minecraft:lantern":172,"minecraft:packed_ice":1568,"luphieclutteredmod:checkeredstrawberrywallpaperpink":77,"minecraft:white_tulip":43,"minecraft:stone":11401,"minecraft:cherry_stairs":13,"minecraft:podzol":5,"supplementaries:book_pile_horizontal":11,"minecraft:cut_copper_stairs":5,"minecraft:spruce_door":2,"burnt:burnt_dirt":3,"minecraft:crafting_table":7,"minecraft:oak_wood":5,"minecraft:rose_bush":20,"minecraft:sculk_sensor":1,"cozy_home:telescope":8,"minecraft:lectern":169,"minecraft:andesite_wall":1,"stoneworks:polished_calcite":15,"minecraft:lapis_ore":42,"supplementaries:present_pink":9,"minecraft:spruce_stairs":26,"minecraft:blue_bed":2,"refurbished_furniture:workbench":3,"supplementaries:urn":3,"luminousworld:king_crab_plaque":2,"stoneworks:stone_tile_stairs":4,"minecraft:beehive":5,"minecraft:polished_blackstone_stairs":1,"luminousworld:white_oak_slab":1,"minecraft:sweet_berry_bush":28,"minecraft:gray_bed":2,"variantvanillablocks:oak_fletching_table":14,"luminousworld:frost_golem_plaque":3,"minecraft:coal_ore":1984,"minecraft:end_rod":3,"minecraft:gray_carpet":1,"minecraft:terracotta":69,"minecraft:polished_andesite":26,"minecraft:birch_fence":4,"minecraft:warped_slab":1},"minecraft:picked_up":{"kawaiidishes:brown_headband_fox_ears_brown":1,"minecraft:suspicious_stew":1,"minecraft:lead":22,"minecraft:smithing_table":1,"minecraft:stone_slab":7,"minecraft:enchanted_book":37,"kawaiidishes:cappuccino_coffee":13,"kawaiidishes:black_maid_dress":1,"minecraft:blue_concrete":10,"minecraft:music_disc_cat":1,"minecraft:polished_blackstone_brick_stairs":7,"minecraft:string":679,"aquamirae:three_bolt_leggings":1,"kawaiidishes:lime_headband_bunny_ears_caramel":1,"stoneworks:polished_prismarine":65,"blue_skies:frostbright_log":2,"blue_skies:starlit_sapling":1,"minecraft:pufferfish":16,"minecraft:shroomlight":14,"minecraft:diamond_leggings":9,"obscure_api:astral_dust":5,"kawaiidishes:cocoa_powder":53,"luphieclutteredmod:luphie_blank_paper_pile":1,"minecraft:polished_blackstone_brick_slab":14,"minecraft:polished_blackstone_stairs":1,"minecraft:jukebox":2,"minecraft:big_dripleaf":1,"luphieclutteredmod:luphie_small_cauldron_set":1,"kawaiidishes:brown_headband_horns_black":1,"minecraft:cut_copper_stairs":5,"minecraft:golden_axe":4,"kawaiidishes:coffee_machine":15,"kawaiidishes:red_stool":12,"minecraft:honeycomb_block":1,"aquamirae:esca":11,"minecraft:golden_chestplate":1,"minecraft:green_terracotta":5,"minecraft:cauldron":311,"minecraft:brown_carpet":6,"minecraft:stone_sword":4,"minecraft:honey_bottle":77,"luphieclutteredmod:luphie_pink_slab":17,"minecraft:polished_basalt":2,"minecraft:carved_pumpkin":5,"minecraft:glowstone":28,"minecraft:end_rod":4,"supplementaries:quiver":5,"supplementaries:ash":40,"minecraft:blaze_rod":35,"minecraft:iron_bars":32,"minecraft:snowball":494,"luminousworld:whiteoakleaves":100,"minecraft:feather":11,"minecraft:water_bucket":20,"supplementaries:candy":4,"minecraft:dark_oak_boat":7,"minecraft:copper_block":39,"luphieclutteredmod:luphie_flowering_pink_log":1,"twilightforest:sorting_sapling":1,"luminousworld:frost_golem_plaque":5,"kawaiidishes:light_gray_maid_dress":1,"minecraft:flint":118,"luminousworld:raw_venison":5,"minecraft:cherry_fence":2,"minecraft:purple_stained_glass":56,"minecraft:pink_concrete_powder":2,"artifacts:flippers":1,"minecraft:lantern":329,"stoneworks:stone_tile_stairs":4,"blue_skies:maple_log":1,"kawaiidishes:caramel_bunny_ears":1,"minecraft:stonecutter":9,"minecraft:dark_oak_sign":4,"kawaiidishes:lime_maid_dress":1,"minecraft:rabbit":19,"minecraft:diamond_helmet":4,"kawaiidishes:red_thigh_highs":1,"aquamirae:terrible_sword":2,"minecraft:honeycomb":50,"luminousworld:creepberries":40,"minecraft:stripped_crimson_stem":3,"minecraft:birch_fence_gate":4,"minecraft:stripped_spruce_log":16,"luphieclutteredmod:luphie_hanging_plant_a":2,"naturalist:duck_egg":4,"cataclysm:stone_tiles":37,"luphieclutteredmod:luphie_hoppin_park_lantern":5,"minecraft:iron_hoe":2,"luminousworld:beast_totem":2,"minecraft:polished_andesite":16,"minecraft:snout_armor_trim_smithing_template":2,"naturalist:antler":1,"minecraft:deepslate":1,"luminousworld:yellowpetunias":19,"minecraft:lever":1,"supplementaries:bubble_blower":1,"minecraft:granite":148,"shieldsplus:iron_shield":9,"minecraft:spruce_button":2,"minecraft:golden_horse_armor":14,"minecraft:jack_o_lantern":1,"minecraft:light_gray_carpet":14,"minecraft:crimson_roots":32,"minecraft:diamond_pickaxe":13,"minecraft:mud":80,"minecraft:bee_nest":16,"variantvanillablocks:cherry_crafting_table":1,"fnm_recrafted:scorchingberryplant":2,"luminousworld:decorative_brown_2":2,"minecraft:clay_ball":69,"minecraft:redstone_lamp":32,"refurbished_furniture:wrench":2,"minecraft:leather_leggings":4,"overweight_farming:seeded_peeled_melon":1,"backpacked:backpack":3,"minecraft:cornflower":1,"blue_skies:stripped_starlit_wood":1,"minecraft:flint_and_steel":3,"minecraft:white_carpet":5,"minecraft:white_stained_glass":58,"minecraft:iron_shovel":6,"minecraft:glass_pane":77,"luminousworld:palm_log":3,"supplementaries:bomb":2,"minecraft:netherite_sword":1,"minecraft:jungle_sapling":1,"minecraft:poppy":45,"minecraft:spruce_slab":7,"minecraft:minecart":3,"minecraft:birch_sapling":98,"minecraft:piston":18,"minecraft:diamond_hoe":3,"minecraft:copper_ore":2,"burnt:burnt_planks":10,"naturalist:duck":3,"minecraft:stone":9598,"luminousworld:blue_petunias":1,"minecraft:raw_gold_block":7,"kawaiidishes:dark_brown_shoes":1,"minecraft:music_disc_mellohi":2,"kawaiidishes:purple_thigh_highs":1,"minecraft:fire_charge":2,"kawaiidishes:yellow_headband_cat_ears_black":2,"minecraft:netherite_pickaxe":2,"mcwdoors:bamboo_western_door":6,"minecraft:diamond_chestplate":6,"aquamirae:sea_stew":6,"seadwellers:icy_loot_crate":3,"minecraft:hay_block":689,"minecraft:cracked_deepslate_bricks":2,"minecraft:totem_of_undying":7,"artifacts:pocket_piston":1,"minecraft:polished_blackstone":2,"minecraft:bone_block":38,"minecraft:rail":20,"twilightforest:darkwood_sapling":1,"minecraft:oxeye_daisy":4,"luphieclutteredmod:luphie_sewing_table":2,"minecraft:clock":1,"minecraft:mud_bricks":2,"supplementaries:lapis_bricks":3,"luminousworld:ishstone":15,"minecraft:fern":18,"aquamirae:spinefish":4,"minecraft:acacia_wood":1,"minecraft:lily_pad":69,"minecraft:paper":3,"minecraft:apple":159,"luphieclutteredmod:luphie_brown_desk":1,"minecraft:wild_armor_trim_smithing_template":4,"minecraft:yellow_stained_glass":78,"minecraft:stone_pickaxe":3,"minecraft:iron_ore":50,"naturalist:bug_net":3,"minecraft:tall_grass":7,"minecraft:gray_bed":2,"minecraft:dark_oak_stairs":4,"burnt:shale":2,"minecraft:polished_andesite_stairs":12,"shieldsplus:stone_shield":9,"minecraft:smooth_basalt":53,"minecraft:milk_bucket":5,"blue_skies:crescent_fruit_sapling":4,"minecraft:sweet_berries":113,"minecraft:red_wool":10,"minecraft:weathered_copper":1,"minecraft:light_blue_stained_glass":51,"minecraft:crying_obsidian":14,"minecraft:leather_helmet":8,"taxov:block_sailor":2,"minecraft:brewer_pottery_sherd":2,"minecraft:oak_wood":2,"minecraft:diamond_shovel":6,"minecraft:coal_ore":98,"aquamirae:music_disc_forsaken_drownage":1,"minecraft:slime_ball":104,"minecraft:tide_armor_trim_smithing_template":1,"minecraft:painting":196,"minecraft:polished_blackstone_brick_wall":3,"minecraft:lodestone":1,"minecraft:baked_potato":7,"minecraft:smooth_quartz_slab":1,"minecraft:hopper":90,"twilightforest:time_sapling":1,"aquamirae:elodea":1,"minecraft:prismarine_stairs":141,"minecraft:black_carpet":21,"minecraft:light_blue_concrete":941,"minecraft:ender_chest":71,"seadwellers:gold_relics":1,"seadwellers:aquamarine":50,"minecraft:gilded_blackstone":110,"minecraft:stone_brick_stairs":25,"minecraft:warped_stairs":1,"minecraft:lapis_block":21,"blue_skies:comet_wood":1,"aquamirae:dagger_of_greed":3,"minecraft:experience_bottle":11,"kawaiidishes:expresso_coffee":1,"alexsmobs:blood_sac":4,"minecraft:smooth_stone":230,"minecraft:bucket":81,"minecraft:white_tulip":80,"minecraft:red_dye":12,"minecraft:rose_bush":220,"minecraft:cobblestone_slab":7,"minecraft:iron_pickaxe":22,"minecraft:smooth_quartz":1,"kawaiidishes:piece_of_honey_cheesecake":58,"cozy_home:telescope":9,"minecraft:blue_wool":3,"minecraft:tipped_arrow":1,"variantvanillablocks:oak_fletching_table":2,"supplementaries:speaker_block":1,"minecraft:birch_trapdoor":1,"luminousworld:viper_plaque":6,"cataclysm:chiseled_stone_brick_pillar":45,"minecraft:spruce_stairs":3,"blue_skies:starlit_chest":4,"minecraft:diorite":41,"shieldsplus:diamond_shield":3,"kawaiidishes:pink_maid_dress_cat_tail_caramel":1,"stoneworks:calcite_tiles":4,"minecraft:rotten_flesh":475,"luminousworld:soft_birch_log":1,"kawaiidishes:yellow_headband_cat_ears_caramel":1,"minecraft:obsidian":58,"cataclysm:stone_pillar":105,"minecraft:blaze_powder":5,"minecraft:cobblestone":5756,"minecraft:enchanting_table":15,"minecraft:pink_petals":1359,"minecraft:leather_chestplate":3,"minecraft:repeater":1,"minecraft:lilac":9,"minecraft:cherry_planks":112,"minecraft:andesite":58,"minecraft:black_bed":32,"minecraft:golden_leggings":1,"kawaiidishes:light_gray_thigh_highs":2,"minecraft:potato":3011,"twilightforest:transformation_sapling":2,"minecraft:prismarine_bricks":1095,"supplementaries:flute":2,"luphieclutteredmod:stripped_luphie_green_log":1,"aquamirae:painting_aurora":18,"minecraft:stripped_birch_log":1,"minecraft:dirt":2019,"stoneworks:chiseled_prismarine":2,"minecraft:name_tag":13,"minecraft:glass":170,"minecraft:bone":785,"minecraft:acacia_planks":5,"minecraft:bow":28,"minecraft:wheat_seeds":1026,"minecraft:orange_tulip":1,"aquamirae:wisteria_niveis":3,"luminousworld:white_oak_stairs":13,"minecraft:grindstone":3,"seadwellers:copper_relics":5,"minecraft:netherite_axe":1,"minecraft:mossy_stone_bricks":247,"minecraft:fletching_table":1,"minecraft:bamboo":1343,"minecraft:prismarine":1005,"luphieclutteredmod:luphie_retro_pink_fridge":1,"minecraft:grass_block":19,"minecraft:diamond_block":2,"minecraft:spectral_arrow":62,"minecraft:mossy_cobblestone":147,"luminousworld:amethyst_disc":3,"minecraft:sugar":40,"minecraft:yellow_carpet":9,"twilightforest:twilight_oak_sapling":5,"minecraft:netherite_helmet":1,"minecraft:soul_lantern":10,"luminousworld:blueberry":3,"minecraft:cracked_polished_blackstone_bricks":63,"minecraft:crossbow":17,"minecraft:grass":207,"minecraft:bone_meal":210,"minecraft:golden_apple":27,"minecraft:emerald":803,"luphieclutteredmod:luphie_cluttered_cat_mugs":3,"minecraft:netherrack":3174,"minecraft:oak_leaves":165,"burnt:burnt_stairs":4,"minecraft:splash_potion":8,"minecraft:ladder":8,"kawaiidishes:yellow_maid_dress_devil_tail_red":2,"minecraft:brown_mushroom":17,"minecraft:packed_ice":846,"minecraft:stone_brick_wall":26,"minecraft:chain":21,"minecraft:brick":36,"minecraft:orange_stained_glass":69,"minecraft:oak_trapdoor":4,"minecraft:moss_carpet":3,"overweight_farming:vegetable_peels":1,"variantvanillablocks:spruce_crafting_table":6,"minecraft:blackstone":258,"minecraft:birch_fence":44,"minecraft:blue_orchid":9,"refurbished_furniture:light_electricity_generator":2,"aquamirae:luminescent_bubble":1,"luminousworld:white_oak_plank":17,"minecraft:cherry_stairs":80,"aquamirae:shell_horn":3,"minecraft:note_block":1,"minecraft:polished_blackstone_bricks":138,"luphieclutteredmod:small_shelf":8,"minecraft:brown_concrete_powder":8,"minecraft:stone_pressure_plate":1,"luminousworld:white_oak_sapling":37,"luphieclutteredmod:anchorwallpaperwainscot":15,"minecraft:weeping_vines":4,"minecraft:pumpkin_pie":1,"minecraft:pink_tulip":44,"minecraft:black_banner":40,"minecraft:glistering_melon_slice":2,"minecraft:skeleton_skull":14,"minecraft:netherite_boots":1,"minecraft:prismarine_slab":2,"minecraft:basalt":19,"minecraft:golden_carrot":26,"minecraft:magenta_banner":2,"minecraft:leather":286,"minecraft:ice":19,"minecraft:crimson_fungus":6,"luminousworld:tree_ant_trophy":8,"minecraft:gunpowder":33,"minecraft:cobblestone_wall":2,"luphieclutteredmod:luphie_white_armchair":2,"kawaiidishes:latte_coffee":1,"minecraft:cooked_mutton":1,"minecraft:red_carpet":4,"minecraft:coast_armor_trim_smithing_template":6,"stoneworks:stone_tiles":12,"minecraft:gray_carpet":3,"minecraft:deepslate_emerald_ore":2,"minecraft:rabbit_hide":34,"minecraft:iron_ingot":1781,"luphieclutteredmod:checkeredstrawberrywallpaperpink":75,"luphieclutteredmod:small_pink_shelf":2,"blue_skies:frostbright_sapling":1,"minecraft:pink_bed":7,"minecraft:black_candle":3,"minecraft:nether_quartz_ore":11,"minecraft:emerald_block":8,"luminousworld:clovers_1":54,"minecraft:stone_brick_slab":9,"minecraft:quartz":1266,"minecraft:dandelion":73,"luphieclutteredmod:luphie_purple_door":4,"minecraft:lava_bucket":12,"minecraft_earth_mobs:pink_daisy":109,"minecraft:amethyst_shard":63,"kawaiidishes:cheese_cake":2,"minecraft:spruce_door":2,"luminousworld:whiteoaklog":232,"minecraft:light_blue_concrete_powder":5,"minecraft:pumpkin_seeds":56,"minecraft:white_concrete_powder":139,"minecraft:prismarine_wall":20,"minecraft:gray_banner":1,"minecraft:cherry_sapling":52,"minecraft:mossy_cobblestone_stairs":16,"kawaiidishes:brown_thigh_highs":3,"minecraft:terracotta":120,"minecraft:wooden_axe":2,"minecraft:sunflower":38,"minecraft:seagrass":3,"luminousworld:swamp_disk":2,"minecraft:iron_chestplate":24,"minecraft:chainmail_boots":2,"minecraft:flower_pot":11,"minecraft:anvil":89,"minecraft:prismarine_shard":35,"minecraft:diamond_sword":12,"luphieclutteredmod:luphie_flowering_purple_log":1,"minecraft:oak_stairs":10,"minecraft:brewing_stand":20,"minecraft:golden_sword":9,"minecraft:amethyst_block":217,"paraglider:goddess_statue":2,"minecraft:weathered_cut_copper_stairs":4,"minecraft:cooked_salmon":32,"minecraft:orange_concrete_powder":21,"luminousworld:blizzard":1,"minecraft:cobbled_deepslate":488,"minecraft:gold_nugget":1986,"blue_skies:starlit_crafting_table":2,"minecraft:spruce_planks":188,"twilightforest:stripped_canopy_log":1,"minecraft:netherite_upgrade_smithing_template":3,"minecraft:melon_slice":464,"minecraft:enchanted_golden_apple":13,"minecraft:coal_block":83,"kawaiidishes:roasted_cocoa_beans":146,"minecraft:dark_oak_door":1,"minecraft:golden_helmet":3,"minecraft:beehive":16,"blue_skies:maple_sapling":2,"minecraft:composter":2,"minecraft:cherry_log":140,"minecraft:warped_planks":9,"minecraft:rabbit_foot":8,"undead_revamp2:cloogerribs":72,"minecraft:bamboo_block":5,"luminousworld:grassflowers":6,"minecraft:light_gray_bed":4,"luminousworld:yellow_grassflowers":2,"luphieclutteredmod:luphie_pink_log":21,"blue_skies:stripped_bluebright_wood":2,"minecraft:iron_block":28,"minecraft:cyan_terracotta":6,"minecraft:netherite_chestplate":2,"luminousworld:far_lands":3,"burnt:arrow_catch_block_2":6,"alexsmobs:lobster_tail":5,"minecraft:birch_log":143,"minecraft:magma_block":36,"minecraft:mossy_cobblestone_slab":5,"minecraft:iron_door":1,"minecraft:cherry_leaves":26,"minecraft:green_concrete_powder":10,"stoneworks:calcite_bricks":6,"kawaiidishes:coffee_powder":40,"minecraft:smoker":4,"supplementaries:soap":5,"minecraft:stripped_spruce_wood":1,"minecraft:map":1,"minecraft:netherite_leggings":2,"minecraft:gray_concrete":1,"minecraft:cherry_door":1,"aquamirae:fin":93,"minecraft:glowstone_dust":59,"refurbished_furniture:cherry_toilet":1,"stoneworks:calcite_pillar":15,"aquamirae:anglers_fang":2,"minecraft:ink_sac":2,"minecraft:crimson_door":2,"minecraft:fermented_spider_eye":23,"minecraft:dark_oak_log":8,"minecraft:barrel":79,"aquamirae:music_disc_horizon":2,"minecraft:dispenser":1,"minecraft:black_concrete_powder":14,"minecraft:green_concrete":35,"luphieclutteredmod:luphie_purple_planks":6,"aquamirae:rune_of_the_storm":3,"minecraft:writable_book":4,"minecraft:blue_ice":24,"fnm_recrafted:scorchingberry":1,"minecraft:bread":865,"alexsmobs:maggot":4,"minecraft:cherry_slab":58,"minecraft:dark_oak_fence":60,"luminousworld:groundpebbles_1":8,"minecraft:coarse_dirt":13,"minecraft:crafting_table":6,"luphieclutteredmod:luphie_flowering_yellow_log":1,"luphieclutteredmod:luphie_pink_mini_cabinet":2,"minecraft:nether_wart":140,"mcwdoors:spruce_nether_door":1,"shieldsplus:wooden_shield":1,"minecraft:conduit":2,"blue_skies:bluebright_sapling":1,"twilightforest:stripped_transformation_wood":1,"minecraft:stripped_mangrove_log":2,"luminousworld:submerged":1,"aquamirae:sharp_bones":93,"minecraft:red_bed":16,"supplementaries:globe":2,"stoneworks:stone_paver_stairs":4,"stoneworks:prismarine_plates":10,"minecraft:snow":8,"minecraft:netherite_scrap":20,"minecraft:compass":5,"minecraft:cracked_stone_bricks":174,"minecraft:deepslate_diamond_ore":1,"minecraft:music_disc_otherside":1,"aquamirae:dead_sea_scroll":3,"minecraft:beef":78,"aquamirae:painting_anglerfish":7,"minecraft:cyan_wool":1,"minecraft:iron_nugget":204,"minecraft:quartz_stairs":3,"minecraft:chest":274,"blue_skies:lunar_wood":1,"minecraft:egg":15,"minecraft:sandstone":21,"luminousworld:spuds":3,"kawaiidishes:orange_maid_dress_bunny_tail_black":1,"minecraft:oak_door":1,"supplementaries:pedestal":31,"minecraft:spruce_fence":11,"luphieclutteredmod:purple_flower_shelf_candle":2,"minecraft:carrot":682,"minecraft:redstone":1351,"minecraft:prismarine_crystals":25,"minecraft:blue_carpet":9,"luminousworld:decorative_brown_mushroom_1":8,"minecraft:cooked_cod":192,"minecraft:peony":3,"minecraft:shears":3,"minecraft:diamond_boots":1,"minecraft:cut_copper":6,"minecraft:gold_ingot":562,"variantvanillablocks:oak_grindstone":2,"aquamirae:treasure_pouch":6,"blue_skies:moonstone_shard":1,"minecraft:glow_berries":21,"minecraft:white_wool":407,"minecraft:stripped_oak_log":21,"luminousworld:palmplank":8,"blue_skies:dusk_planks":10,"fnm_recrafted:lostsoul":13,"minecraft:red_mushroom":51,"minecraft:filled_map":5,"luphieclutteredmod:luphie_pastel_wall_bookshelf":1,"minecraft:brown_concrete":194,"luphieclutteredmod:luphie_scattered_papers":2,"minecraft:oak_log":802,"blue_skies:snowbloom":2,"minecraft:ancient_debris":18,"minecraft:golden_boots":12,"enemyexpansion:scorpion_tail":1,"kawaiidishes:green_headband_cat_ears_black":1,"minecraft:blue_bed":2,"minecraft:white_banner":21,"mcwdoors:sliding_glass_door":4,"minecraft:stone_bricks":228,"minecraft:kelp":27,"twilightforest:mining_log":1,"minecraft:cobweb":124,"kawaiidishes:coffee_fruit":141,"minecraft:glass_bottle":34,"twilightforest:mangrove_sapling":2,"minecraft:iron_sword":8,"minecraft:flowering_azalea":2,"kawaiidishes:roasted_coffee_beans":40,"minecraft:prismarine_brick_stairs":6,"minecraft:dark_oak_slab":3,"aquamirae:ship_graveyard_echo":25,"luphieclutteredmod:luphie_pink_trapdoor":9,"minecraft:spyglass":5,"minecraft:gravel":769,"refurbished_furniture:workbench":1,"blue_skies:bluebright_log":1,"minecraft:spruce_sapling":450,"stoneworks:stone_pavers":12,"kawaiidishes:bunny_suit_white_tail":1,"minecraft:spruce_log":257,"minecraft:sea_lantern":302,"blue_skies:starlit_log":16,"minecraft:red_stained_glass":13,"minecraft:stone_axe":6,"minecraft:polished_diorite":8,"undead_revamp2:beespheromones":1,"minecraft:diamond_axe":13,"minecraft:scute":5,"minecraft:redstone_ore":18,"minecraft:warped_roots":1,"kawaiidishes:yellow_thigh_highs":2,"minecraft:melon_seeds":2,"minecraft:stripped_dark_oak_log":10,"minecraft:crimson_nylium":35,"minecraft:pink_dye":177,"minecraft:mangrove_propagule":1,"minecraft:ender_pearl":20,"minecraft:wheat":302,"minecraft:redstone_block":68,"minecraft:iron_trapdoor":1,"minecraft:potion":95,"minecraft:turtle_egg":4,"minecraft:nether_brick":847,"minecraft:crimson_planks":1,"mcwdoors:dark_oak_nether_door":1,"aquamirae:pirate_pouch":3,"minecraft:raw_copper":875,"fnm_recrafted:witherbone":1,"minecraft:iron_leggings":16,"minecraft:armor_stand":16,"blue_skies:dusk_stick":7,"minecraft:netherite_ingot":3,"minecraft:zombie_head":1,"twilightforest:rainbow_oak_sapling":1,"minecraft:oak_sign":9,"minecraft:activator_rail":12,"minecraft:tnt_minecart":2,"luphieclutteredmod:luphie_pink_planks":4,"minecraft:calcite":211,"minecraft:iron_boots":21,"minecraft:furnace":21,"blue_skies:dusk_log":17,"aquamirae:frozen_key":3,"minecraft:stick":725,"minecraft:brown_terracotta":4,"minecraft:oak_fence":9,"minecraft:torch":350,"stoneworks:polished_calcite":15,"minecraft:porkchop":141,"minecraft:snow_block":21,"minecraft:pointed_dripstone":12,"minecraft:music_disc_pigstep":1,"stoneworks:chiseled_dark_prismarine":2,"minecraft:yellow_concrete_powder":18,"luminousworld:shellmet_helmet":2,"minecraft:quartz_block":33,"minecraft:nether_gold_ore":8,"kawaiidishes:blue_headband_bunny_ears_caramel":1,"kawaiidishes:light_blue_thigh_highs":1,"minecraft:green_wool":57,"supplementaries:altimeter":1,"minecraft:stripped_birch_wood":1,"minecraft:cod":75,"undead_revamp2:arapholia":14,"minecraft:nautilus_shell":34,"paraglider:paraglider":8,"blue_skies:crescent_fruit":22,"minecraft:magma_cream":129,"minecraft:chiseled_quartz_block":2,"luphieclutteredmod:luphie_empty_plate":3,"alexsmobs:bear_fur":5,"supplementaries:item_shelf":4,"aquamirae:three_bolt_helmet":5,"paraglider:spirit_orb":364,"minecraft:tuff":141,"supplementaries:flax_seeds":2,"undead_revamp2:huntereye":21,"twilightforest:stripped_mining_log":1,"minecraft:wither_skeleton_skull":13,"minecraft:lapis_lazuli":1263,"minecraft:weathered_cut_copper":1,"minecraft:polished_granite":1,"minecraft:leather_boots":4,"kawaiidishes:piece_of_chocolate_cheesecake":13,"luminousworld:white_oak_slab":130,"minecraft:raw_gold":220,"minecraft:bell":3,"luphieclutteredmod:luphie_cauldron_poster":1,"mcwdoors:oak_glass_door":6,"minecraft:powered_rail":6,"kawaiidishes:mug":105,"minecraft:oak_planks":119,"minecraft:stone_hoe":2,"minecraft:mossy_stone_brick_stairs":13,"minecraft:pink_stained_glass":50,"minecraft:ghast_tear":7,"minecraft:pink_concrete":77,"minecraft:cooked_porkchop":8,"kawaiidishes:pink_maid_dress_fox_tail_white":1,"minecraft:oak_pressure_plate":2,"minecraft:poisonous_potato":23,"minecraft:sand":610,"minecraft:jungle_planks":2,"seadwellers:iron_relics":2,"minecraft:cyan_bed":8,"minecraft:chiseled_sandstone":2,"luminousworld:enchanted_root":1,"seadwellers:collector_loot_crate":12,"minecraft:exposed_cut_copper":1,"minecraft:dark_prismarine":919,"cozy_home:cherry_plank":32,"minecraft:dark_prismarine_slab":1,"artifacts:golden_hook":1,"minecraft:mangrove_wood":1,"minecraft:diamond":182,"luminousworld:king_crab_plaque":4,"minecraft:spruce_boat":6,"minecraft:white_concrete":390,"kawaiidishes:piece_of_cheesecake":70,"stoneworks:stone_plate_stairs":30,"minecraft:oak_sapling":57,"supplementaries:present_pink":9,"minecraft:nether_star":1,"minecraft:charcoal":6,"minecraft:fishing_rod":6,"undead_revamp2:bostroxingot":13,"minecraft:cocoa_beans":67,"luminousworld:wallleaves":4,"minecraft:chicken":3,"minecraft:chest_minecart":3,"minecraft:wooden_pickaxe":1,"minecraft:gold_block":181,"kawaiidishes:green_thigh_highs":2,"minecraft:iron_axe":18,"stoneworks:prismarine_pillar":154,"minecraft:item_frame":8,"minecraft:quartz_slab":2,"kawaiidishes:honey_cookie":55,"paraglider:rito_goddess_statue":10,"minecraft:candle":2,"minecraft:dark_prismarine_stairs":7,"minecraft:mossy_cobblestone_wall":2,"minecraft:oak_boat":17,"minecraft:player_head":4,"minecraft:observer":43,"aquamirae:three_bolt_boots":1,"minecraft:lectern":73,"minecraft:tinted_glass":8,"stoneworks:stone_shingles":2,"minecraft:sugar_cane":782,"luminousworld:gator_tooth":2,"minecraft:spruce_trapdoor":8,"minecraft:phantom_membrane":6,"minecraft:dark_oak_sapling":157,"kawaiidishes:piece_of_cake":29,"minecraft:raw_iron":898,"cozy_home:spruce_table":1,"minecraft:copper_ingot":804,"minecraft:bowl":4,"luphieclutteredmod:luphie_purple_jar_bookshelf":2,"minecraft:stone_button":43,"luminousworld:raw_squirrel":1,"alexsmobs:leafcutter_ant_pupa":4,"kawaiidishes:magenta_thigh_highs":1,"minecraft:iron_horse_armor":8,"minecraft:dark_oak_planks":13,"luphieclutteredmod:luphie_pink_heart_door":2,"minecraft:arrow":303,"minecraft:jungle_stairs":5,"variantvanillablocks:spruce_chest":6,"minecraft:saddle":18,"paraglider:horned_statue":2,"minecraft:lime_stained_glass":4,"minecraft:wet_sponge":56,"blue_skies:dusk_leaves":4,"minecraft:oxidized_cut_copper_stairs":3,"minecraft:air":56,"minecraft:crimson_stem":4,"minecraft:salmon":25,"kawaiidishes:blue_headband":2,"minecraft:birch_planks":50,"blue_skies:moonstone":2,"blue_skies:stripped_frostbright_wood":1,"minecraft:waxed_copper_block":1,"minecraft:nether_wart_block":2,"blue_skies:lunar_stick":4,"kawaiidishes:brown_shoes":8,"minecraft:cobblestone_stairs":24,"minecraft:deepslate_tile_slab":1,"luminousworld:frigid_horn":1,"minecraft:cut_copper_slab":321,"blue_skies:dusk_wood":1,"twilightforest:bamboo_banister":7,"naturalist:bass":1,"minecraft:smooth_sandstone":37,"minecraft:heart_of_the_sea":1,"minecraft:mossy_stone_brick_wall":1,"luminousworld:white_petunias":2,"minecraft:soul_sand":26,"minecraft:acacia_sapling":22,"minecraft:green_dye":15,"minecraft:book":1336,"minecraft:birch_boat":21,"minecraft:scaffolding":349,"minecraft:oak_slab":21,"luphieclutteredmod:luphie_plated_croissant":1,"twilightforest:hollow_oak_sapling":1,"minecraft:bamboo_fence":2,"minecraft:red_concrete_powder":4,"minecraft:bamboo_planks":24,"minecraft:pumpkin":228,"minecraft:chiseled_stone_bricks":7,"minecraft:raw_iron_block":4,"luminousworld:sunset_petunias":4,"burnt:burnt_dirt":14,"minecraft:blast_furnace":6,"minecraft:white_bed":86,"minecraft:mossy_stone_brick_slab":1,"minecraft:spider_eye":196,"blue_skies:monitor_tail":3,"variantvanillablocks:dark_oak_crafting_table":5,"minecraft:dried_kelp_block":159,"minecraft:campfire":6,"minecraft:iron_helmet":28,"minecraft:black_wool":89,"minecraft:red_concrete":60,"minecraft:coal":5039},"minecraft:used":{"luphieclutteredmod:anchorwallpaperwainscot":13,"minecraft:writable_book":1,"minecraft:jack_o_lantern":5,"minecraft:dispenser":8,"minecraft:poppy":9,"minecraft:black_carpet":1,"minecraft:stone":1782,"minecraft:rotten_flesh":2,"minecraft:soul_sand":9,"minecraft:cut_copper":6,"minecraft:snowball":135,"minecraft:weeping_vines":10,"minecraft:spruce_boat":6,"minecraft:jungle_sapling":1,"minecraft:packed_ice":738,"minecraft:lava_bucket":101,"minecraft:quartz_block":27,"minecraft:dark_oak_slab":4,"minecraft:bow":901,"stoneworks:chiseled_prismarine":2,"aquamirae:sharp_bones":1,"luphieclutteredmod:small_shelf":7,"minecraft:cooked_cod":85,"minecraft:oak_sapling":29,"luminousworld:tree_ant_trophy":9,"minecraft:gray_banner":7,"minecraft:dark_prismarine_stairs":5,"kawaiidishes:mug":1,"minecraft:bamboo_mosaic":6,"minecraft:mossy_stone_bricks":9,"minecraft:leather_leggings":2,"luphieclutteredmod:luphie_pink_trapdoor":1,"minecraft:blackstone":149,"minecraft:mossy_stone_brick_stairs":6,"minecraft:wooden_pickaxe":7,"minecraft:composter":2,"minecraft:prismarine":464,"minecraft:leather_chestplate":1,"minecraft:golden_apple":66,"minecraft:chiseled_quartz_block":2,"minecraft:blast_furnace":5,"luminousworld:viper_plaque":7,"luphieclutteredmod:luphie_brown_desk":1,"minecraft:birch_fence":12,"stoneworks:stone_paver_stairs":2,"minecraft:zombie_head":1,"luphieclutteredmod:luphie_hanging_plant_a":2,"minecraft:oak_pressure_plate":1,"minecraft:nether_wart_block":2,"minecraft:diamond_sword":2466,"minecraft:birch_log":3,"cozy_home:bamboo_wall_clock":2,"minecraft:oak_boat":20,"minecraft:oak_trapdoor":13,"minecraft:polished_blackstone_brick_slab":7,"minecraft:enchanting_table":16,"luminousworld:whiteoaklog":110,"minecraft:carved_pumpkin":1,"minecraft:armor_stand":5,"minecraft:light_gray_carpet":8,"minecraft:tinted_glass":7,"refurbished_furniture:light_fridge":1,"stoneworks:prismarine_plates":26,"minecraft:torch":1970,"minecraft:orange_stained_glass":79,"minecraft:brewing_stand":8,"minecraft:nether_quartz_ore":6,"aquamirae:terrible_sword":3,"luphieclutteredmod:luphie_blank_paper_pile":2,"minecraft:fern":1,"minecraft:mossy_cobblestone_stairs":7,"minecraft:music_disc_mellohi":1,"aquamirae:esca":1,"minecraft:sea_lantern":270,"kawaiidishes:piece_of_honey_cheesecake":2,"minecraft:iron_block":134,"minecraft:jungle_log":2,"stoneworks:stone_tile_stairs":4,"burnt:burnt_log":1,"supplementaries:speaker_block":2,"minecraft:barrel":6,"minecraft:bamboo":85,"luminousworld:frost_golem_plaque":8,"minecraft:diamond_chestplate":11,"minecraft:basalt":17,"minecraft:warped_stairs":1,"mcwdoors:bamboo_western_door":8,"mcwdoors:oak_glass_door":5,"stoneworks:stone_pavers":12,"minecraft:cherry_log":8,"minecraft:deepslate_emerald_ore":2,"minecraft:wheat_seeds":39,"villagersellanimals:crate_rabbit_cub":10,"supplementaries:lapis_bricks":1,"minecraft:birch_planks":9,"stoneworks:stone_tiles":12,"luminousworld:white_oak_plank":21,"minecraft:cherry_planks":60,"minecraft:leather_boots":2,"minecraft:red_bed":15,"stoneworks:calcite_pillar":35,"minecraft:rail":24,"minecraft:white_bed":84,"minecraft:campfire":16,"minecraft:spruce_log":133,"minecraft:diamond_pickaxe":38299,"minecraft:diamond_shovel":4116,"minecraft:oak_button":1,"luminousworld:far_lands":2,"minecraft:leather_helmet":1,"cozy_home:spruce_table":1,"minecraft:bamboo_slab":58,"minecraft:spruce_trapdoor":12,"minecraft:spruce_sapling":356,"blue_skies:crescent_fruit":1,"minecraft:blue_carpet":1,"kawaiidishes:white_thigh_highs":1,"minecraft:pink_bed":7,"minecraft:enchanted_book":4,"variantvanillablocks:spruce_bookshelf":10,"minecraft:potion":49,"minecraft:crimson_stairs":2,"minecraft:cooked_porkchop":64,"minecraft:stripped_oak_log":63,"minecraft:dandelion":9,"minecraft:diamond_leggings":10,"minecraft:green_stained_glass":18,"minecraft:cherry_sapling":6,"undead_revamp2:clogggerribswithbun":60,"minecraft:bone_block":4,"minecraft:nether_wart":11,"minecraft:grass":67,"minecraft:green_terracotta":10,"stoneworks:polished_prismarine":33,"supplementaries:globe":2,"luminousworld:decorative_brown_2":1,"paraglider:goddess_statue":2,"minecraft:jungle_planks":3,"cataclysm:stone_tiles":21,"minecraft:obsidian":38,"minecraft:honey_bottle":4,"blue_skies:starlit_chest":4,"minecraft:lantern":242,"stoneworks:calcite_bricks":11,"minecraft:green_wool":41,"minecraft:mossy_cobblestone_slab":2,"variantvanillablocks:bamboo_chest":1,"supplementaries:candy":4,"minecraft:item_frame":2,"minecraft:deepslate_diamond_ore":1,"minecraft:birch_trapdoor":2,"kawaiidishes:cappuccino_coffee":2,"minecraft:gold_block":83,"minecraft:pink_concrete_powder":58,"luminousworld:decorative_brown_mushroom_1":4,"variantvanillablocks:oak_fletching_table":16,"minecraft:end_rod":2,"minecraft:diamond_boots":9,"kawaiidishes:latte_coffee":2,"minecraft:stone_pickaxe":68,"minecraft:wither_skeleton_skull":3,"blue_skies:starlit_sapling":1,"minecraft:oak_planks":566,"minecraft:prismarine_stairs":179,"blue_skies:dusk_log":1,"minecraft:sandstone":4,"luminousworld:groundpebbles_1":5,"minecraft:sugar_cane":9,"minecraft:diamond_axe":13564,"luphieclutteredmod:luphie_orange_cat_plant_pot":1,"minecraft:bamboo_stairs":62,"minecraft:white_wool":129,"minecraft:light_blue_concrete":905,"luphieclutteredmod:luphie_cauldron_poster":1,"twilightforest:bamboo_banister":10,"minecraft:lever":1,"minecraft:dark_oak_log":2,"minecraft:bread":1104,"luphieclutteredmod:luphie_pink_planks":2,"blue_skies:maple_planks":4,"minecraft:warped_slab":2,"minecraft:prismarine_wall":1,"minecraft:light_blue_concrete_powder":603,"variantvanillablocks:spruce_chest":6,"minecraft:cooked_rabbit":2,"minecraft:chain":4,"minecraft:coarse_dirt":6,"minecraft:bone_meal":606,"minecraft:orange_concrete_powder":89,"minecraft:netherite_sword":2566,"cozy_home:telescope":9,"minecraft:rose_bush":5,"minecraft:white_tulip":1,"minecraft:flint_and_steel":2,"aquamirae:sea_stew":9,"minecraft:redstone":23,"variantvanillablocks:oak_smithing_table":2,"minecraft:ender_chest":69,"stoneworks:calcite_tiles":14,"minecraft:stone_hoe":73,"minecraft:dried_kelp_block":24,"minecraft:dirt":1054,"minecraft:prismarine_bricks":534,"stoneworks:prismarine_pillar":305,"minecraft:bee_nest":11,"minecraft:spruce_fence":13,"minecraft:iron_hoe":119,"minecraft:brown_terracotta":30,"blue_skies:starlit_log":1,"stoneworks:chiseled_dark_prismarine":2,"luphieclutteredmod:luphie_purple_jar_bookshelf":2,"minecraft:oak_stairs":27,"minecraft:iron_boots":8,"blue_skies:starlit_crafting_table":3,"kawaiidishes:coffee_machine":4,"minecraft:yellow_concrete_powder":103,"paraglider:rito_goddess_statue":2,"minecraft:lime_stained_glass":19,"minecraft:netherite_pickaxe":5703,"minecraft:minecart":3,"minecraft:cooked_beef":14,"minecraft:enchanted_golden_apple":6,"minecraft:mossy_stone_brick_wall":1,"minecraft:powder_snow_bucket":10,"minecraft:light_gray_bed":4,"minecraft:pumpkin":97,"minecraft:bamboo_planks":113,"minecraft:iron_leggings":2,"blue_skies:dusk_planks":28,"taxov:block_sailor":2,"minecraft:cobblestone_stairs":13,"aquamirae:painting_anglerfish":10,"minecraft:snow_block":12,"minecraft:baked_potato":683,"minecraft:birch_boat":20,"luminousworld:ishstone":7,"variantvanillablocks:oak_grindstone":4,"luphieclutteredmod:luphie_plated_croissant":1,"luminousworld:white_petunias":2,"minecraft:dark_prismarine_slab":1,"variantvanillablocks:birch_crafting_table":4,"minecraft:bamboo_block":20,"minecraft:warped_planks":82,"minecraft:piston":18,"minecraft:wooden_hoe":5,"minecraft:flower_pot":2,"minecraft:black_wool":2,"minecraft:cherry_door":4,"minecraft:jungle_stairs":14,"minecraft:stone_slab":1,"minecraft:stone_axe":105,"minecraft:pink_petals":1118,"minecraft:crimson_fungus":1,"refurbished_furniture:workbench":4,"minecraft:pumpkin_pie":1,"alexsmobs:animal_dictionary":4,"aquamirae:painting_aurora":18,"minecraft:spruce_slab":11,"minecraft:polished_blackstone":2,"minecraft:ladder":21,"minecraft:chest":97,"minecraft:brown_concrete":144,"minecraft:allium":2,"minecraft:stripped_spruce_log":25,"minecraft:honeycomb":1,"minecraft:grass_block":236,"minecraft:birch_sapling":30,"minecraft:copper_ore":1,"minecraft:stone_brick_stairs":7,"blue_skies:maple_sapling":2,"mcwdoors:spruce_nether_door":1,"minecraft:stripped_mangrove_log":1,"minecraft:dark_oak_boat":1,"minecraft:sweet_berries":3,"minecraft:furnace":30,"luphieclutteredmod:checkeredstrawberrywallpaperpink":188,"minecraft:egg":1,"minecraft:potato":928,"minecraft:brown_concrete_powder":84,"minecraft:diorite":10,"burnt:shale":2,"minecraft:spruce_door":5,"minecraft:stripped_birch_log":1,"minecraft:cut_copper_slab":732,"minecraft:red_stained_glass":13,"luminousworld:auburnlog":2,"naturalist:duck_egg":1,"minecraft:oak_leaves":52,"variantvanillablocks:dark_oak_crafting_table":1,"minecraft:sand":8,"minecraft:blue_ice":14,"minecraft:netherite_helmet":2,"luminousworld:white_oak_slab":3,"kawaiidishes:piece_of_chocolate_cheesecake":8,"minecraft:chiseled_sandstone":2,"minecraft:crying_obsidian":5,"minecraft:stone_button":28,"minecraft:lectern":170,"minecraft:lilac":4,"minecraft:soul_lantern":5,"minecraft:fire_charge":2,"minecraft:wooden_sword":19,"minecraft:white_stained_glass":75,"minecraft:green_concrete_powder":81,"luphieclutteredmod:stripped_luphie_flowering_log":1,"minecraft:pink_stained_glass":58,"minecraft:ice":15,"minecraft:iron_bars":8,"minecraft:red_concrete":12,"supplementaries:present_pink":7,"stoneworks:stone_plate_stairs":18,"luphieclutteredmod:luphie_cluttered_cat_mugs":4,"minecraft:netherrack":1282,"minecraft:stick":22,"minecraft:anvil":18,"minecraft:ancient_debris":17,"minecraft:wheat":59,"luphieclutteredmod:luphie_small_cauldron_set":1,"minecraft:polished_diorite":4,"minecraft:shroomlight":11,"supplementaries:pedestal":41,"minecraft:bamboo_fence":14,"minecraft:iron_axe":42,"minecraft:spruce_button":1,"blue_skies:crescent_fruit_sapling":5,"minecraft:mud_bricks":2,"undead_revamp2:huntereye":2,"minecraft:smooth_basalt":40,"minecraft:glowstone":59,"luminousworld:monarch_jar":1,"minecraft:cobbled_deepslate":166,"minecraft:observer":47,"minecraft:pointed_dripstone":9,"minecraft:crimson_stem":1,"minecraft:water_bucket":210,"luminousworld:white_oak_stairs":8,"minecraft:fletching_table":1,"minecraft:polished_blackstone_bricks":105,"minecraft:cracked_stone_bricks":118,"minecraft:gilded_blackstone":158,"minecraft:pink_concrete":77,"kawaiidishes:yellow_headband_cat_ears_black":1,"twilightforest:twilight_oak_sapling":1,"minecraft:mossy_cobblestone":17,"cataclysm:stone_pillar":63,"mcwdoors:bamboo_barn_door":2,"shieldsplus:diamond_shield":22,"minecraft:oak_slab":8,"minecraft:crafting_table":60,"blue_skies:dusk_spear":3,"minecraft:cod":1,"minecraft:dark_oak_fence_gate":2,"kawaiidishes:piece_of_cheesecake":4,"minecraft:oak_log":76,"minecraft:mud":27,"minecraft:dark_prismarine":334,"minecraft:oxeye_daisy":1,"luphieclutteredmod:luphie_flowering_pink_log":1,"minecraft:sunflower":1,"minecraft:iron_pickaxe":245,"shieldsplus:stone_shield":18,"luminousworld:king_crab_plaque":5,"minecraft:crimson_nylium":21,"minecraft:chiseled_stone_bricks":2,"minecraft:cobblestone":1258,"luphieclutteredmod:luphie_scattered_papers":3,"minecraft:red_concrete_powder":77,"minecraft:black_candle":1,"luminousworld:amethyst_disc":2,"minecraft:jukebox":3,"minecraft:kelp":1,"minecraft:candle":1,"aquamirae:three_bolt_helmet":9,"minecraft:diamond_hoe":60,"minecraft:oak_sign":19,"minecraft:white_concrete_powder":220,"minecraft:iron_sword":219,"minecraft:player_head":4,"minecraft:bell":3,"mcwdoors:sliding_glass_door":5,"minecraft:iron_chestplate":6,"shieldsplus:iron_shield":24,"minecraft:carrot":56,"minecraft:nether_bricks":57,"minecraft:prismarine_brick_stairs":13,"minecraft:deepslate_tile_slab":1,"minecraft:tuff":4,"minecraft:axolotl_bucket":2,"minecraft:milk_bucket":2,"minecraft:glass":155,"variantvanillablocks:spruce_crafting_table":22,"minecraft:cyan_terracotta":4,"minecraft:coal_ore":136,"overweight_farming:seeded_peeled_melon":1,"minecraft:quartz_slab":7,"luminousworld:white_oak_sapling":26,"minecraft:iron_helmet":7,"minecraft:crimson_roots":10,"minecraft:hopper_minecart":4,"minecraft:stone_bricks":52,"minecraft:honeycomb_block":1,"minecraft:brown_carpet":2,"minecraft:redstone_lamp":33,"minecraft:magma_block":5,"minecraft:red_carpet":5,"minecraft:hay_block":14,"minecraft:scaffolding":274,"minecraft:gray_bed":1,"minecraft:polished_blackstone_stairs":1,"luphieclutteredmod:luphie_hoppin_park_lantern":20,"minecraft:golden_boots":2,"minecraft:dark_oak_stairs":13,"minecraft:dark_oak_sign":2,"minecraft:ender_pearl":2,"minecraft:redstone_block":29,"minecraft:blue_bed":1,"cataclysm:chiseled_stone_brick_pillar":45,"taxov:pirate_axe":3,"fnm_recrafted:scorchingberryplant":1,"minecraft:black_banner":6,"mcwdoors:dark_oak_nether_door":1,"minecraft:black_bed":21,"minecraft:note_block":1,"minecraft:shears":594,"minecraft:stone_brick_wall":13,"burnt:burnt_stairs":1,"minecraft:redstone_torch":3,"fnm_recrafted:scorchingberry":4,"minecraft:green_concrete":26,"luminousworld:jar":4,"minecraft:string":11,"minecraft:cyan_bed":7,"minecraft:gravel":33,"luminousworld:palmplank":1,"minecraft:chainmail_boots":2,"luminousworld:whiteoakleaves":2,"minecraft:andesite":2,"minecraft:oak_fence":16,"minecraft:white_concrete":132,"minecraft:experience_bottle":137,"minecraft:cobweb":6,"minecraft:music_disc_otherside":1,"minecraft:redstone_ore":67,"minecraft:spruce_planks":506,"minecraft:oak_door":4,"minecraft:cut_copper_stairs":8,"minecraft:white_carpet":4,"minecraft:hopper":44,"luminousworld:grassflowers":2,"minecraft:spruce_stairs":19,"minecraft:cobblestone_wall":2,"minecraft:diamond_helmet":10,"minecraft:oak_wood":1,"minecraft:granite":23,"minecraft:light_blue_stained_glass":51,"minecraft:dark_oak_planks":27,"minecraft:stone_brick_slab":4,"paraglider:horned_statue":1,"minecraft:bookshelf":28,"minecraft:yellow_stained_glass":91,"kawaiidishes:coffee_fruit":14,"luphieclutteredmod:purple_flower_shelf_candle":3,"kawaiidishes:dark_brown_shoes":1,"minecraft:polished_blackstone_brick_stairs":4,"minecraft:crimson_planks":9,"stoneworks:stone_shingles":2,"minecraft:golden_carrot":60,"luminousworld:blue_petunias":1,"minecraft:stone_pressure_plate":1,"minecraft:cooked_mutton":1,"minecraft:pink_tulip":16,"minecraft:iron_ore":98,"minecraft:amethyst_block":57,"minecraft:glass_bottle":206,"minecraft:polished_andesite":10,"luminousworld:wallleaves":4,"variantvanillablocks:oak_composter":1,"minecraft:copper_block":48,"minecraft:stonecutter":2,"minecraft:beacon":1,"minecraft:cobblestone_slab":1,"minecraft:book":31,"minecraft:smoker":1,"minecraft:nether_gold_ore":8,"minecraft:painting":202,"minecraft:purple_stained_glass":57,"cozy_home:cherry_desk":1,"minecraft:apple":4,"minecraft:cracked_polished_blackstone_bricks":41,"minecraft:map":1,"twilightforest:mangrove_sapling":2,"stoneworks:polished_calcite":15,"refurbished_furniture:light_electricity_generator":3,"minecraft:fishing_rod":20,"minecraft:cherry_stairs":16,"minecraft:white_banner":9,"minecraft:red_banner":2,"minecraft:bucket":318,"minecraft:smooth_stone":426,"minecraft:splash_potion":4},"minecraft:crafted":{"minecraft:lime_stained_glass":32,"minecraft:oak_sign":9,"minecraft:birch_boat":4,"blue_skies:starlit_crafting_table":1,"minecraft:blaze_powder":40,"minecraft:diamond_shovel":5,"paraglider:deku_leaf":1,"minecraft:nether_brick":64,"blue_skies:maple_planks":4,"minecraft:diamond_helmet":7,"minecraft:beacon":1,"mcwdoors:spruce_nether_door":1,"minecraft:light_blue_concrete_powder":656,"taxov:armor_captain_helmet":1,"minecraft:tipped_arrow":185,"minecraft:pink_stained_glass":192,"minecraft:redstone_lamp":10,"supplementaries:key":1,"minecraft:green_stained_glass":24,"minecraft:painting":10,"luphieclutteredmod:luphie_cluttered_cat_mugs":1,"minecraft:lectern":2,"minecraft:wooden_hoe":1,"minecraft:stone_slab":12,"minecraft:netherite_ingot":7,"naturalist:bug_net":1,"minecraft:golden_carrot":23,"minecraft:jukebox":1,"minecraft:spyglass":1,"minecraft:diamond_hoe":1,"minecraft:experience_bottle":95,"minecraft:jack_o_lantern":5,"minecraft:prismarine_brick_stairs":20,"minecraft:lantern":520,"refurbished_furniture:workbench":1,"luminousworld:white_oak_plank":24,"minecraft:stone_pickaxe":2,"minecraft:quartz_slab":18,"shieldsplus:stone_shield":1,"minecraft:spruce_boat":3,"minecraft:lead":4,"minecraft:cut_copper_slab":152,"minecraft:enchanting_table":2,"luminousworld:white_oak_stairs":8,"minecraft:red_carpet":3,"minecraft:enchanted_book":315,"minecraft:orange_dye":94,"supplementaries:speaker_block":1,"minecraft:red_stained_glass":64,"luphieclutteredmod:luphie_blank_paper_pile":1,"minecraft:chainmail_boots":1,"minecraft:birch_trapdoor":2,"minecraft:writable_book":1,"minecraft:iron_shovel":1,"taxov:armor_captain_chestplate":1,"minecraft:cobblestone_slab":6,"villagersellanimals:crate_rabbit_cub":12,"minecraft:cherry_slab":6,"minecraft:stone":1252,"minecraft:warped_planks":68,"stoneworks:calcite_bricks":19,"minecraft:stone_brick_slab":60,"minecraft:bow":47,"minecraft:chest":7,"minecraft:netherite_helmet":2,"minecraft:oak_button":1,"minecraft:copper_block":110,"variantvanillablocks:oak_grindstone":2,"minecraft:rail":64,"minecraft:birch_button":64,"minecraft:ender_eye":5,"minecraft:stone_bricks":64,"undead_revamp2:huntersackred":1,"minecraft:cherry_fence":9,"stoneworks:chiseled_dark_prismarine":5,"minecraft:arrow":1192,"minecraft:iron_helmet":1,"minecraft:brown_dye":13,"minecraft:cherry_button":3,"minecraft:red_wool":42,"luphieclutteredmod:checkeredstrawberrywallpaperpink":180,"kawaiidishes:honey_cookie":56,"minecraft:yellow_stained_glass":136,"minecraft:prismarine_brick_slab":18,"minecraft:dispenser":31,"stoneworks:stone_pavers":6,"variantvanillablocks:bamboo_chest":1,"minecraft:yellow_dye":100,"minecraft:purple_dye":68,"minecraft:pink_wool":79,"minecraft:stick":70944,"minecraft:iron_ingot":1288,"shieldsplus:diamond_shield":3,"minecraft:light_blue_stained_glass":80,"cozy_home:bamboo_plank":4,"minecraft:oak_door":9,"minecraft:fishing_rod":2,"minecraft:bamboo_mosaic":6,"minecraft:spruce_button":64,"minecraft:furnace":26,"minecraft:blast_furnace":3,"minecraft:piston":17,"minecraft:oak_trapdoor":8,"minecraft:flint_and_steel":2,"minecraft:scaffolding":60,"minecraft:netherite_chestplate":2,"minecraft:white_concrete_powder":376,"minecraft:orange_terracotta":8,"backpacked:backpack":2,"shieldsplus:wooden_shield":6,"paraglider:paraglider":2,"cozy_home:cherry_desk":1,"minecraft:purple_stained_glass":128,"minecraft:iron_sword":2,"minecraft:cooked_salmon":2,"stoneworks:calcite_tiles":20,"luphieclutteredmod:luphie_orange_cat_plant_pot":1,"minecraft:white_dye":216,"minecraft:brown_concrete_powder":72,"minecraft:crimson_door":3,"minecraft:stonecutter":1,"minecraft:anvil":4,"mcwdoors:oak_glass_door":3,"minecraft:prismarine_stairs":16,"minecraft:torch":1256,"mcwdoors:dark_oak_nether_door":1,"minecraft:diamond_chestplate":4,"minecraft:ender_chest":2,"minecraft:smooth_stone":1035,"minecraft:orange_stained_glass":96,"variantvanillablocks:spruce_bookshelf":10,"minecraft:lever":1,"supplementaries:lapis_bricks":1,"variantvanillablocks:oak_fletching_table":2,"minecraft:bookshelf":30,"minecraft:dark_prismarine_stairs":20,"supplementaries:pedestal":20,"minecraft:red_concrete_powder":144,"minecraft:quartz_block":76,"minecraft:glass":1434,"minecraft:diamond_leggings":1,"minecraft:netherite_boots":2,"blue_skies:dusk_stick":4,"supplementaries:altimeter":1,"luphieclutteredmod:luphie_glass_jars":1,"luphieclutteredmod:small_shelf":5,"supplementaries:flute":5,"villagersellanimals:crate_chick":1,"luminousworld:palmplank":12,"minecraft:glass_bottle":303,"minecraft:emerald":2213,"minecraft:cooked_porkchop":54,"minecraft:diamond_axe":5,"minecraft:spruce_door":6,"minecraft:clock":1,"minecraft:copper_ingot":851,"twilightforest:bamboo_banister":3,"minecraft:campfire":10,"minecraft:bamboo_planks":150,"minecraft:green_terracotta":24,"luphieclutteredmod:luphie_cardboard_box_closed":1,"minecraft:iron_block":274,"minecraft:gold_ingot":1816,"mcwdoors:bamboo_western_door":1,"blue_skies:frostbright_planks":4,"minecraft:yellow_concrete_powder":128,"minecraft:cut_copper_stairs":20,"minecraft:bone_meal":2197,"minecraft:pink_dye":201,"minecraft:white_carpet":3,"minecraft:bamboo_stairs":40,"minecraft:cherry_trapdoor":4,"minecraft:diamond":19,"minecraft:netherite_axe":1,"variantvanillablocks:oak_composter":1,"minecraft:ladder":6,"minecraft:ender_pearl":7,"minecraft:diamond_boots":5,"variantvanillablocks:birch_crafting_table":4,"minecraft:redstone_block":42,"minecraft:dark_oak_planks":56,"minecraft:allium":2,"minecraft:wheat":2005,"minecraft:coal_block":305,"minecraft:crossbow":16,"minecraft:netherite_pickaxe":2,"supplementaries:present":2,"stoneworks:chiseled_prismarine":3,"minecraft:glowstone":9,"minecraft:white_stained_glass":88,"blue_skies:dusk_spear":2,"kawaiidishes:sweet_berry_cookie":64,"aquamirae:three_bolt_leggings":1,"minecraft:bamboo_slab":48,"minecraft:golden_apple":77,"supplementaries:bubble_blower":1,"minecraft:oak_stairs":12,"minecraft:iron_leggings":4,"minecraft:white_bed":7,"mcwdoors:print_nether":4,"blue_skies:starlit_planks":20,"blue_skies:starlit_chest":2,"minecraft:oak_planks":11332,"stoneworks:prismarine_pillar":17,"mcwdoors:sliding_glass_door":2,"luminousworld:jar":18,"minecraft:bamboo_block":85,"minecraft:hopper":37,"minecraft:iron_boots":5,"luphieclutteredmod:luphie_scattered_papers":1,"luphieclutteredmod:luphie_hoppin_park_lantern":21,"supplementaries:present_pink":2,"minecraft:netherite_upgrade_smithing_template":12,"cozy_home:telescope":1,"refurbished_furniture:light_electricity_generator":1,"aquamirae:abyssal_amethyst":4,"supplementaries:candy":8,"minecraft:oak_slab":66,"variantvanillablocks:spruce_crafting_table":19,"blue_skies:dusk_planks":24,"minecraft:crafting_table":55,"minecraft:spruce_planks":24704,"minecraft:wooden_pickaxe":1,"stoneworks:calcite_pillar":25,"minecraft:baked_potato":1782,"minecraft:hopper_minecart":4,"minecraft:gold_block":122,"undead_revamp2:clogggerribswithbun":72,"minecraft:brewing_stand":2,"minecraft:birch_planks":1372,"mcwdoors:bamboo_barn_door":1,"taxov:pirate_axe":1,"minecraft:string":96,"minecraft:iron_chestplate":5,"minecraft:diamond_pickaxe":14,"minecraft:paper":120,"refurbished_furniture:light_fridge":1,"minecraft:emerald_block":57,"minecraft:birch_fence":6,"minecraft:light_blue_dye":92,"minecraft:snow_block":11,"minecraft:redstone_torch":3,"minecraft:sponge":56,"minecraft:shears":50,"minecraft:cherry_planks":36,"luphieclutteredmod:purple_flower_shelf_candle":1,"minecraft:wooden_sword":1,"minecraft:raw_iron":36,"minecraft:redstone":294,"minecraft:coal":800,"minecraft:bamboo_fence":6,"aquamirae:three_bolt_boots":1,"minecraft:glass_pane":16,"variantvanillablocks:spruce_chest":4,"luminousworld:white_oak_slab":3,"minecraft:netherite_leggings":2,"minecraft:green_concrete_powder":64,"minecraft:iron_axe":1,"minecraft:iron_hoe":1,"minecraft:orange_concrete_powder":128,"minecraft:lime_dye":4,"minecraft:netherite_scrap":7,"minecraft:observer":33,"minecraft:minecart":5,"minecraft:cooked_beef":15,"minecraft:sugar":42,"minecraft:cooked_cod":5,"minecraft:red_dye":376,"minecraft:crimson_planks":32,"minecraft:diamond_sword":5,"minecraft:pink_concrete_powder":56,"shieldsplus:iron_shield":2,"minecraft:powered_rail":12,"stoneworks:prismarine_plates":1,"minecraft:nether_bricks":117,"minecraft:bucket":4,"minecraft:stone_axe":1,"minecraft:brown_terracotta":32,"variantvanillablocks:oak_smithing_table":1,"minecraft:bread":737,"minecraft:air":0,"minecraft:blue_dye":96,"refurbished_furniture:wrench":1,"cozy_home:cherry_plank":16,"minecraft:cut_copper":16,"minecraft:oak_boat":8,"minecraft:white_wool":75,"minecraft:gold_nugget":324,"minecraft:raw_gold":63,"cozy_home:bamboo_wall_clock":1,"taxov:armor_captain_boots":6,"minecraft:lapis_lazuli":189,"minecraft:lapis_block":21},"minecraft:killed_by":{"minecraft:zombie":1,"minecraft:drowned":2,"enemyexpansion:sprinter":1,"minecraft:skeleton":2,"minecraft:piglin_brute":3,"minecraft:creeper":1,"minecraft:piglin":1},"minecraft:broken":{"minecraft:diamond_helmet":2,"minecraft:iron_pickaxe":2,"minecraft:diamond_chestplate":1,"minecraft:bow":1,"minecraft:iron_helmet":2,"luminousworld:shellmet_helmet":1},"minecraft:custom":{"minecraft:interact_with_crafting_table":508,"minecraft:damage_blocked_by_shield":1755,"minecraft:play_time":5083259,"minecraft:deaths":12,"minecraft:jump":76827,"minecraft:interact_with_cartography_table":3,"minecraft:play_record":6,"minecraft:interact_with_smoker":64,"minecraft:inspect_dispenser":74,"minecraft:horse_one_cm":4288,"minecraft:interact_with_anvil":115,"minecraft:inspect_hopper":59,"minecraft:tune_noteblock":31,"minecraft:time_since_rest":622,"minecraft:swim_one_cm":1692614,"minecraft:open_chest":7473,"minecraft:damage_resisted":4078,"minecraft:play_noteblock":1,"minecraft:talked_to_villager":1452,"minecraft:interact_with_brewingstand":182,"minecraft:interact_with_beacon":2,"minecraft:damage_dealt_resisted":3761,"minecraft:boat_one_cm":474544,"minecraft:damage_taken":76811,"minecraft:open_barrel":1199,"minecraft:bell_ring":27,"minecraft:leave_game":114,"minecraft:time_since_death":3828696,"minecraft:enchant_item":113,"minecraft:interact_with_furnace":921,"minecraft:traded_with_villager":3696,"minecraft:sleep_in_bed":230,"minecraft:damage_dealt":385115,"minecraft:interact_with_smithing_table":25,"minecraft:sneak_time":269626,"minecraft:interact_with_lectern":4,"minecraft:interact_with_blast_furnace":49,"minecraft:total_world_time":5083259,"minecraft:interact_with_stonecutter":37,"minecraft:fly_one_cm":16819919,"minecraft:fall_one_cm":1934024,"minecraft:fish_caught":10,"minecraft:animals_bred":12,"minecraft:sprint_one_cm":14382945,"minecraft:drop":1609,"minecraft:walk_on_water_one_cm":439863,"minecraft:interact_with_loom":3,"minecraft:open_enderchest":247,"minecraft:player_kills":3,"minecraft:crouch_one_cm":849714,"minecraft:mob_kills":1893,"minecraft:climb_one_cm":370063,"minecraft:walk_one_cm":11300899,"minecraft:walk_under_water_one_cm":706717,"minecraft:raid_trigger":4,"minecraft:pot_flower":2,"minecraft:interact_with_grindstone":79,"minecraft:damage_absorbed":3508,"minecraft:trigger_trapped_chest":5},"minecraft:killed":{"minecraft:cod":6,"undead_revamp2:theswarmer":12,"undead_revamp2:deadclogger":6,"minecraft:guardian":36,"alexsmobs:leafcutter_ant":4,"undead_revamp2:thepregnant":8,"undead_revamp2:thespitter":8,"minecraft_earth_mobs:mottled_pig":2,"luminousworld:hollow":2,"minecraft:elder_guardian":8,"minecraft:salmon":2,"luminousworld:crab":2,"minecraft:pillager":344,"minecraft:zombie":556,"minecraft:evoker":4,"undead_revamp2:theimmortal":4,"minecraft:vindicator":238,"naturalist:duck":8,"enemyexpansion:silverqueen":4,"luminousworld:toxic_gator":4,"naturalist:giraffe":2,"luminousworld:black_squirrel":2,"cataclysm:deepling_angler":4,"naturalist:bear":2,"minecraft:rabbit":24,"enemyexpansion:sprinter":14,"minecraft:ravager":4,"alexsmobs:giant_squid":2,"undead_revamp2:thesomnolence":52,"seadwellers:mermorph_farmer":4,"minecraft:zombified_piglin":42,"minecraft:witch":26,"fnm_recrafted:flamus":2,"minecraft:spider":144,"minecraft:wither":2,"naturalist:snail":2,"minecraft_earth_mobs:pinto_cow":2,"minecraft:bee":12,"luminousworld:miner_skeleton":4,"minecraft_earth_mobs:muddy_pig":2,"minecraft:silverfish":14,"undead_revamp2:therod":16,"minecraft:piglin_brute":58,"minecraft:piglin":126,"sleep_tight:bedbug":4,"alexsmobs:grizzly_bear":4,"enemyexpansion:ladybug":2,"minecraft:zombie_villager":32,"aquamirae:captain_cornelia":6,"luminousworld:frigid_skeleton":14,"undead_revamp2:thebeartamer":8,"alexsmobs:crimson_mosquito":16,"undead_revamp2:theordure":2,"undead_revamp2:thebidyupside":2,"minecraft:trader_llama":8,"luminousworld:savannah_skeleton":4,"alexsmobs:terrapin":2,"minecraft:ghast":10,"fnm_recrafted:skeletalspider":2,"luminous_monsters:sunken":2,"naturalist:lion":4,"minecraft:vex":44,"luminous_monsters:glacial_skeleton":2,"luminous_monsters:miner_zombie":2,"enemyexpansion:intruder":4,"luminousworld:stalker":2,"luminousworld:sunken_skeleton":6,"enemyexpansion:direwolf":46,"minecraft:drowned":82,"enemyexpansion:goblin":4,"luminousworld:savannah_zombie":6,"minecraft_earth_mobs:albino_cow":4,"blue_skies:shade_monitor":2,"aquamirae:maw":138,"minecraft:hoglin":68,"minecraft:squid":2,"creeperoverhaul:ocean_creeper":10,"minecraft_earth_mobs:pinkfooted_pig":4,"minecraft:player":1,"minecraft_earth_mobs:cookie_cow":2,"minecraft:villager":2,"alexsmobs:lobster":2,"minecraft:cave_spider":104,"luminousworld:frost_golem":6,"enemyexpansion:equestrian":16,"undead_revamp2:clogger":6,"undead_revamp2:axestrom":6,"realmrpg_demons:imp":2,"realmrpg_demons:imp_guard":12,"minecraft:skeleton":180,"alexsmobs:orca":4,"luminousworld:dark_oak_skeleton":2,"minecraft:chicken":16,"luminous_monsters:miner_skeleton":2,"enemyexpansion:vampflyer":2,"minecraft:magma_cube":76,"minecraft_earth_mobs:sooty_pig":4,"naturalist:snake":2,"alexsmobs:seal":4,"minecraft_earth_mobs:bouldering_zombie":6,"enemyexpansion:vampire":2,"cataclysm:deepling":2,"enemyexpansion:botfly":78,"fnm_recrafted:criminetameable":4,"minecraft:cow":42,"undead_revamp2:thehunter":28,"alexsmobs:raccoon":2,"naturalist:tortoise":8,"minecraft:zoglin":4,"minecraft:horse":10,"luminousworld:treant":10,"undead_revamp2:thebidy":10,"fnm_recrafted:fungan":2,"enemyexpansion:scorpion":2,"undead_revamp2:the_moonflower":38,"minecraft:wandering_trader":4,"raided:necromancer":2,"luminousworld:swamp_zombie":2,"minecraft:enderman":6,"undead_revamp2:thewolf":20,"luminousworld:sea_viper":4,"naturalist:zebra":2,"undead_revamp2:thesmoker":14,"aquamirae:tortured_soul":30,"luminousworld:king_crab":8,"minecraft_earth_mobs:scarred_enderman":2,"minecraft_earth_mobs:skeleton_wolf":2,"realmrpg_demons:chort":10,"minecraft:illusioner":6,"realmrpg_demons:demon":4,"minecraft:pig":34,"minecraft:creeper":102,"naturalist:rhino":2,"luminousworld:grey_squirrel":2,"aquamirae:eel":4,"undead_revamp2:theskeeper":10,"alexsmobs:fly":4,"luminousworld:dark_oak_zombie":4,"minecraft_earth_mobs:zombie_chicken":2,"enemyexpansion:wasp":2,"minecraft:blaze":68,"luminousworld:deer":4,"luminousworld:frigid_zombie":34,"raided:electromancer":4,"luminousworld:sand_crab":16,"alexsmobs:tiger":4,"naturalist:elephant":2,"naturalist:bass":2,"luminousworld:monarch":6,"cataclysm:lionfish":2,"undead_revamp2:thehorrors":2,"undead_revamp2:sucker":60,"luminousworld:firefly":2,"naturalist:butterfly":2,"creeperoverhaul:spruce_creeper":2,"luminous_monsters:glacial_zombie":2,"minecraft:bat":2,"enemyexpansion:crawler":2,"minecraft_earth_mobs:lobber_zombie":4,"aquamirae:anglerfish":20,"enemyexpansion:huntsman":8,"naturalist:sparrow":2},"minecraft:dropped":{"minecraft:iron_sword":4,"minecraft:porkchop":26,"minecraft:lapis_lazuli":242,"minecraft:glass_bottle":32,"minecraft:diamond":7,"aquamirae:rune_of_the_storm":1,"minecraft:cooked_porkchop":2,"blue_skies:frostbright_sapling":2,"minecraft:dark_oak_slab":1,"minecraft:warped_roots":1,"minecraft:black_bed":4,"naturalist:bug_net":2,"luminousworld:gator_tooth":2,"blue_skies:snowbloom":1,"minecraft:cracked_stone_bricks":30,"blue_skies:dusk_leaves":1,"minecraft:red_mushroom":14,"minecraft:emerald":26,"luminousworld:enchanted_root":1,"minecraft:gold_block":43,"minecraft:gray_concrete":1,"minecraft:birch_fence":6,"minecraft:dark_oak_fence":1,"minecraft:gold_nugget":51,"minecraft:sand":6,"minecraft:dark_oak_planks":5,"minecraft:fishing_rod":3,"minecraft:white_wool":108,"luminousworld:clovers_1":15,"minecraft:stone_axe":3,"minecraft:lever":1,"minecraft:iron_nugget":52,"luminousworld:white_oak_plank":2,"minecraft:tinted_glass":1,"aquamirae:dagger_of_greed":1,"minecraft:black_carpet":14,"seadwellers:aquamarine":1,"minecraft:netherite_sword":1,"minecraft:wheat":54,"minecraft:obsidian":5,"undead_revamp2:arapholia":7,"minecraft:rotten_flesh":282,"minecraft:oak_planks":51,"kawaiidishes:blue_headband_bunny_ears_caramel":1,"luphieclutteredmod:luphie_sewing_table":1,"minecraft:warped_planks":2,"blue_skies:maple_sapling":2,"minecraft:rabbit_foot":2,"minecraft:coal_ore":1,"kawaiidishes:piece_of_chocolate_cheesecake":1,"minecraft:quartz_block":12,"minecraft:leather_boots":1,"minecraft:acacia_sapling":5,"minecraft:leather_leggings":6,"aquamirae:sharp_bones":23,"luminousworld:whiteoaklog":3,"minecraft:stone_brick_stairs":10,"minecraft:golden_boots":5,"minecraft:wheat_seeds":245,"blue_skies:moonstone":2,"blue_skies:crescent_fruit":5,"minecraft:golden_apple":12,"kawaiidishes:purple_thigh_highs":1,"minecraft:lava_bucket":1,"minecraft:cobweb":5,"luminousworld:raw_venison":5,"minecraft:cherry_planks":7,"minecraft:cooked_salmon":2,"minecraft:potion":36,"minecraft:oak_stairs":1,"minecraft:pumpkin":20,"minecraft:white_banner":3,"minecraft:red_dye":6,"minecraft:mud":7,"minecraft:smooth_stone":31,"shieldsplus:stone_shield":1,"minecraft:smooth_sandstone":37,"mcwdoors:oak_glass_door":2,"minecraft:lily_pad":3,"minecraft:blue_carpet":4,"artifacts:digging_claws":1,"aquamirae:music_disc_horizon":1,"minecraft:snow_block":6,"twilightforest:rainbow_oak_sapling":2,"minecraft:experience_bottle":1,"minecraft:clay_ball":65,"minecraft:iron_boots":10,"minecraft:cherry_slab":38,"artifacts:golden_hook":1,"minecraft:name_tag":2,"minecraft:oak_sign":1,"minecraft:shears":7,"kawaiidishes:pink_maid_dress_cat_tail_caramel":1,"luphieclutteredmod:luphie_pink_heart_door":2,"minecraft:diamond_sword":5,"kawaiidishes:mug":2,"minecraft:cyan_wool":1,"minecraft:spruce_boat":1,"minecraft:flower_pot":1,"minecraft:peony":2,"minecraft:spruce_trapdoor":7,"minecraft:spruce_planks":260,"twilightforest:transformation_sapling":3,"minecraft:diamond_pickaxe":5,"aquamirae:spinefish":3,"luphieclutteredmod:luphie_pink_log":6,"minecraft:stone_bricks":3,"minecraft:barrel":14,"minecraft:bamboo":72,"minecraft:sandstone":17,"minecraft:bow":21,"minecraft:magma_block":15,"minecraft:terracotta":56,"minecraft:soul_sand":3,"minecraft:candle":1,"luminousworld:yellowpetunias":4,"minecraft:oak_log":185,"minecraft:dark_oak_sapling":77,"minecraft:leather":13,"minecraft:red_wool":9,"minecraft:iron_horse_armor":5,"minecraft:mossy_cobblestone_wall":1,"kawaiidishes:green_thigh_highs":1,"minecraft:polished_blackstone_brick_wall":2,"paraglider:spirit_orb":93,"minecraft:cod":38,"minecraft:cobblestone_stairs":10,"aquamirae:three_bolt_helmet":1,"minecraft:cracked_polished_blackstone_bricks":8,"twilightforest:sorting_sapling":3,"minecraft:packed_ice":32,"minecraft:ice":1,"kawaiidishes:red_thigh_highs":1,"kawaiidishes:bunny_suit_white_tail":1,"minecraft:snowball":330,"kawaiidishes:dark_brown_shoes":1,"paraglider:paraglider":7,"minecraft:crimson_door":2,"stoneworks:calcite_bricks":5,"minecraft:gold_ingot":70,"shieldsplus:wooden_shield":3,"burnt:burnt_dirt":3,"minecraft:cherry_stairs":63,"luminousworld:jar":1,"minecraft:pointed_dripstone":3,"luphieclutteredmod:luphie_pink_trapdoor":2,"minecraft:birch_fence_gate":4,"minecraft:leather_chestplate":2,"minecraft:stone_brick_wall":2,"luphieclutteredmod:luphie_purple_door":3,"minecraft:scaffolding":138,"minecraft:white_concrete_powder":7,"artifacts:scarf_of_invisibility":1,"minecraft:polished_granite":1,"minecraft:stone_hoe":2,"minecraft:bread":318,"shieldsplus:diamond_shield":1,"minecraft:golden_helmet":1,"minecraft:lilac":7,"minecraft:cherry_log":76,"luminousworld:white_oak_sapling":4,"minecraft:golden_axe":2,"aquamirae:wisteria_niveis":1,"minecraft:amethyst_block":81,"minecraft:spruce_stairs":2,"minecraft:black_candle":2,"minecraft:milk_bucket":3,"minecraft:repeater":1,"minecraft:melon_slice":12,"minecraft:white_concrete":128,"minecraft:polished_andesite_stairs":2,"minecraft:polished_blackstone_brick_slab":7,"minecraft:stonecutter":1,"minecraft:polished_basalt":2,"minecraft:polished_diorite":1,"minecraft:kelp":14,"minecraft:sweet_berries":57,"minecraft:oak_trapdoor":3,"minecraft:dark_prismarine_stairs":2,"minecraft:weathered_copper":1,"minecraft:tall_grass":2,"minecraft:oxidized_cut_copper_stairs":3,"undead_revamp2:bostroxingot":4,"luminousworld:yellow_grassflowers":1,"alexsmobs:lobster_tail":3,"luminousworld:white_oak_slab":6,"luminousworld:palmplank":19,"burnt:burnt_stairs":1,"minecraft:golden_leggings":1,"minecraft:oak_sapling":14,"luminousworld:crimsonbutterflyjar":1,"minecraft:spruce_log":737,"undead_revamp2:clogggerribswithbun":1,"blue_skies:dusk_sapling":1,"kawaiidishes:piece_of_cheesecake":16,"minecraft:nautilus_shell":1,"minecraft:crimson_stem":1,"minecraft:crossbow":7,"minecraft:orange_tulip":1,"minecraft:brewer_pottery_sherd":2,"minecraft:mossy_stone_brick_stairs":1,"minecraft:saddle":2,"kawaiidishes:magenta_thigh_highs":1,"minecraft:leather_helmet":5,"minecraft:red_carpet":3,"minecraft:dirt":248,"supplementaries:rope":10,"minecraft:stone_button":5,"backpacked:backpack":3,"minecraft:snout_armor_trim_smithing_template":1,"minecraft:jack_o_lantern":3,"minecraft:cherry_button":3,"minecraft:chain":8,"minecraft:wooden_sword":1,"minecraft:bone_meal":14,"minecraft:bone_block":5,"minecraft:sunflower":2,"minecraft:phantom_membrane":6,"minecraft:sugar":11,"minecraft:iron_pickaxe":8,"kawaiidishes:pink_maid_dress_fox_tail_white":1,"minecraft:dark_oak_boat":1,"minecraft:blue_bed":1,"minecraft:bone":113,"minecraft:oak_door":5,"villagersellanimals:crate_rabbit_cub":2,"minecraft:sugar_cane":55,"minecraft:nether_brick":294,"minecraft:pink_dye":3,"minecraft:birch_sapling":23,"twilightforest:mangrove_sapling":1,"minecraft:light_gray_carpet":3,"minecraft:white_bed":4,"minecraft:salmon":6,"kawaiidishes:brown_shoes":3,"kawaiidishes:yellow_headband_cat_ears_caramel":1,"minecraft:tipped_arrow":1,"minecraft:ladder":3,"minecraft:spruce_slab":9,"minecraft:crying_obsidian":3,"luminousworld:beastiary":1,"minecraft:enchanted_book":5,"minecraft:iron_ingot":80,"minecraft:netherite_pickaxe":1,"minecraft:golden_horse_armor":3,"fnm_recrafted:lostsoul":2,"minecraft:cobblestone":267,"minecraft:iron_helmet":8,"minecraft:oak_fence":2,"minecraft:feather":1,"minecraft:apple":44,"kawaiidishes:green_headband_cat_ears_black":1,"minecraft:coal":171,"blue_skies:dusk_spear":1,"minecraft:polished_andesite":5,"minecraft:end_rod":2,"minecraft:oxeye_daisy":1,"kawaiidishes:lime_maid_dress":1,"luminousworld:whiteoakleaves":49,"minecraft:dried_kelp_block":21,"kawaiidishes:piece_of_honey_cheesecake":18,"minecraft:iron_trapdoor":1,"minecraft:golden_carrot":7,"minecraft:wooden_hoe":1,"minecraft:rabbit":4,"minecraft:rose_bush":9,"minecraft:diamond_helmet":2,"minecraft:prismarine_slab":2,"minecraft:mossy_cobblestone_stairs":6,"minecraft:iron_shovel":3,"minecraft:string":44,"aquamirae:elodea":1,"minecraft:gray_carpet":1,"minecraft:spruce_sapling":44,"minecraft:bamboo_planks":1,"naturalist:duck_egg":1,"minecraft:furnace":1,"minecraft:moss_carpet":1,"burnt:burnt_planks":1,"minecraft:stone_sword":3,"aquamirae:terrible_sword":2,"minecraft:dark_oak_sign":2,"minecraft:bowl":12,"minecraft:deepslate":1,"luphieclutteredmod:luphie_flowering_purple_log":1,"minecraft:diamond_hoe":2,"twilightforest:time_sapling":3,"minecraft:stone_slab":6,"kawaiidishes:brown_headband_fox_ears_brown":1,"minecraft:spruce_fence":2,"minecraft:pumpkin_seeds":24,"supplementaries:quiver":1,"minecraft:potato":58,"kawaiidishes:honey_cookie":56,"minecraft:hay_block":2,"minecraft:stone":1068,"paraglider:rito_goddess_statue":8,"minecraft:carved_pumpkin":5,"minecraft:spider_eye":29,"minecraft:birch_boat":1,"kawaiidishes:piece_of_cake":3,"minecraft:dark_prismarine":256,"minecraft:quartz_slab":13,"supplementaries:flute":2,"minecraft:crimson_nylium":9,"minecraft:birch_planks":25,"minecraft:brown_mushroom":7,"minecraft:dark_oak_stairs":4,"minecraft:diamond_axe":5,"luminousworld:raw_squirrel":1,"luminousworld:spuds":3,"minecraft:lantern":177,"artifacts:flippers":1,"luminousworld:blueberry":3,"minecraft:flint":2,"kawaiidishes:light_gray_maid_dress":1,"shieldsplus:iron_shield":5,"minecraft:cherry_trapdoor":4,"minecraft:crimson_roots":13,"minecraft:cooked_cod":9,"minecraft:coast_armor_trim_smithing_template":4,"minecraft:seagrass":3,"blue_skies:crescent_fruit_sapling":1,"minecraft:polished_blackstone_bricks":11,"undead_revamp2:huntersackred":1,"minecraft:birch_log":5,"minecraft:gravel":23,"minecraft:white_tulip":16,"minecraft:crimson_fungus":6,"minecraft:blackstone":38,"minecraft:mangrove_roots":2,"kawaiidishes:brown_thigh_highs":2,"minecraft:cherry_sapling":1,"minecraft:fern":8,"minecraft:diamond_shovel":3,"minecraft:prismarine":64,"minecraft:beehive":4,"minecraft:carrot":128,"variantvanillablocks:spruce_crafting_table":2,"minecraft:chiseled_stone_bricks":4,"minecraft:poppy":2,"minecraft:rabbit_hide":6,"supplementaries:ash":9,"kawaiidishes:cappuccino_coffee":3,"minecraft:gunpowder":25,"aquamirae:esca":3,"minecraft:melon_seeds":2,"minecraft:chest":31,"minecraft:arrow":632,"minecraft:quartz":21,"minecraft:netherrack":571,"minecraft:water_bucket":3,"aquamirae:ship_graveyard_echo":2,"luminousworld:sunset_petunias":3,"luminousworld:swamp_disk":1,"minecraft:mossy_cobblestone":10,"minecraft:smithing_table":1,"minecraft:diamond_leggings":4,"minecraft:poisonous_potato":10,"minecraft:prismarine_shard":26,"minecraft:lead":2,"luminousworld:creepberries":10,"minecraft:spectral_arrow":9,"minecraft:copper_ingot":525,"twilightforest:twilight_oak_sapling":5,"minecraft:grass_block":1,"minecraft:stick":273,"kawaiidishes:coffee_fruit":58,"minecraft:diorite":14,"minecraft:brewing_stand":2,"minecraft:torch":5,"naturalist:bass":1,"minecraft:smooth_quartz":1,"minecraft:iron_leggings":9,"minecraft:iron_axe":4,"artifacts:feral_claws":1,"minecraft:pink_petals":154,"minecraft:bucket":24,"minecraft:dandelion":4,"minecraft:smooth_basalt":6,"minecraft:redstone":302,"alexsmobs:maggot":4,"minecraft:coarse_dirt":8,"minecraft:raw_iron":23,"minecraft:wither_skeleton_skull":1,"supplementaries:globe":2,"minecraft:iron_hoe":1,"taxov:pirate_axe":1,"minecraft:ender_eye":1,"minecraft:glass_pane":6,"minecraft:filled_map":3,"minecraft:snow":6,"luminousworld:beast_totem":1,"minecraft:black_concrete_powder":14,"minecraft:diamond_chestplate":2,"minecraft:mossy_stone_bricks":75,"minecraft:iron_chestplate":11,"luminousworld:groundpebbles_1":2,"minecraft:quartz_stairs":3,"stoneworks:polished_prismarine":32,"minecraft:blue_ice":10,"minecraft:oak_boat":2,"kawaiidishes:expresso_coffee":1,"minecraft:golden_sword":5,"minecraft:slime_ball":7,"minecraft:diamond_boots":1,"minecraft:stone_pickaxe":1,"minecraft:raw_gold":1,"minecraft:cracked_deepslate_bricks":2,"minecraft:calcite":113,"supplementaries:candy":8,"luphieclutteredmod:luphie_glass_jars":1}},"DataVersion":3465}