{"stats":{"minecraft:custom":{"minecraft:mob_kills":7,"minecraft:open_barrel":22,"minecraft:interact_with_crafting_table":24,"minecraft:bell_ring":1,"minecraft:time_since_death":2251,"minecraft:climb_one_cm":3825,"minecraft:sprint_one_cm":319970,"minecraft:walk_one_cm":215261,"minecraft:damage_blocked_by_shield":15,"minecraft:drop":36,"minecraft:talked_to_villager":2,"minecraft:play_time":91318,"minecraft:deaths":2,"minecraft:sneak_time":1738,"minecraft:walk_under_water_one_cm":1009,"minecraft:jump":1413,"minecraft:walk_on_water_one_cm":4993,"minecraft:total_world_time":91318,"minecraft:interact_with_furnace":21,"minecraft:tune_noteblock":14,"minecraft:interact_with_loom":2,"minecraft:sleep_in_bed":5,"minecraft:time_since_rest":2388,"minecraft:damage_taken":1617,"minecraft:minecart_one_cm":2108,"minecraft:damage_dealt":2588,"minecraft:swim_one_cm":479,"minecraft:fly_one_cm":265783,"minecraft:open_chest":67,"minecraft:crouch_one_cm":4171,"minecraft:interact_with_smoker":3,"minecraft:fall_one_cm":48052},"minecraft:picked_up":{"minecraft:cocoa_beans":15,"minecraft:iron_chestplate":2,"minecraft:wheat":6,"minecraft:black_carpet":3,"minecraft:flower_pot":1,"shieldsplus:wooden_shield":2,"minecraft:lead":2,"kawaiidishes:black_headband_fox_ears_white":2,"minecraft:dark_oak_trapdoor":4,"minecraft:string":12,"minecraft:item_frame":4,"minecraft:armor_stand":1,"minecraft:experience_bottle":2,"kawaiidishes:expresso_coffee":1,"minecraft:candle":5,"minecraft:bucket":6,"kawaiidishes:cocoa_powder":9,"minecraft:spruce_planks":1,"perfectplushies:dolphin_plushie":2,"minecraft:iron_pickaxe":3,"kawaiidishes:piece_of_honey_cheesecake":23,"minecraft:tinted_glass":3,"minecraft:melon_slice":1,"minecraft:sugar_cane":6,"minecraft:chest":5,"minecraft:furnace":1,"minecraft:dark_oak_sapling":3,"minecraft:stick":15,"minecraft:raw_iron":44,"luminousworld:blue_petunias":1,"minecraft:spruce_fence":4,"minecraft:cookie":1,"minecraft:carrot":70,"minecraft:redstone":34,"minecraft:blue_carpet":1,"minecraft:stone_pressure_plate":1,"minecraft:dark_oak_planks":32,"minecraft:rotten_flesh":10,"minecraft:stone_sword":2,"minecraft:light_gray_bed":1,"minecraft:pumpkin_pie":1,"minecraft:peony":6,"kawaiidishes:black_headband_fox_ears_red":1,"minecraft:hay_block":67,"minecraft:gold_ingot":3,"minecraft:snowball":2,"minecraft:cobblestone":100,"minecraft:leather_chestplate":1,"supplementaries:candy":8,"minecraft:leather":10,"kawaiidishes:coffee_powder":1,"minecraft:potato":105,"luminousworld:purple_petunias":1,"minecraft:wither_skeleton_skull":1,"minecraft:paper":1,"minecraft:lapis_lazuli":11,"minecraft:blue_bed":5,"minecraft:lantern":30,"minecraft:leather_boots":2,"minecraft:cooked_mutton":1,"minecraft:bone":19,"kawaiidishes:black_thigh_highs":3,"minecraft:gray_carpet":5,"minecraft:apple":1,"minecraft:stone_bricks":2,"minecraft:wheat_seeds":37,"minecraft:raw_gold":10,"minecraft:dark_oak_sign":1,"minecraft:stone_pickaxe":1,"kawaiidishes:coffee_fruit":8,"minecraft:glass_bottle":1,"minecraft:glowstone_dust":12,"minecraft:stone_hoe":1,"kawaiidishes:mug":5,"minecraft:mossy_stone_brick_stairs":1,"minecraft:book":12,"kawaiidishes:roasted_coffee_beans":1,"shieldsplus:stone_shield":1,"minecraft:milk_bucket":3,"minecraft:cooked_porkchop":2,"minecraft:sweet_berries":2,"minecraft:quartz":1,"minecraft:stripped_spruce_log":2,"minecraft:spruce_sapling":1,"kawaiidishes:black_maid_dress_fox_tail_red":1,"minecraft:spruce_log":6,"minecraft:dead_bush":1,"minecraft:spider_eye":1,"minecraft:jungle_slab":2,"naturalist:duck_egg":1,"minecraft:leather_helmet":2,"minecraft:polished_andesite":1,"minecraft:spruce_fence_gate":1,"minecraft:pumpkin_seeds":4,"minecraft:sugar":11,"minecraft:diamond":11,"minecraft:stone_axe":2,"undead_revamp2:beespheromones":1,"minecraft:writable_book":2,"minecraft:bread":15,"minecraft:emerald":9,"kawaiidishes:white_thigh_highs":1,"minecraft:light_gray_carpet":4,"minecraft:stripped_dark_oak_log":4,"minecraft:coal":60},"minecraft:crafted":{"minecraft:leather_boots":1,"minecraft:stone_pickaxe":1,"shieldsplus:stone_shield":2,"minecraft:stone_hoe":2,"minecraft:spruce_planks":36,"minecraft:baked_potato":16,"minecraft:stone_axe":1,"minecraft:air":0,"minecraft:stick":16,"minecraft:iron_ingot":3,"minecraft:iron_pickaxe":1,"minecraft:stone_sword":1},"minecraft:used":{"perfectplushies:dolphin_plushie":1,"minecraft:stone_sword":92,"kawaiidishes:expresso_coffee":2,"minecraft:spruce_planks":1,"minecraft:chest":4,"minecraft:stone_hoe":76,"minecraft:carrot":4,"kawaiidishes:piece_of_honey_cheesecake":4,"minecraft:lantern":1,"supplementaries:candy":4,"minecraft:furnace":1,"minecraft:light_gray_bed":1,"perfectplushies:red_fox_plushie":1,"minecraft:cooked_mutton":1,"minecraft:water_bucket":1,"minecraft:stone_pickaxe":56,"minecraft:baked_potato":16,"minecraft:leather_chestplate":1,"minecraft:blue_bed":5,"minecraft:leather_boots":1,"naturalist:duck_egg":1,"minecraft:cookie":1,"minecraft:stripped_dark_oak_log":1,"minecraft:apple":3,"minecraft:bread":2,"minecraft:melon_slice":1,"shieldsplus:stone_shield":3,"minecraft:iron_pickaxe":124,"minecraft:leather_helmet":1,"minecraft:stone_axe":21,"minecraft:cobblestone":9,"perfectplushies:rabbit_plushie":1,"minecraft:cooked_porkchop":1,"minecraft:bucket":2,"minecraft:pumpkin_pie":1,"minecraft:experience_bottle":1},"minecraft:killed":{"undead_revamp2:theswarmer":2,"minecraft:zombie":8},"minecraft:dropped":{"minecraft:stone_hoe":1,"minecraft:wheat_seeds":37,"minecraft:glass_bottle":1,"perfectplushies:dolphin_plushie":1,"minecraft:apple":4,"kawaiidishes:latte_coffee":1,"minecraft:leather_helmet":1,"minecraft:item_frame":3,"minecraft:jungle_slab":2,"minecraft:snowball":2,"kawaiidishes:black_thigh_highs":1,"shieldsplus:stone_shield":1,"minecraft:paper":1,"minecraft:string":19,"perfectplushies:geode_plushie":1,"minecraft:tinted_glass":3,"minecraft:wheat":1,"minecraft:raw_iron":18,"minecraft:rotten_flesh":9,"minecraft:wither_skeleton_skull":1,"minecraft:spruce_fence":4,"minecraft:leather_chestplate":1,"minecraft:peony":6,"kawaiidishes:expresso_coffee":1,"luminousworld:blue_petunias":1,"kawaiidishes:black_headband_fox_ears_white":1,"luminousworld:purple_petunias":1,"supplementaries:candy":4},"minecraft:mined":{"minecraft:spruce_planks":1,"minecraft:stone_pressure_plate":1,"minecraft:deepslate_diamond_ore":4,"minecraft:candle":2,"minecraft:jungle_slab":1,"luminousworld:blue_petunias":1,"minecraft:cave_vines_plant":1,"minecraft:potted_dead_bush":1,"minecraft:grass_block":3,"minecraft:spruce_fence":2,"kawaiidishes:coffee_bush":1,"minecraft:light_gray_bed":1,"luminousworld:grassvariant_2":3,"minecraft:spruce_leaves":2,"minecraft:hay_block":74,"minecraft:glowstone":2,"minecraft:furnace":1,"minecraft:carrots":13,"minecraft:dark_oak_trapdoor":4,"minecraft:iron_ore":31,"minecraft:stripped_spruce_log":2,"minecraft:deepslate_lapis_ore":2,"minecraft:peony":3,"minecraft:mossy_stone_brick_stairs":1,"minecraft:bookshelf":2,"minecraft:potatoes":46,"minecraft:deepslate_iron_ore":6,"amendments:wall_lantern":1,"minecraft:lantern":5,"luminousworld:snowgrass":2,"minecraft:stone":33,"minecraft:deepslate_redstone_ore":8,"luminousworld:purple_petunias":1,"minecraft:stripped_dark_oak_log":3,"minecraft:blue_stained_glass":2,"minecraft:chest":4,"minecraft:cobblestone":1,"minecraft:deepslate_coal_ore":5,"minecraft:deepslate_gold_ore":5,"minecraft:blue_bed":5,"minecraft:tinted_glass":2,"minecraft:wheat":24,"minecraft:spruce_log":6,"minecraft:grass":1,"minecraft:coal_ore":51,"minecraft:end_rod":1,"minecraft:dirt":2,"minecraft:cobweb":13,"minecraft:stone_bricks":1,"minecraft:spruce_fence_gate":1,"minecraft:polished_andesite":2,"minecraft:deepslate_emerald_ore":1},"minecraft:killed_by":{"minecraft:zombie":1}},"DataVersion":3465}