{"stats":{"minecraft:custom":{"minecraft:mob_kills":7,"minecraft:open_barrel":10,"minecraft:interact_with_crafting_table":22,"minecraft:time_since_death":42624,"minecraft:climb_one_cm":825,"minecraft:sprint_one_cm":153910,"minecraft:walk_one_cm":140205,"minecraft:drop":14,"minecraft:talked_to_villager":2,"minecraft:play_time":55318,"minecraft:deaths":1,"minecraft:sneak_time":1210,"minecraft:walk_under_water_one_cm":129,"minecraft:jump":616,"minecraft:walk_on_water_one_cm":4108,"minecraft:total_world_time":55318,"minecraft:interact_with_furnace":17,"minecraft:tune_noteblock":14,"minecraft:interact_with_loom":2,"minecraft:sleep_in_bed":2,"minecraft:time_since_rest":8811,"minecraft:damage_taken":882,"minecraft:damage_dealt":2076,"minecraft:swim_one_cm":238,"minecraft:fly_one_cm":86528,"minecraft:open_chest":46,"minecraft:crouch_one_cm":2983,"minecraft:fall_one_cm":13699},"minecraft:picked_up":{"minecraft:black_carpet":3,"minecraft:flower_pot":1,"shieldsplus:wooden_shield":2,"minecraft:dark_oak_trapdoor":4,"minecraft:string":12,"minecraft:item_frame":3,"minecraft:armor_stand":1,"minecraft:experience_bottle":2,"minecraft:candle":5,"minecraft:spruce_planks":1,"perfectplushies:dolphin_plushie":2,"minecraft:tinted_glass":3,"minecraft:melon_slice":1,"minecraft:sugar_cane":6,"minecraft:chest":4,"minecraft:furnace":1,"minecraft:dark_oak_sapling":3,"minecraft:stick":4,"minecraft:raw_iron":14,"minecraft:spruce_fence":3,"minecraft:cookie":1,"minecraft:carrot":68,"minecraft:redstone":34,"minecraft:blue_carpet":1,"minecraft:stone_pressure_plate":1,"minecraft:rotten_flesh":7,"minecraft:stone_sword":1,"minecraft:light_gray_bed":1,"minecraft:pumpkin_pie":1,"minecraft:hay_block":67,"minecraft:gold_ingot":3,"minecraft:snowball":2,"minecraft:cobblestone":73,"minecraft:leather_chestplate":1,"minecraft:potato":29,"minecraft:wither_skeleton_skull":1,"minecraft:paper":1,"minecraft:lapis_lazuli":11,"minecraft:blue_bed":2,"minecraft:lantern":13,"minecraft:leather_boots":1,"minecraft:cooked_mutton":1,"minecraft:bone":2,"minecraft:gray_carpet":5,"minecraft:apple":1,"minecraft:stone_bricks":2,"minecraft:raw_gold":5,"minecraft:dark_oak_sign":1,"minecraft:stone_pickaxe":1,"minecraft:glowstone_dust":6,"minecraft:mossy_stone_brick_stairs":1,"minecraft:book":6,"minecraft:cooked_porkchop":2,"minecraft:sweet_berries":2,"minecraft:quartz":1,"minecraft:stripped_spruce_log":2,"minecraft:spruce_sapling":1,"minecraft:spruce_log":6,"minecraft:dead_bush":1,"minecraft:spider_eye":1,"minecraft:jungle_slab":2,"naturalist:duck_egg":1,"minecraft:leather_helmet":2,"minecraft:polished_andesite":1,"minecraft:spruce_fence_gate":1,"minecraft:pumpkin_seeds":4,"minecraft:diamond":4,"minecraft:stone_axe":1,"undead_revamp2:beespheromones":1,"minecraft:writable_book":1,"minecraft:bread":2,"minecraft:emerald":1,"minecraft:light_gray_carpet":4,"minecraft:stripped_dark_oak_log":4,"minecraft:coal":53},"minecraft:crafted":{"minecraft:leather_boots":1,"minecraft:stone_pickaxe":1,"shieldsplus:stone_shield":2,"minecraft:stone_hoe":2,"minecraft:spruce_planks":36,"minecraft:baked_potato":16,"minecraft:stone_axe":1,"minecraft:air":0,"minecraft:stick":16,"minecraft:iron_ingot":3,"minecraft:iron_pickaxe":1,"minecraft:stone_sword":1},"minecraft:used":{"minecraft:stone_sword":65,"minecraft:spruce_planks":1,"minecraft:chest":3,"minecraft:stone_hoe":76,"minecraft:carrot":4,"minecraft:lantern":1,"minecraft:light_gray_bed":1,"minecraft:stone_pickaxe":56,"minecraft:baked_potato":6,"minecraft:leather_chestplate":1,"minecraft:blue_bed":1,"minecraft:leather_boots":1,"naturalist:duck_egg":1,"minecraft:cookie":1,"minecraft:stripped_dark_oak_log":1,"minecraft:bread":2,"minecraft:melon_slice":1,"shieldsplus:stone_shield":2,"minecraft:iron_pickaxe":91,"minecraft:leather_helmet":1,"minecraft:stone_axe":18,"minecraft:cobblestone":9,"minecraft:cooked_porkchop":1,"minecraft:pumpkin_pie":1,"minecraft:experience_bottle":1},"minecraft:killed":{"undead_revamp2:theswarmer":2,"minecraft:zombie":8},"minecraft:dropped":{"minecraft:stone_hoe":1,"perfectplushies:dolphin_plushie":1,"minecraft:leather_helmet":1,"minecraft:item_frame":2,"minecraft:jungle_slab":2,"shieldsplus:stone_shield":1,"perfectplushies:geode_plushie":1,"minecraft:tinted_glass":3,"minecraft:rotten_flesh":4,"minecraft:wither_skeleton_skull":1,"minecraft:spruce_fence":3},"minecraft:mined":{"minecraft:spruce_planks":1,"minecraft:stone_pressure_plate":1,"minecraft:deepslate_diamond_ore":4,"minecraft:candle":2,"minecraft:jungle_slab":1,"minecraft:cave_vines_plant":1,"minecraft:potted_dead_bush":1,"minecraft:spruce_fence":1,"minecraft:light_gray_bed":1,"minecraft:spruce_leaves":2,"minecraft:hay_block":74,"minecraft:glowstone":2,"minecraft:furnace":1,"minecraft:carrots":11,"minecraft:dark_oak_trapdoor":4,"minecraft:iron_ore":7,"minecraft:stripped_spruce_log":2,"minecraft:deepslate_lapis_ore":2,"minecraft:mossy_stone_brick_stairs":1,"minecraft:bookshelf":2,"minecraft:potatoes":8,"minecraft:deepslate_iron_ore":6,"amendments:wall_lantern":1,"minecraft:lantern":5,"luminousworld:snowgrass":2,"minecraft:stone":31,"minecraft:deepslate_redstone_ore":8,"minecraft:stripped_dark_oak_log":3,"minecraft:blue_stained_glass":2,"minecraft:chest":3,"minecraft:cobblestone":1,"minecraft:deepslate_coal_ore":5,"minecraft:deepslate_gold_ore":5,"minecraft:blue_bed":2,"minecraft:tinted_glass":2,"minecraft:spruce_log":6,"minecraft:coal_ore":44,"minecraft:end_rod":1,"minecraft:dirt":1,"minecraft:cobweb":13,"minecraft:stone_bricks":1,"minecraft:spruce_fence_gate":1,"minecraft:polished_andesite":2,"minecraft:deepslate_emerald_ore":1},"minecraft:killed_by":{"minecraft:zombie":1}},"DataVersion":3465}