{"stats":{"minecraft:killed_by":{"minecraft:zombie":1,"minecraft:creeper":1,"minecraft:drowned":1,"undead_revamp2:slaveman":2,"luminousworld:frigid_zombie":1,"undead_revamp2:thehunter":1},"minecraft:dropped":{"burnt:smoldering_log_start":2,"minecraft:porkchop":2,"minecraft:glass_bottle":1,"minecraft:saddle":1,"minecraft:leather_helmet":1,"supplementaries:lapis_bricks":1,"minecraft:item_frame":3,"minecraft:emerald":1,"minecraft:dirt":126,"kawaiidishes:white_thigh_highs":1,"minecraft:jack_o_lantern":1,"minecraft:cherry_leaves":1,"minecraft:sugar":10,"minecraft:dark_oak_planks":19,"minecraft:bone":1,"undead_revamp2:huntereye":1,"minecraft:iron_nugget":10,"minecraft:tinted_glass":3,"seadwellers:aquamarine":1,"minecraft:pink_dye":17,"minecraft:birch_sapling":1,"minecraft:wheat":1,"blue_skies:dusk_log":2,"minecraft:rotten_flesh":17,"minecraft:oak_planks":3,"minecraft:white_bed":2,"luphieclutteredmod:luphie_flowering_yellow_planks":4,"minecraft:jungle_stairs":1,"minecraft:iron_ingot":2,"minecraft:wheat_seeds":47,"minecraft:cobblestone":30,"minecraft:book":58,"minecraft:apple":8,"minecraft:jungle_slab":2,"kawaiidishes:piece_of_honey_cheesecake":9,"kawaiidishes:black_headband_fox_ears_red":1,"minecraft:rabbit":1,"minecraft:cherry_planks":43,"twilightforest:twilight_oak_planks":23,"shieldsplus:stone_shield":1,"minecraft:string":20,"minecraft:paper":1,"minecraft:moss_carpet":3,"luphieclutteredmod:luphie_pink_slab":3,"minecraft:stone_sword":1,"kawaiidishes:cocoa_powder":10,"minecraft:spruce_fence":4,"kawaiidishes:mug":7,"minecraft:hay_block":49,"minecraft:spruce_boat":2,"minecraft:flower_pot":4,"minecraft:peony":6,"minecraft:spruce_planks":4,"burnt:smoldering_log":4,"minecraft:bow":2,"luminousworld:blue_petunias":1,"luphieclutteredmod:luphie_flowering_pink_planks":4,"luminousworld:yellowpetunias":6,"perfectplushies:dolphin_plushie":1,"minecraft:lantern":1,"minecraft:cornflower":7,"minecraft:snowball":2,"kawaiidishes:black_thigh_highs":2,"kawaiidishes:dark_brown_shoes":1,"minecraft:diamond_shovel":2,"luphieclutteredmod:luphie_pink_trapdoor":5,"perfectplushies:red_panda_plushie":1,"minecraft:leather_chestplate":1,"kawaiidishes:cappuccino_coffee":1,"supplementaries:item_shelf":4,"minecraft:scaffolding":1,"luphieclutteredmod:luphie_pastel_wall_bookshelf":1,"minecraft:water_bucket":2,"minecraft:stone_hoe":1,"minecraft:bread":30,"minecraft:cherry_log":50,"luminousworld:amethyst_disc":1,"luminousworld:decorative_brown_mushroom_1":2,"kawaiidishes:latte_coffee":1,"kawaiidishes:coffee_fruit":8,"minecraft:torch":1,"minecraft:white_concrete":2,"minecraft:iron_leggings":1,"minecraft:pink_petals":68,"minecraft:bucket":3,"minecraft:dandelion":1,"luphieclutteredmod:luphie_pink_planks":20,"perfectplushies:geode_plushie":1,"minecraft:polished_diorite":1,"minecraft:kelp":60,"minecraft:coarse_dirt":1,"minecraft:raw_iron":18,"luphieclutteredmod:luphie_row_of_small_books":1,"minecraft:wither_skeleton_skull":1,"luminousworld:king_crab_plaque":3,"minecraft:glass_pane":7,"undead_revamp2:bostroxingot":4,"luminousworld:white_oak_slab":1,"kawaiidishes:expresso_coffee":1,"luphieclutteredmod:small_pink_shelf":2,"kawaiidishes:black_headband_fox_ears_white":1,"luminousworld:purple_petunias":1,"supplementaries:candy":4,"luphieclutteredmod:luphie_pink_mini_cabinet":4},"minecraft:killed":{"naturalist:rattlesnake":2,"undead_revamp2:theswarmer":2,"minecraft:skeleton":8,"minecraft:pillager":4,"minecraft:zombie":16,"undead_revamp2:thehunter":6,"minecraft:rabbit":12,"minecraft:spider":4,"undead_revamp2:thesmoker":2,"luminousworld:king_crab":2,"undead_revamp2:therod":2,"sleep_tight:bedbug":2,"minecraft:pig":4,"minecraft:creeper":8,"luminousworld:crimson_butterfly":2,"luminousworld:deer":2,"luminousworld:sand_crab":4,"undead_revamp2:sucker":2},"minecraft:picked_up":{"minecraft:iron_chestplate":5,"minecraft:flower_pot":4,"kawaiidishes:brown_headband_fox_ears_brown":4,"minecraft:lead":24,"perfectplushies:frog_plushie":1,"kawaiidishes:black_headband_fox_ears_white":7,"minecraft:string":39,"minecraft:dark_oak_trapdoor":4,"minecraft:cooked_salmon":2,"blue_skies:frostbright_log":2,"minecraft:spruce_planks":7,"perfectplushies:dolphin_plushie":5,"kawaiidishes:cocoa_powder":15,"variantvanillablocks:cherry_chest":3,"minecraft:melon_slice":1,"kawaiidishes:roasted_cocoa_beans":13,"luminousworld:auburnlog":1,"minecraft:cherry_log":436,"luminousworld:grassflowers":2,"minecraft:stone_sword":6,"minecraft:light_gray_bed":1,"luphieclutteredmod:luphie_pink_slab":34,"burnt:burnt_log":1,"kawaiidishes:black_headband_fox_ears_red":1,"minecraft:blue_dye":4,"supplementaries:ash":1,"minecraft:snowball":2,"minecraft:birch_log":42,"minecraft:feather":4,"minecraft:water_bucket":4,"minecraft:cherry_leaves":140,"supplementaries:candy":8,"perfectplushies:dumbo_blob_plushie":1,"minecraft:dark_oak_boat":6,"kawaiidishes:coffee_powder":4,"luphieclutteredmod:luphie_flowering_pink_log":1,"minecraft:flint":6,"luminousworld:purple_petunias":2,"minecraft:cherry_door":6,"minecraft:lantern":217,"kawaiidishes:black_thigh_highs":8,"minecraft:dark_oak_sign":1,"blue_skies:stripped_comet_wood":1,"minecraft:rabbit":13,"kawaiidishes:red_thigh_highs":3,"minecraft:glowstone_dust":30,"minecraft:stripped_spruce_log":7,"kawaiidishes:black_maid_dress_fox_tail_red":7,"perfectplushies:rabbit_plushie":3,"naturalist:duck_egg":2,"minecraft:barrel":4,"minecraft:polished_andesite":1,"luminousworld:yellowpetunias":6,"minecraft:writable_book":5,"shieldsplus:iron_shield":4,"minecraft:golden_horse_armor":1,"minecraft:bread":244,"kawaiidishes:white_thigh_highs":1,"minecraft:jack_o_lantern":1,"minecraft:light_gray_carpet":4,"minecraft:cherry_slab":47,"minecraft:diamond_pickaxe":2,"luminousworld:groundpebbles_1":1,"minecraft:coarse_dirt":1,"variantvanillablocks:cherry_crafting_table":1,"luphieclutteredmod:luphie_pink_mini_cabinet":8,"minecraft:clay_ball":40,"shieldsplus:wooden_shield":2,"luminousworld:trout":1,"minecraft:stripped_cherry_log":22,"minecraft:cornflower":14,"minecraft:glass_pane":7,"luphieclutteredmod:luphie_flowering_yellow_planks":3,"minecraft:iron_nugget":5,"minecraft:cherry_button":3,"minecraft:chest":11,"minecraft:birch_sapling":3,"luphieclutteredmod:luphie_darkwood_quilted_sofa":1,"minecraft:egg":1,"minecraft:stone":14,"luminousworld:blue_petunias":1,"kawaiidishes:dark_brown_shoes":7,"luphieclutteredmod:luphie_wedding_arch":4,"minecraft:spruce_fence":4,"minecraft:carrot":94,"minecraft:redstone":34,"minecraft:blue_carpet":1,"luminousworld:decorative_brown_mushroom_1":2,"minecraft:peony":6,"minecraft:shears":2,"burnt:smoldering_log_start":4,"minecraft:hay_block":193,"minecraft:gold_ingot":96,"minecraft:white_wool":192,"luphieclutteredmod:pink_flower_shelf":4,"luphieclutteredmod:luphie_pastel_wall_bookshelf":4,"minecraft:oak_log":84,"minecraft:paper":1,"minecraft:blue_bed":5,"minecraft:white_banner":3,"minecraft:apple":13,"minecraft:stone_bricks":13,"minecraft:kelp":135,"minecraft:stone_pickaxe":1,"kawaiidishes:coffee_fruit":21,"minecraft:cherry_sign":20,"naturalist:bug_net":1,"minecraft:glass_bottle":1,"minecraft:iron_sword":4,"kawaiidishes:roasted_coffee_beans":2,"shieldsplus:stone_shield":4,"minecraft:dark_oak_slab":1,"minecraft:milk_bucket":4,"minecraft:sweet_berries":2,"luphieclutteredmod:luphie_pink_trapdoor":23,"minecraft:gravel":30,"minecraft:spruce_sapling":1,"luphieclutteredmod:luphie_row_of_small_books":3,"minecraft:spruce_log":79,"perfectplushies:seal_plushie":2,"blue_skies:starlit_log":2,"minecraft:leather_helmet":2,"minecraft:diamond_shovel":3,"minecraft:slime_ball":10,"minecraft:stone_axe":5,"minecraft:polished_diorite":4,"undead_revamp2:beespheromones":4,"minecraft:diamond_axe":4,"minecraft:baked_potato":159,"minecraft:stripped_dark_oak_log":4,"minecraft:pink_dye":18,"minecraft:hopper":6,"twilightforest:time_sapling":3,"minecraft:black_carpet":3,"minecraft:wheat":6,"seadwellers:aquamarine":1,"luminousworld:crimsonbutterflyjar":1,"minecraft:iron_leggings":2,"minecraft:armor_stand":1,"minecraft:experience_bottle":2,"kawaiidishes:expresso_coffee":1,"luphieclutteredmod:luphie_pink_planks":20,"minecraft:bucket":16,"minecraft:red_dye":3,"minecraft:iron_pickaxe":8,"kawaiidishes:piece_of_honey_cheesecake":57,"minecraft:furnace":1,"blue_skies:dusk_log":3,"minecraft:stick":82,"minecraft:torch":41,"minecraft:porkchop":4,"minecraft:rotten_flesh":48,"undead_revamp2:arapholia":2,"minecraft:cobblestone":1241,"minecraft:pink_petals":1511,"minecraft:leather_chestplate":1,"minecraft:cherry_planks":212,"twilightforest:twilight_oak_log":6,"supplementaries:item_shelf":6,"luphieclutteredmod:stripped_luphie_flowering_log":1,"minecraft:potato":220,"supplementaries:flute":1,"undead_revamp2:huntereye":1,"minecraft:wither_skeleton_skull":1,"minecraft:stripped_birch_log":6,"minecraft:lapis_lazuli":11,"minecraft:dirt":1162,"minecraft:leather_boots":3,"minecraft:glass":34,"minecraft:bone":50,"minecraft:acacia_planks":6,"minecraft:bow":2,"minecraft:wheat_seeds":203,"luminousworld:white_oak_stairs":6,"luminousworld:white_oak_slab":94,"minecraft:raw_gold":25,"minecraft:bamboo":66,"minecraft:mossy_stone_brick_stairs":1,"minecraft:stone_hoe":2,"minecraft:oak_planks":8,"kawaiidishes:mug":12,"minecraft:cooked_porkchop":2,"luphieclutteredmod:luphie_retro_pink_fridge":3,"minecraft:sand":13,"minecraft:dead_bush":1,"minecraft:jungle_slab":2,"luminousworld:amethyst_disc":1,"luphieclutteredmod:luphie_flowering_pink_planks":4,"minecraft:spruce_fence_gate":1,"minecraft:sugar":11,"minecraft:diamond":32,"minecraft:spruce_boat":2,"luminousworld:king_crab_plaque":3,"minecraft:bone_meal":20,"minecraft:white_concrete":132,"kawaiidishes:piece_of_cheesecake":9,"minecraft:emerald":46,"minecraft:cocoa_beans":30,"undead_revamp2:bostroxingot":4,"minecraft:charcoal":4,"luminousworld:wallleaves":2,"refurbished_furniture:light_fridge":2,"minecraft:pink_wool":37,"luminousworld:jar":1,"minecraft:moss_carpet":3,"minecraft:iron_axe":1,"variantvanillablocks:spruce_crafting_table":2,"minecraft:item_frame":4,"minecraft:birch_fence":16,"minecraft:candle":5,"minecraft:tinted_glass":3,"minecraft:sugar_cane":12,"luminousworld:white_oak_plank":77,"minecraft:cherry_trapdoor":5,"minecraft:dark_oak_sapling":3,"kawaiidishes:piece_of_cake":3,"minecraft:raw_iron":64,"minecraft:cherry_stairs":75,"perfectplushies:red_fox_plushie":3,"minecraft:copper_ingot":2,"luphieclutteredmod:luphie_heart_garland":1,"luphieclutteredmod:small_shelf":2,"minecraft:cookie":1,"minecraft:stone_pressure_plate":1,"minecraft:dark_oak_planks":103,"luminousworld:white_oak_sapling":13,"luphieclutteredmod:luphie_pink_cabinet":2,"minecraft:pumpkin_pie":1,"minecraft:jungle_stairs":1,"minecraft:saddle":3,"minecraft:leather":28,"minecraft:birch_planks":330,"kawaiidishes:brown_shoes":1,"luphieclutteredmod:luphie_white_armchair":6,"minecraft:cooked_mutton":1,"minecraft:gray_carpet":5,"minecraft:rabbit_hide":3,"minecraft:iron_ingot":10,"luphieclutteredmod:small_pink_shelf":14,"minecraft:book":118,"minecraft:scaffolding":255,"minecraft:chiseled_stone_bricks":1,"minecraft:quartz":1,"minecraft:dandelion":5,"burnt:burnt_dirt":12,"twilightforest:time_log":3,"minecraft:blast_furnace":1,"minecraft:white_bed":21,"minecraft:spider_eye":3,"luminousworld:whiteoaklog":67,"variantvanillablocks:dark_oak_crafting_table":4,"minecraft:pumpkin_seeds":4,"burnt:smoldering_log":8,"minecraft:cherry_sapling":41,"minecraft:black_wool":1,"minecraft:coal":368},"minecraft:mined":{"minecraft:dark_oak_planks":1,"minecraft:white_bed":16,"minecraft:cherry_log":397,"minecraft:potted_dead_bush":1,"luphieclutteredmod:luphie_darkwood_quilted_sofa":1,"minecraft:light_gray_bed":1,"minecraft:dark_oak_trapdoor":4,"minecraft:barrel":4,"luphieclutteredmod:luphie_pastel_wall_bookshelf":3,"luphieclutteredmod:luphie_pink_slab":4,"minecraft:moss_carpet":1,"minecraft:deepslate_lapis_ore":2,"twilightforest:time_log":3,"minecraft:dirt_path":9,"amendments:wall_lantern":2,"luphieclutteredmod:luphie_flowering_pink_planks":4,"blue_skies:dusk_log":2,"minecraft:white_banner":1,"luphieclutteredmod:luphie_retro_pink_fridge":3,"luminousworld:wallleaves":2,"variantvanillablocks:cherry_crafting_table":1,"minecraft:blue_stained_glass":2,"minecraft:torch":10,"minecraft:glass":3,"minecraft:cherry_slab":35,"twilightforest:time_sapling":2,"minecraft:tinted_glass":2,"perfectplushies:red_fox_plushie":1,"minecraft:wheat":24,"supplementaries:lapis_bricks":1,"minecraft:grass":203,"luminousworld:grassvariant_3":19,"luphieclutteredmod:pink_flower_shelf":4,"minecraft:stripped_birch_log":6,"luminousworld:white_oak_sapling":1,"minecraft:spruce_fence":2,"kawaiidishes:coffee_bush":1,"luminousworld:grassvariant_2":18,"minecraft:pink_wool":5,"burnt:smoldering_grass":17,"burnt:burnt_grass":2,"luphieclutteredmod:luphie_row_of_small_books":3,"minecraft:mossy_stone_brick_stairs":1,"minecraft:potatoes":46,"variantvanillablocks:spruce_crafting_table":1,"luminousworld:groundpebbles_2":1,"minecraft:glass_pane":3,"minecraft:cherry_planks":55,"luphieclutteredmod:small_shelf":1,"blue_skies:starlit_log":2,"minecraft:dandelion":8,"minecraft:cornflower":10,"minecraft:emerald_ore":2,"supplementaries:item_shelf":2,"luminousworld:auburnlog":2,"luminousworld:grassflowers":2,"luphieclutteredmod:luphie_flowering_pink_log":1,"minecraft:tall_grass":37,"minecraft:deepslate_gold_ore":5,"luphieclutteredmod:small_pink_shelf":12,"luminousworld:whiteoaklog":69,"minecraft:coarse_dirt":4,"luphieclutteredmod:luphie_pink_mini_cabinet":4,"perfectplushies:dolphin_plushie":1,"minecraft:spruce_log":15,"minecraft:birch_leaves":5,"variantvanillablocks:cherry_chest":3,"luphieclutteredmod:luphie_heart_garland":1,"minecraft:gravel":32,"minecraft:cobweb":13,"minecraft:spruce_fence_gate":1,"minecraft:stone_bricks":3,"minecraft:deepslate_emerald_ore":1,"minecraft:stone_pressure_plate":1,"minecraft:spruce_planks":1,"luminousworld:yellowpetunias":3,"minecraft:jungle_slab":1,"minecraft:cave_vines_plant":1,"minecraft:grass_block":615,"minecraft:polished_diorite":2,"minecraft:glowstone":2,"minecraft:iron_ore":51,"burnt:burnt_log":1,"luphieclutteredmod:luphie_flowering_yellow_planks":3,"minecraft:deepslate_redstone_ore":8,"luphieclutteredmod:luphie_pink_cabinet":2,"luminousworld:purple_petunias":2,"minecraft:clay":10,"minecraft:jungle_stairs":1,"minecraft:chest":5,"twilightforest:twilight_oak_log":6,"minecraft:cobblestone":10,"minecraft:oak_planks":2,"minecraft:wall_torch":8,"minecraft:pink_petals":340,"variantvanillablocks:dark_oak_crafting_table":2,"minecraft:birch_log":37,"minecraft:cherry_door":3,"minecraft:oak_log":41,"minecraft:sand":8,"minecraft:dirt":298,"minecraft:oak_leaves":4,"luminousworld:groundpebbles_1":1,"blue_skies:frostbright_log":2,"minecraft:deepslate_diamond_ore":4,"luminousworld:grassvariant_4":8,"minecraft:candle":2,"luminousworld:blue_petunias":1,"minecraft:stripped_cherry_log":19,"luphieclutteredmod:luphie_wedding_arch":4,"seadwellers:aquamarine_crystal":1,"luminousworld:decorative_brown_mushroom_1":2,"luminousworld:blackberrybush":1,"minecraft:spruce_leaves":2,"luminousworld:white_oak_plank":63,"minecraft:hay_block":76,"minecraft:furnace":1,"minecraft:carrots":13,"perfectplushies:rabbit_plushie":1,"minecraft:stripped_spruce_log":7,"minecraft:peony":3,"minecraft:gold_block":1,"minecraft:bookshelf":5,"minecraft:deepslate_iron_ore":6,"minecraft:lantern":7,"luminousworld:snowgrass":2,"minecraft:stone":1062,"minecraft:cherry_stairs":35,"luminousworld:crimsonbutterflyjar":2,"luphieclutteredmod:stripped_luphie_flowering_log":1,"supplementaries:book_pile_horizontal":5,"minecraft:scaffolding":114,"luminousworld:white_oak_stairs":8,"minecraft:stripped_dark_oak_log":3,"refurbished_furniture:light_fridge":2,"luphieclutteredmod:luphie_pink_trapdoor":18,"minecraft:deepslate_coal_ore":5,"minecraft:blue_bed":5,"minecraft:birch_planks":26,"minecraft:ice":1,"luminousworld:white_oak_slab":13,"minecraft:coal_ore":80,"minecraft:cherry_leaves":242,"minecraft:end_rod":1,"minecraft:flower_pot":2,"blue_skies:stripped_comet_wood":1,"burnt:smoldering_log":1,"luphieclutteredmod:luphie_white_armchair":3,"minecraft:polished_andesite":2,"minecraft:birch_fence":5},"minecraft:broken":{"minecraft:iron_shovel":2},"minecraft:crafted":{"luphieclutteredmod:luphie_pink_cabinet":5,"luphieclutteredmod:luphie_pink_mini_cabinet":4,"variantvanillablocks:cherry_chest":2,"minecraft:glass":41,"luphieclutteredmod:luphie_pink_left_outer_corner_counter":1,"minecraft:birch_fence_gate":7,"luminousworld:wallleaves":2,"luphieclutteredmod:luphie_pink_trapdoor":8,"luphieclutteredmod:luphie_pink_sink_counter":1,"minecraft:flower_pot":10,"perfectplushies:seal_plushie":1,"luphieclutteredmod:luphie_pink_counter":5,"minecraft:cherry_sign":15,"minecraft:iron_pickaxe":1,"minecraft:birch_stairs":4,"twilightforest:time_planks":12,"blue_skies:frostbright_planks":4,"minecraft:iron_nugget":45,"luphieclutteredmod:luphie_pastel_wall_bookshelf":1,"luphieclutteredmod:luphie_pink_slab":36,"minecraft:bone_meal":81,"minecraft:spruce_fence":6,"minecraft:pink_dye":70,"luphieclutteredmod:pink_flower_shelf":1,"minecraft:lantern":5,"minecraft:cherry_trapdoor":8,"minecraft:dark_oak_fence":6,"twilightforest:twilight_oak_planks":24,"blue_skies:comet_planks":4,"luminousworld:white_oak_plank":896,"minecraft:cherry_stairs":168,"minecraft:stone_pickaxe":1,"shieldsplus:stone_shield":2,"minecraft:spruce_boat":1,"minecraft:dark_oak_planks":12,"luminousworld:autumnplank":4,"luminousworld:white_oak_stairs":220,"variantvanillablocks:cherry_crafting_table":1,"minecraft:iron_shovel":3,"blue_skies:starlit_planks":8,"burnt:burnt_planks":4,"minecraft:brick":6,"luphieclutteredmod:luphie_flowering_yellow_planks":4,"minecraft:oak_planks":64,"minecraft:dark_oak_boat":1,"minecraft:cherry_slab":126,"luphieclutteredmod:luphie_pink_planks":44,"minecraft:bow":1,"luphieclutteredmod:luphie_row_of_small_books":1,"minecraft:chest":8,"luphieclutteredmod:luphie_pink_log":24,"minecraft:stone_hoe":2,"minecraft:stone_bricks":8,"minecraft:cherry_fence":9,"minecraft:arrow":4,"variantvanillablocks:spruce_crafting_table":1,"blue_skies:dusk_planks":4,"minecraft:spruce_planks":176,"minecraft:baked_potato":48,"luphieclutteredmod:luphie_wedding_arch":1,"minecraft:red_wool":2,"minecraft:birch_planks":164,"luphieclutteredmod:luphie_row_of_small_pastel_books":2,"minecraft:string":4,"minecraft:diamond_pickaxe":1,"minecraft:pink_wool":16,"minecraft:stick":124,"minecraft:birch_fence":39,"luphieclutteredmod:luphie_flowering_pink_planks":4,"minecraft:iron_ingot":3,"minecraft:stone_sword":1,"luphieclutteredmod:luphie_darkwood_quilted_sofa":1,"minecraft:shears":1,"luphieclutteredmod:luphie_retro_pink_fridge":1,"minecraft:cherry_planks":1456,"minecraft:stone_brick_wall":6,"luphieclutteredmod:small_pink_shelf":5,"minecraft:leather_boots":1,"luphieclutteredmod:luphie_white_armchair":1,"variantvanillablocks:cherry_barrel":7,"minecraft:glass_pane":96,"luminousworld:white_oak_slab":72,"minecraft:iron_axe":1,"supplementaries:item_shelf":4,"minecraft:stone_axe":1,"minecraft:air":0,"minecraft:blue_dye":5,"cozy_home:cherry_plank":32,"variantvanillablocks:dark_oak_crafting_table":2,"minecraft:blue_wool":2,"minecraft:cherry_door":9,"luphieclutteredmod:luphie_heart_garland":1,"minecraft:clay":1},"minecraft:custom":{"minecraft:interact_with_crafting_table":176,"minecraft:open_barrel":38,"minecraft:bell_ring":6,"minecraft:leave_game":11,"minecraft:time_since_death":217304,"minecraft:damage_blocked_by_shield":305,"minecraft:play_time":779534,"minecraft:deaths":9,"minecraft:jump":9148,"minecraft:interact_with_furnace":39,"minecraft:traded_with_villager":1,"minecraft:sleep_in_bed":52,"minecraft:damage_dealt":11706,"minecraft:interact_with_smoker":7,"minecraft:horse_one_cm":6979,"minecraft:interact_with_smithing_table":1,"minecraft:sneak_time":54817,"minecraft:interact_with_blast_furnace":6,"minecraft:total_world_time":779534,"minecraft:tune_noteblock":14,"minecraft:time_since_rest":4583,"minecraft:swim_one_cm":131339,"minecraft:fly_one_cm":1633805,"minecraft:open_chest":610,"minecraft:fall_one_cm":276411,"minecraft:animals_bred":3,"minecraft:sprint_one_cm":2108136,"minecraft:drop":190,"minecraft:talked_to_villager":7,"minecraft:walk_on_water_one_cm":52323,"minecraft:interact_with_loom":2,"minecraft:crouch_one_cm":153760,"minecraft:mob_kills":49,"minecraft:damage_dealt_resisted":412,"minecraft:climb_one_cm":116495,"minecraft:walk_one_cm":1866742,"minecraft:walk_under_water_one_cm":98590,"minecraft:boat_one_cm":5305,"minecraft:pot_flower":3,"minecraft:damage_taken":11659,"minecraft:minecart_one_cm":2108},"minecraft:used":{"kawaiidishes:expresso_coffee":2,"minecraft:chest":7,"minecraft:stone":3,"luphieclutteredmod:luphie_pink_left_outer_corner_counter":1,"twilightforest:rainbow_oak_sapling":1,"minecraft:spruce_boat":1,"minecraft:grass_block":58,"twilightforest:twilight_oak_planks":1,"minecraft:dark_oak_slab":1,"minecraft:cherry_button":3,"minecraft:cherry_leaves":94,"minecraft:pink_wool":5,"variantvanillablocks:cherry_crafting_table":1,"luphieclutteredmod:luphie_flowering_pink_planks":4,"luphieclutteredmod:luphie_heart_garland":2,"minecraft:bow":4,"minecraft:dark_oak_boat":6,"minecraft:furnace":1,"luphieclutteredmod:small_shelf":1,"luphieclutteredmod:luphie_row_of_small_pastel_books":1,"minecraft:potato":10,"perfectplushies:red_fox_plushie":1,"luminousworld:autumnplank":4,"blue_skies:frostbright_sapling":1,"minecraft:stripped_birch_log":6,"minecraft:leather_chestplate":1,"luphieclutteredmod:luphie_pink_trapdoor":20,"minecraft:clay":1,"naturalist:duck_egg":2,"minecraft:cookie":1,"variantvanillablocks:dark_oak_crafting_table":3,"minecraft:sand":3,"minecraft:blast_furnace":1,"luminousworld:white_oak_slab":40,"minecraft:birch_fence":32,"twilightforest:time_sapling":3,"minecraft:cherry_sign":16,"burnt:burnt_planks":4,"luphieclutteredmod:luphie_pink_cabinet":5,"luphieclutteredmod:luphie_row_of_small_books":3,"minecraft:birch_log":1,"variantvanillablocks:cherry_barrel":6,"perfectplushies:dolphin_plushie":1,"kawaiidishes:black_maid_dress_fox_tail_red":1,"minecraft:stone_sword":113,"refurbished_furniture:light_fridge":2,"blue_skies:stripped_comet_wood":1,"blue_skies:starlit_planks":8,"minecraft:torch":11,"kawaiidishes:piece_of_honey_cheesecake":18,"minecraft:iron_axe":197,"minecraft:cherry_slab":95,"undead_revamp2:huntereye":1,"minecraft:cherry_fence":8,"minecraft:cherry_log":78,"luphieclutteredmod:luphie_flowering_yellow_planks":3,"minecraft:water_bucket":35,"luphieclutteredmod:luphie_wedding_arch":5,"variantvanillablocks:cherry_chest":3,"minecraft:birch_planks":49,"kawaiidishes:black_thigh_highs":1,"minecraft:cherry_planks":692,"luminousworld:white_oak_plank":526,"luminousworld:white_oak_stairs":180,"minecraft:leather_boots":1,"minecraft:white_bed":17,"minecraft:diamond_pickaxe":853,"minecraft:diamond_shovel":444,"shieldsplus:stone_shield":5,"minecraft:iron_pickaxe":436,"minecraft:leather_helmet":1,"minecraft:chiseled_stone_bricks":1,"blue_skies:frostbright_planks":4,"minecraft:cobblestone":35,"perfectplushies:rabbit_plushie":1,"minecraft:cooked_porkchop":1,"minecraft:glass_pane":60,"twilightforest:time_planks":12,"minecraft:iron_shovel":630,"blue_skies:dusk_sapling":1,"minecraft:iron_sword":300,"shieldsplus:iron_shield":9,"minecraft:carrot":4,"luphieclutteredmod:luphie_pink_mini_cabinet":6,"minecraft:glass":3,"variantvanillablocks:spruce_crafting_table":1,"minecraft:lantern":44,"luminousworld:white_oak_sapling":7,"naturalist:butterfly":8,"supplementaries:candy":4,"kawaiidishes:cappuccino_coffee":1,"minecraft:scaffolding":179,"luphieclutteredmod:small_pink_shelf":14,"minecraft:stone_pickaxe":56,"minecraft:blue_bed":5,"minecraft:diamond_axe":914,"minecraft:stone_brick_wall":2,"minecraft:shears":173,"minecraft:birch_fence_gate":3,"burnt:burnt_dirt":1,"minecraft:bread":161,"minecraft:melon_slice":1,"luphieclutteredmod:luphie_pink_sink_counter":1,"minecraft:stripped_cherry_log":4,"minecraft:bone_meal":72,"luphieclutteredmod:luphie_white_armchair":3,"minecraft:experience_bottle":1,"minecraft:spruce_planks":10,"minecraft:stone_hoe":76,"minecraft:dirt":194,"supplementaries:item_shelf":2,"minecraft:dark_oak_planks":1,"luphieclutteredmod:pink_flower_shelf":5,"kawaiidishes:dark_brown_shoes":1,"luphieclutteredmod:luphie_pastel_wall_bookshelf":3,"minecraft:cherry_trapdoor":11,"minecraft:light_gray_bed":1,"blue_skies:dusk_planks":4,"minecraft:cooked_mutton":1,"luminousworld:wallleaves":2,"minecraft:baked_potato":78,"luphieclutteredmod:luphie_retro_pink_fridge":3,"blue_skies:comet_planks":4,"luphieclutteredmod:luphie_pink_slab":4,"minecraft:stripped_dark_oak_log":1,"luminousworld:crimsonbutterflyjar":2,"minecraft:book":14,"luphieclutteredmod:luphie_darkwood_quilted_sofa":2,"luphieclutteredmod:luphie_pink_counter":3,"minecraft:flower_pot":4,"minecraft:black_wool":1,"minecraft:apple":3,"minecraft:cherry_door":6,"kawaiidishes:brown_shoes":1,"minecraft:stone_axe":78,"minecraft:pink_petals":77,"luminousworld:trout":1,"minecraft:cherry_stairs":140,"minecraft:bucket":37,"minecraft:pumpkin_pie":1,"minecraft:birch_stairs":3}},"DataVersion":3465}