{"stats":{"minecraft:picked_up":{"luphieclutteredmod:luphie_small_filled_jars_c":1,"minecraft:iron_chestplate":5,"kawaiidishes:brown_headband_fox_ears_brown":4,"minecraft:flower_pot":5,"minecraft:anvil":1,"minecraft:lead":39,"minecraft:diamond_sword":4,"refurbished_furniture:cherry_crate":2,"kawaiidishes:black_headband_fox_ears_white":7,"perfectplushies:frog_plushie":2,"minecraft:golden_sword":1,"minecraft:amethyst_block":64,"minecraft:polished_blackstone_brick_stairs":7,"minecraft:string":56,"minecraft:dark_oak_trapdoor":4,"minecraft:cooked_salmon":2,"blue_skies:frostbright_log":2,"minecraft:shroomlight":1,"minecraft:diamond_leggings":4,"minecraft:gold_nugget":49,"minecraft:cobbled_deepslate":1,"minecraft:spruce_planks":181,"kawaiidishes:cocoa_powder":15,"perfectplushies:dolphin_plushie":8,"variantvanillablocks:cherry_chest":13,"minecraft:melon_slice":1,"luphieclutteredmod:luphie_blank_paper_pile":1,"kawaiidishes:roasted_cocoa_beans":13,"minecraft:polished_blackstone_brick_slab":1,"minecraft:beehive":1,"luminousworld:auburnlog":1,"minecraft:jukebox":2,"minecraft:pink_carpet":12,"kawaiidishes:coffee_machine":3,"minecraft:cherry_log":705,"minecraft:warped_planks":25,"minecraft:cyan_stained_glass_pane":8,"minecraft:cauldron":3,"luminousworld:grassflowers":2,"minecraft:stone_sword":6,"luphieclutteredmod:luphie_bunny_garland":5,"minecraft:light_gray_bed":1,"luphieclutteredmod:luphie_pink_slab":34,"burnt:burnt_log":1,"perfectplushies:cat_plushie":1,"kawaiidishes:black_headband_fox_ears_red":1,"minecraft:blue_dye":4,"supplementaries:ash":4,"supplementaries:quiver":1,"luminousworld:far_lands":1,"minecraft:iron_bars":1,"minecraft:snowball":2,"minecraft:birch_log":53,"minecraft:feather":4,"minecraft:cherry_leaves":140,"minecraft:water_bucket":4,"supplementaries:candy":8,"perfectplushies:dumbo_blob_plushie":1,"minecraft:dark_oak_boat":6,"kawaiidishes:coffee_powder":4,"luphieclutteredmod:luphie_flowering_pink_log":1,"twilightforest:sorting_sapling":1,"minecraft:flint":6,"luminousworld:purple_petunias":2,"minecraft:cherry_door":10,"minecraft:lantern":225,"kawaiidishes:black_thigh_highs":8,"minecraft:warped_hyphae":16,"minecraft:dark_oak_sign":1,"blue_skies:stripped_comet_wood":1,"minecraft:rabbit":13,"minecraft:diamond_helmet":2,"minecraft:glowstone_dust":94,"kawaiidishes:red_thigh_highs":3,"minecraft:chiseled_polished_blackstone":1,"minecraft:stripped_spruce_log":7,"kawaiidishes:black_maid_dress_fox_tail_red":7,"perfectplushies:rabbit_plushie":3,"minecraft:barrel":5,"naturalist:duck_egg":2,"minecraft:polished_andesite":1,"luphieclutteredmod:luphie_antique_lamp":1,"minecraft:snout_armor_trim_smithing_template":1,"luminousworld:yellowpetunias":6,"minecraft:writable_book":5,"minecraft:granite":6,"shieldsplus:iron_shield":4,"minecraft:golden_horse_armor":1,"minecraft:bread":344,"kawaiidishes:white_thigh_highs":1,"minecraft:jack_o_lantern":1,"minecraft:cherry_slab":47,"minecraft:light_gray_carpet":4,"minecraft:crimson_roots":11,"minecraft:diamond_pickaxe":5,"luminousworld:groundpebbles_1":1,"minecraft:crafting_table":3,"minecraft:coarse_dirt":1,"luphieclutteredmod:luphie_pink_mini_cabinet":8,"variantvanillablocks:cherry_crafting_table":1,"minecraft:clay_ball":104,"shieldsplus:wooden_shield":2,"luminousworld:trout":1,"minecraft:stripped_cherry_log":22,"minecraft:cornflower":14,"minecraft:red_bed":1,"minecraft:flint_and_steel":1,"minecraft:white_carpet":6,"minecraft:glass_pane":7,"luphieclutteredmod:luphie_flowering_yellow_planks":3,"minecraft:stripped_warped_stem":10,"minecraft:music_disc_otherside":1,"minecraft:poppy":1,"minecraft:iron_nugget":45,"minecraft:cherry_button":3,"refurbished_furniture:cherry_storage_cabinet":14,"minecraft:birch_sapling":3,"minecraft:chest":11,"luphieclutteredmod:luphie_darkwood_quilted_sofa":1,"minecraft:egg":1,"minecraft:stone":14,"luminousworld:blue_petunias":1,"kawaiidishes:dark_brown_shoes":7,"luphieclutteredmod:luphie_wedding_arch":6,"minecraft:spruce_fence":7,"minecraft:fire_charge":4,"minecraft:carrot":94,"minecraft:redstone":34,"minecraft:blue_carpet":1,"luminousworld:decorative_brown_mushroom_1":2,"minecraft:diamond_chestplate":2,"blue_skies:dusk_sapling":4,"minecraft:cooked_cod":25,"minecraft:peony":6,"minecraft:shears":2,"minecraft:diamond_boots":2,"burnt:smoldering_log_start":4,"minecraft:hay_block":193,"variantvanillablocks:oak_grindstone":1,"minecraft:gold_ingot":97,"minecraft:polished_blackstone":7,"luphieclutteredmod:luphie_plant_jar":2,"minecraft:white_wool":209,"minecraft:bone_block":5,"luphieclutteredmod:pink_flower_shelf":4,"luphieclutteredmod:luphie_pastel_wall_bookshelf":4,"minecraft:oak_log":84,"luphieclutteredmod:luphie_scattered_papers":1,"minecraft:lily_pad":22,"minecraft:ancient_debris":1,"minecraft:golden_boots":1,"minecraft:blue_bed":5,"minecraft:paper":1,"minecraft:white_banner":3,"minecraft:apple":13,"minecraft:stone_bricks":13,"minecraft:kelp":135,"minecraft:stone_pickaxe":1,"kawaiidishes:coffee_fruit":21,"minecraft:cherry_sign":20,"naturalist:bug_net":1,"minecraft:glass_bottle":1,"minecraft:iron_sword":4,"twilightforest:mangrove_sapling":2,"kawaiidishes:roasted_coffee_beans":2,"shieldsplus:stone_shield":4,"minecraft:milk_bucket":5,"minecraft:dark_oak_slab":1,"blue_skies:crescent_fruit_sapling":1,"luphieclutteredmod:luphie_pink_trapdoor":27,"minecraft:sweet_berries":55,"minecraft:gravel":40,"refurbished_furniture:workbench":2,"minecraft:spruce_sapling":1,"luphieclutteredmod:luphie_row_of_small_books":3,"minecraft:spruce_log":79,"perfectplushies:seal_plushie":2,"minecraft:crying_obsidian":7,"blue_skies:starlit_log":2,"minecraft:leather_helmet":2,"minecraft:diamond_shovel":5,"minecraft:slime_ball":10,"minecraft:polished_diorite":4,"minecraft:stone_axe":5,"undead_revamp2:beespheromones":4,"minecraft:diamond_axe":7,"minecraft:painting":37,"minecraft:polished_blackstone_brick_wall":27,"minecraft:baked_potato":159,"minecraft:stripped_dark_oak_log":4,"minecraft:pink_dye":36,"minecraft:hopper":6,"twilightforest:time_sapling":3,"minecraft:wheat":6,"minecraft:black_carpet":3,"minecraft:potion":6,"seadwellers:aquamarine":1,"minecraft:nether_brick":3,"cozy_home:cherry_grandfather_clock":16,"minecraft:crimson_planks":54,"luminousworld:crimsonbutterflyjar":1,"minecraft:iron_leggings":2,"minecraft:armor_stand":1,"minecraft:experience_bottle":2,"kawaiidishes:expresso_coffee":1,"luphieclutteredmod:luphie_pink_planks":25,"minecraft:bucket":18,"minecraft:red_dye":15,"refurbished_furniture:cherry_table":23,"minecraft:calcite":113,"minecraft:iron_pickaxe":9,"kawaiidishes:piece_of_honey_cheesecake":57,"minecraft:furnace":5,"blue_skies:dusk_log":5,"minecraft:tipped_arrow":1,"minecraft:stick":87,"minecraft:torch":190,"minecraft:porkchop":39,"shieldsplus:diamond_shield":2,"minecraft:rotten_flesh":52,"minecraft:obsidian":2,"undead_revamp2:arapholia":2,"minecraft:cobblestone":1448,"paraglider:paraglider":4,"minecraft:enchanting_table":1,"minecraft:pink_petals":1547,"blue_skies:crescent_fruit":3,"minecraft:leather_chestplate":1,"minecraft:cherry_planks":252,"minecraft:lilac":5,"minecraft:magma_cream":3,"twilightforest:twilight_oak_log":6,"luphieclutteredmod:stripped_luphie_flowering_log":1,"minecraft:potato":220,"supplementaries:item_shelf":6,"paraglider:spirit_orb":27,"luphieclutteredmod:luphie_heart_cake":2,"supplementaries:flute":1,"undead_revamp2:huntereye":1,"minecraft:wither_skeleton_skull":1,"minecraft:dirt":1176,"minecraft:lapis_lazuli":33,"minecraft:stripped_birch_log":17,"minecraft:leather_boots":3,"minecraft:glass":34,"minecraft:bone":166,"minecraft:acacia_planks":6,"minecraft:bow":5,"minecraft:wheat_seeds":261,"luminousworld:white_oak_stairs":6,"luminousworld:white_oak_slab":94,"perfectplushies:bear_plushie":1,"minecraft:raw_gold":25,"minecraft:bamboo":66,"minecraft:oak_planks":8,"minecraft:stone_hoe":2,"kawaiidishes:mug":12,"minecraft:mossy_stone_brick_stairs":1,"minecraft:cooked_porkchop":32,"luphieclutteredmod:luphie_retro_pink_fridge":3,"minecraft:sand":13,"minecraft:dead_bush":1,"minecraft:jungle_slab":2,"minecraft:spectral_arrow":42,"luminousworld:amethyst_disc":1,"luphieclutteredmod:luphie_flowering_pink_planks":4,"minecraft:spruce_fence_gate":3,"minecraft:sugar":11,"minecraft:diamond":44,"luminousworld:king_crab_plaque":3,"minecraft:spruce_boat":2,"minecraft:cracked_polished_blackstone_bricks":19,"minecraft:bone_meal":80,"minecraft:golden_apple":18,"minecraft:white_concrete":132,"kawaiidishes:piece_of_cheesecake":9,"minecraft:emerald":46,"minecraft:netherrack":354,"minecraft:cocoa_beans":30,"undead_revamp2:bostroxingot":4,"minecraft:charcoal":4,"luminousworld:wallleaves":2,"minecraft:splash_potion":1,"minecraft:ladder":1,"refurbished_furniture:cherry_chair":11,"refurbished_furniture:light_fridge":2,"minecraft:pink_wool":37,"luminousworld:jar":1,"minecraft:moss_carpet":3,"minecraft:iron_axe":1,"variantvanillablocks:spruce_crafting_table":2,"minecraft:item_frame":4,"minecraft:birch_fence":16,"minecraft:blackstone":92,"kawaiidishes:honey_cookie":1,"minecraft:blue_orchid":1,"minecraft:candle":5,"luphieclutteredmod:luphie_retro_cafe_shelf":1,"refurbished_furniture:light_electricity_generator":2,"minecraft:tinted_glass":3,"minecraft:sugar_cane":12,"luminousworld:white_oak_plank":78,"minecraft:cherry_trapdoor":5,"kawaiidishes:piece_of_cake":3,"minecraft:dark_oak_sapling":3,"minecraft:raw_iron":64,"minecraft:cherry_stairs":78,"cozy_home:cherry_drawer":1,"perfectplushies:red_fox_plushie":3,"minecraft:copper_ingot":2,"minecraft:polished_blackstone_bricks":70,"luphieclutteredmod:luphie_heart_garland":1,"luphieclutteredmod:small_shelf":2,"minecraft:cookie":1,"minecraft:stone_pressure_plate":1,"minecraft:dark_oak_planks":103,"luminousworld:white_oak_sapling":13,"minecraft:arrow":21,"minecraft:weeping_vines":2,"minecraft:pumpkin_pie":1,"minecraft:jungle_stairs":1,"luphieclutteredmod:luphie_pink_cabinet":2,"minecraft:saddle":3,"refurbished_furniture:cherry_light_ceiling_fan":2,"blue_skies:dusk_leaves":38,"minecraft:leather":39,"minecraft:birch_planks":330,"minecraft:crimson_fungus":1,"kawaiidishes:brown_shoes":1,"minecraft:nether_wart_block":3,"luphieclutteredmod:luphie_white_armchair":6,"minecraft:cooked_mutton":1,"minecraft:gray_carpet":5,"minecraft:rabbit_hide":3,"minecraft:iron_ingot":29,"luphieclutteredmod:small_pink_shelf":14,"blue_skies:frostbright_sapling":1,"minecraft:soul_sand":3,"minecraft:green_dye":2,"minecraft:book":121,"minecraft:scaffolding":255,"minecraft:pink_bed":4,"refurbished_furniture:cherry_desk":6,"luphieclutteredmod:luphie_plated_croissant":2,"minecraft:chiseled_stone_bricks":1,"minecraft:quartz":491,"minecraft:dandelion":5,"minecraft:lava_bucket":1,"twilightforest:time_log":3,"burnt:burnt_dirt":12,"minecraft:blast_furnace":1,"minecraft:white_bed":23,"minecraft:spider_eye":3,"luminousworld:whiteoaklog":67,"variantvanillablocks:dark_oak_crafting_table":4,"minecraft:pumpkin_seeds":4,"luphieclutteredmod:luphie_orange_cat_plant_pot":3,"burnt:smoldering_log":8,"minecraft:cherry_sapling":43,"minecraft:terracotta":56,"minecraft:black_wool":1,"minecraft:coal":590},"minecraft:crafted":{"luphieclutteredmod:luphie_pink_cabinet":5,"minecraft:red_stained_glass_pane":8,"luphieclutteredmod:luphie_pink_mini_cabinet":4,"minecraft:pink_bed":2,"variantvanillablocks:cherry_chest":72,"refurbished_furniture:knife":1,"variantvanillablocks:cherry_bookshelf":16,"cozy_home:cherry_grandfather_clock":1,"minecraft:glass":46,"minecraft:cyan_stained_glass_pane":8,"refurbished_furniture:cherry_cutting_board":1,"luphieclutteredmod:luphie_pink_left_outer_corner_counter":1,"minecraft:birch_fence_gate":7,"refurbished_furniture:cherry_storage_cabinet":2,"luminousworld:wallleaves":2,"luphieclutteredmod:luphie_pink_trapdoor":12,"luphieclutteredmod:luphie_pink_sink_counter":1,"minecraft:flower_pot":10,"luphieclutteredmod:luphie_retro_cafe_shelf":1,"perfectplushies:seal_plushie":1,"minecraft:cooked_porkchop":2,"luphieclutteredmod:luphie_pink_counter":8,"minecraft:clock":1,"minecraft:painting":2,"refurbished_furniture:cherry_table":10,"minecraft:cherry_sign":15,"minecraft:iron_pickaxe":1,"refurbished_furniture:light_lightswitch":1,"minecraft:gold_ingot":1,"minecraft:spruce_fence_gate":1,"refurbished_furniture:cherry_desk":4,"minecraft:birch_stairs":4,"twilightforest:time_planks":12,"blue_skies:frostbright_planks":4,"minecraft:iron_nugget":45,"luphieclutteredmod:luphie_pastel_wall_bookshelf":1,"luphieclutteredmod:luphie_pink_slab":36,"minecraft:bone_meal":99,"minecraft:spruce_fence":9,"minecraft:pink_dye":70,"luphieclutteredmod:pink_flower_shelf":1,"minecraft:white_carpet":18,"minecraft:cherry_trapdoor":8,"minecraft:lantern":5,"minecraft:dark_oak_fence":6,"cozy_home:cherry_drawer":2,"twilightforest:twilight_oak_planks":24,"blue_skies:comet_planks":4,"minecraft:ladder":24,"luminousworld:white_oak_plank":896,"minecraft:cherry_stairs":200,"luphieclutteredmod:luphie_pink_record_player":1,"minecraft:stone_pickaxe":1,"luphieclutteredmod:luphie_empty_small_jars":1,"minecraft:spruce_boat":1,"luphieclutteredmod:luphie_yellow_notepad":1,"shieldsplus:stone_shield":2,"minecraft:dark_oak_planks":12,"luminousworld:autumnplank":4,"luminousworld:white_oak_stairs":220,"variantvanillablocks:cherry_crafting_table":1,"luphieclutteredmod:luphie_ham_sandwich":2,"minecraft:iron_shovel":3,"luphieclutteredmod:luphie_bunny_garland":8,"blue_skies:starlit_planks":8,"luphieclutteredmod:luphie_small_filled_jars_c":1,"burnt:burnt_planks":4,"minecraft:brick":6,"luphieclutteredmod:luphie_flowering_yellow_planks":4,"minecraft:oak_planks":64,"minecraft:dark_oak_boat":1,"minecraft:cherry_slab":162,"minecraft:pink_carpet":15,"luphieclutteredmod:luphie_pink_planks":72,"minecraft:warped_planks":24,"luphieclutteredmod:luphie_plant_jar":1,"refurbished_furniture:pink_grill":1,"luphieclutteredmod:luphie_row_of_small_books":1,"minecraft:bow":1,"minecraft:chest":8,"luphieclutteredmod:luphie_pink_log":24,"refurbished_furniture:cherry_storage_jar":1,"minecraft:stone_hoe":2,"minecraft:stone_bricks":8,"minecraft:cherry_fence":9,"minecraft:golden_boots":2,"minecraft:arrow":4,"blue_skies:dusk_planks":12,"variantvanillablocks:spruce_crafting_table":1,"minecraft:spruce_planks":236,"minecraft:baked_potato":48,"luphieclutteredmod:luphie_antique_lamp":1,"luphieclutteredmod:luphie_wedding_arch":1,"minecraft:red_wool":2,"minecraft:birch_planks":184,"luphieclutteredmod:luphie_row_of_small_pastel_books":2,"minecraft:string":4,"minecraft:diamond_pickaxe":1,"minecraft:pink_wool":16,"minecraft:stick":164,"luphieclutteredmod:luphie_flowering_pink_planks":4,"minecraft:birch_fence":54,"minecraft:iron_ingot":25,"minecraft:stone_sword":1,"luphieclutteredmod:luphie_pancake_stack":1,"luphieclutteredmod:luphie_darkwood_quilted_sofa":1,"luphieclutteredmod:luphie_heart_cake":1,"minecraft:shears":1,"luphieclutteredmod:luphie_retro_pink_fridge":1,"minecraft:cherry_planks":2532,"minecraft:stone_brick_wall":6,"luphieclutteredmod:small_pink_shelf":5,"minecraft:leather_boots":1,"refurbished_furniture:cherry_light_ceiling_fan":1,"minecraft:furnace":2,"luphieclutteredmod:luphie_white_armchair":1,"variantvanillablocks:cherry_barrel":7,"minecraft:glass_pane":96,"luminousworld:white_oak_slab":72,"refurbished_furniture:cherry_chair":4,"minecraft:iron_axe":1,"luphieclutteredmod:plant_ladder":1,"minecraft:cooked_beef":16,"supplementaries:item_shelf":4,"minecraft:cyan_dye":2,"luphieclutteredmod:luphie_plated_croissant":1,"luphieclutteredmod:luphie_empty_plate":5,"minecraft:stone_axe":1,"minecraft:air":0,"minecraft:blue_dye":8,"cozy_home:cherry_plank":32,"minecraft:white_dye":8,"refurbished_furniture:cherry_mail_box":1,"refurbished_furniture:cherry_crate":2,"variantvanillablocks:dark_oak_crafting_table":2,"minecraft:blue_wool":2,"minecraft:cherry_door":9,"luphieclutteredmod:luphie_heart_garland":1,"minecraft:torch":96,"minecraft:clay":1},"minecraft:dropped":{"minecraft:porkchop":2,"burnt:smoldering_log_start":2,"minecraft:glass_bottle":2,"minecraft:cooked_porkchop":6,"minecraft:weeping_vines":2,"minecraft:saddle":1,"minecraft:leather_helmet":1,"supplementaries:lapis_bricks":1,"minecraft:item_frame":3,"minecraft:emerald":1,"minecraft:dirt":131,"kawaiidishes:white_thigh_highs":1,"minecraft:jack_o_lantern":1,"minecraft:cherry_leaves":1,"minecraft:gold_nugget":5,"minecraft:bone_meal":10,"minecraft:bone_block":5,"minecraft:iron_pickaxe":1,"minecraft:sugar":10,"minecraft:dark_oak_planks":19,"minecraft:bone":117,"undead_revamp2:huntereye":1,"minecraft:iron_nugget":14,"minecraft:tinted_glass":3,"minecraft:nether_brick":3,"seadwellers:aquamarine":1,"minecraft:pink_dye":35,"minecraft:birch_sapling":1,"minecraft:wheat":1,"blue_skies:dusk_log":2,"minecraft:obsidian":2,"minecraft:rotten_flesh":18,"minecraft:oak_planks":3,"minecraft:white_bed":2,"minecraft:warped_planks":24,"luphieclutteredmod:luphie_flowering_yellow_planks":4,"minecraft:tipped_arrow":1,"minecraft:jungle_stairs":1,"minecraft:painting":1,"minecraft:crying_obsidian":5,"minecraft:golden_boots":1,"minecraft:iron_ingot":24,"blue_skies:dusk_planks":4,"minecraft:wheat_seeds":53,"minecraft:polished_blackstone":6,"minecraft:cobblestone":91,"minecraft:book":58,"minecraft:apple":8,"variantvanillablocks:oak_grindstone":1,"minecraft:golden_apple":6,"minecraft:oxeye_daisy":1,"minecraft:lava_bucket":1,"minecraft:jungle_slab":2,"kawaiidishes:piece_of_honey_cheesecake":9,"kawaiidishes:black_headband_fox_ears_red":1,"minecraft:rabbit":1,"minecraft:cherry_planks":43,"twilightforest:twilight_oak_planks":23,"minecraft:potion":4,"shieldsplus:stone_shield":1,"minecraft:paper":1,"minecraft:string":31,"minecraft:lily_pad":20,"minecraft:moss_carpet":3,"luphieclutteredmod:luphie_pink_slab":3,"minecraft:stone_sword":1,"kawaiidishes:cocoa_powder":10,"minecraft:spruce_fence":7,"minecraft:diamond_sword":2,"kawaiidishes:mug":7,"supplementaries:quiver":1,"minecraft:hay_block":49,"minecraft:spruce_boat":2,"minecraft:flower_pot":4,"minecraft:peony":6,"minecraft:spruce_planks":178,"minecraft:diamond_pickaxe":2,"burnt:smoldering_log":4,"minecraft:bow":3,"luminousworld:blue_petunias":1,"luphieclutteredmod:luphie_flowering_pink_planks":4,"minecraft:terracotta":56,"minecraft:diamond_axe":2,"luminousworld:yellowpetunias":6,"perfectplushies:dolphin_plushie":1,"minecraft:lantern":1,"minecraft:leather":20,"minecraft:polished_blackstone_brick_wall":17,"paraglider:spirit_orb":3,"minecraft:cracked_polished_blackstone_bricks":12,"minecraft:cornflower":7,"minecraft:crimson_roots":7,"minecraft:cooked_cod":25,"minecraft:snowball":2,"kawaiidishes:black_thigh_highs":2,"minecraft:polished_blackstone_bricks":32,"kawaiidishes:dark_brown_shoes":1,"paraglider:paraglider":2,"minecraft:gold_ingot":2,"minecraft:gravel":10,"minecraft:crimson_fungus":1,"minecraft:blackstone":52,"minecraft:music_disc_otherside":1,"minecraft:diamond_shovel":2,"luphieclutteredmod:luphie_pink_trapdoor":5,"perfectplushies:red_panda_plushie":1,"minecraft:leather_chestplate":1,"supplementaries:ash":1,"kawaiidishes:cappuccino_coffee":1,"supplementaries:item_shelf":4,"minecraft:iron_bars":1,"minecraft:scaffolding":1,"minecraft:quartz":13,"luphieclutteredmod:luphie_pastel_wall_bookshelf":1,"minecraft:splash_potion":1,"minecraft:netherrack":58,"minecraft:stone_hoe":1,"minecraft:water_bucket":4,"minecraft:bread":89,"minecraft:cherry_log":50,"minecraft:diamond_leggings":3,"luminousworld:amethyst_disc":1,"luminousworld:far_lands":1,"luminousworld:decorative_brown_mushroom_1":2,"kawaiidishes:latte_coffee":1,"minecraft:stick":4,"minecraft:spruce_fence_gate":2,"kawaiidishes:coffee_fruit":8,"minecraft:brewing_stand":2,"minecraft:torch":1,"minecraft:nether_wart_block":3,"minecraft:white_concrete":2,"minecraft:fire_charge":1,"minecraft:iron_leggings":1,"minecraft:pink_petals":95,"minecraft:bucket":3,"minecraft:dandelion":1,"perfectplushies:geode_plushie":1,"luphieclutteredmod:luphie_pink_planks":20,"minecraft:polished_diorite":1,"minecraft:anvil":12,"minecraft:kelp":60,"minecraft:coarse_dirt":1,"minecraft:raw_iron":18,"luphieclutteredmod:luphie_row_of_small_books":1,"minecraft:wither_skeleton_skull":1,"luminousworld:king_crab_plaque":3,"minecraft:glass_pane":7,"undead_revamp2:bostroxingot":4,"luminousworld:white_oak_slab":1,"kawaiidishes:expresso_coffee":1,"minecraft:golden_sword":1,"luphieclutteredmod:small_pink_shelf":2,"minecraft:magma_cream":3,"kawaiidishes:black_headband_fox_ears_white":1,"luminousworld:purple_petunias":1,"supplementaries:candy":4,"luphieclutteredmod:luphie_pink_mini_cabinet":4},"minecraft:mined":{"minecraft:dark_oak_planks":1,"luphieclutteredmod:luphie_antique_lamp":1,"perfectplushies:bear_plushie":1,"minecraft:white_bed":18,"minecraft:pink_bed":5,"minecraft:cherry_log":594,"minecraft:potted_dead_bush":1,"minecraft:granite":6,"luphieclutteredmod:luphie_darkwood_quilted_sofa":1,"minecraft:light_gray_bed":1,"minecraft:red_stained_glass_pane":7,"minecraft:weeping_vines_plant":2,"minecraft:polished_blackstone_bricks":32,"luphieclutteredmod:luphie_orange_cat_plant_pot":3,"minecraft:dark_oak_trapdoor":4,"minecraft:fire":18,"minecraft:barrel":5,"luphieclutteredmod:luphie_pastel_wall_bookshelf":3,"luphieclutteredmod:luphie_pink_slab":4,"luphieclutteredmod:luphie_retro_cafe_shelf":1,"minecraft:moss_carpet":1,"minecraft:deepslate_lapis_ore":2,"twilightforest:time_log":3,"minecraft:enchanting_table":1,"minecraft:dirt_path":10,"amendments:wall_lantern":2,"luphieclutteredmod:luphie_flowering_pink_planks":4,"blue_skies:dusk_log":6,"kawaiidishes:coffee_machine":3,"blue_skies:dusk_planks":2,"minecraft:white_banner":1,"luphieclutteredmod:luphie_retro_pink_fridge":3,"minecraft:tripwire":4,"luminousworld:wallleaves":2,"variantvanillablocks:cherry_crafting_table":1,"minecraft:red_bed":1,"minecraft:crimson_nylium":27,"minecraft:blue_stained_glass":2,"perfectplushies:cat_plushie":1,"minecraft:torch":46,"minecraft:glass":3,"minecraft:cherry_slab":35,"twilightforest:time_sapling":2,"minecraft:tinted_glass":2,"perfectplushies:red_fox_plushie":1,"minecraft:wheat":24,"minecraft:jukebox":2,"supplementaries:lapis_bricks":1,"minecraft:grass":216,"luminousworld:grassvariant_3":19,"luphieclutteredmod:pink_flower_shelf":4,"minecraft:stripped_birch_log":17,"luminousworld:white_oak_sapling":1,"minecraft:spruce_fence":2,"minecraft:crimson_roots":8,"kawaiidishes:coffee_bush":1,"luminousworld:grassvariant_2":18,"minecraft:pink_wool":5,"burnt:smoldering_grass":17,"burnt:burnt_grass":2,"luphieclutteredmod:luphie_row_of_small_books":3,"refurbished_furniture:cherry_table":23,"minecraft:mossy_stone_brick_stairs":1,"minecraft:potatoes":46,"blue_skies:crescent_fruit":3,"variantvanillablocks:spruce_crafting_table":1,"luminousworld:groundpebbles_2":1,"minecraft:glass_pane":3,"minecraft:cherry_planks":95,"minecraft:soul_sand":1,"luphieclutteredmod:small_shelf":1,"blue_skies:starlit_log":2,"minecraft:polished_blackstone_brick_wall":1,"minecraft:dandelion":8,"minecraft:cornflower":10,"minecraft:emerald_ore":2,"supplementaries:item_shelf":2,"luminousworld:auburnlog":2,"luphieclutteredmod:luphie_flowering_pink_log":1,"luminousworld:grassflowers":2,"minecraft:tall_grass":41,"minecraft:deepslate_gold_ore":5,"luphieclutteredmod:small_pink_shelf":12,"luminousworld:whiteoaklog":69,"minecraft:coarse_dirt":4,"luphieclutteredmod:luphie_pink_mini_cabinet":4,"perfectplushies:dolphin_plushie":3,"minecraft:white_carpet":4,"minecraft:spruce_log":15,"minecraft:birch_leaves":5,"variantvanillablocks:cherry_chest":13,"luphieclutteredmod:luphie_heart_garland":1,"minecraft:gravel":32,"minecraft:cobweb":13,"minecraft:spruce_fence_gate":1,"minecraft:stone_bricks":3,"minecraft:deepslate_emerald_ore":1,"minecraft:spruce_planks":1,"minecraft:stone_pressure_plate":1,"luminousworld:yellowpetunias":3,"minecraft:jungle_slab":1,"minecraft:potted_blue_orchid":1,"minecraft:cave_vines_plant":1,"refurbished_furniture:cherry_desk":6,"minecraft:grass_block":623,"minecraft:cracked_polished_blackstone_bricks":6,"minecraft:polished_diorite":2,"minecraft:gilded_blackstone":3,"minecraft:glowstone":14,"minecraft:iron_ore":51,"minecraft:anvil":1,"burnt:burnt_log":1,"supplementaries:stick":1,"minecraft:iron_bars":1,"luphieclutteredmod:luphie_flowering_yellow_planks":3,"minecraft:deepslate_redstone_ore":8,"luphieclutteredmod:luphie_heart_cake":2,"luphieclutteredmod:luphie_pink_cabinet":2,"minecraft:blackstone":7,"luphieclutteredmod:luphie_blank_paper_pile":1,"luminousworld:purple_petunias":2,"minecraft:clay":10,"minecraft:jungle_stairs":1,"minecraft:chest":5,"twilightforest:twilight_oak_log":6,"minecraft:nether_quartz_ore":239,"minecraft:cobblestone":11,"luphieclutteredmod:luphie_small_filled_jars_c":1,"minecraft:oak_planks":2,"minecraft:wall_torch":21,"minecraft:cauldron":3,"minecraft:pink_petals":364,"variantvanillablocks:dark_oak_crafting_table":2,"minecraft:nether_wart_block":3,"minecraft:birch_log":48,"minecraft:cherry_door":7,"refurbished_furniture:light_electricity_generator":2,"minecraft:oak_log":41,"minecraft:sand":8,"minecraft:dirt":306,"minecraft:netherrack":242,"minecraft:oak_leaves":4,"amendments:carpet_stairs":2,"minecraft:nether_gold_ore":6,"luminousworld:groundpebbles_1":1,"minecraft:pink_carpet":12,"blue_skies:frostbright_log":2,"minecraft:candle":2,"minecraft:deepslate_diamond_ore":4,"luminousworld:grassvariant_4":8,"luminousworld:blue_petunias":1,"minecraft:stripped_cherry_log":19,"minecraft:ladder":1,"luphieclutteredmod:luphie_wedding_arch":6,"seadwellers:aquamarine_crystal":1,"luminousworld:decorative_brown_mushroom_1":2,"luminousworld:blackberrybush":1,"minecraft:spruce_leaves":2,"luminousworld:white_oak_plank":64,"minecraft:crimson_stem":1,"blue_skies:dusk_leaves":46,"minecraft:hay_block":76,"luphieclutteredmod:luphie_plated_croissant":2,"luphieclutteredmod:luphie_pink_planks":5,"minecraft:furnace":5,"minecraft:carrots":13,"perfectplushies:rabbit_plushie":1,"cozy_home:cherry_drawer":1,"minecraft:stripped_spruce_log":7,"minecraft:peony":3,"minecraft:gold_block":1,"minecraft:bookshelf":11,"refurbished_furniture:cherry_crate":2,"minecraft:shroomlight":1,"minecraft:deepslate_iron_ore":6,"luminousworld:snowgrass":2,"minecraft:lantern":10,"refurbished_furniture:cherry_storage_cabinet":14,"luminousworld:crimsonbutterflyjar":2,"minecraft:stone":1208,"minecraft:cherry_stairs":36,"variantvanillablocks:oak_grindstone":1,"luphieclutteredmod:luphie_plant_jar":2,"luphieclutteredmod:stripped_luphie_flowering_log":1,"supplementaries:book_pile_horizontal":5,"minecraft:scaffolding":114,"luminousworld:white_oak_stairs":8,"twilightforest:mangrove_sapling":1,"minecraft:stripped_dark_oak_log":3,"refurbished_furniture:light_fridge":2,"luphieclutteredmod:luphie_pink_trapdoor":22,"minecraft:crafting_table":2,"minecraft:deepslate_coal_ore":5,"minecraft:blue_bed":5,"refurbished_furniture:workbench":2,"minecraft:birch_planks":26,"minecraft:beehive":1,"minecraft:ice":1,"luminousworld:white_oak_slab":13,"refurbished_furniture:cherry_chair":11,"cozy_home:cherry_grandfather_clock":9,"minecraft:coal_ore":80,"minecraft:cherry_leaves":268,"minecraft:end_rod":1,"minecraft:flower_pot":2,"blue_skies:stripped_comet_wood":1,"burnt:smoldering_log":1,"luphieclutteredmod:luphie_white_armchair":3,"luphieclutteredmod:luphie_bunny_garland":5,"minecraft:polished_andesite":2,"refurbished_furniture:cherry_light_ceiling_fan":2,"minecraft:birch_fence":5},"minecraft:custom":{"minecraft:interact_with_crafting_table":251,"minecraft:open_barrel":86,"minecraft:bell_ring":6,"minecraft:leave_game":23,"minecraft:time_since_death":26493,"minecraft:damage_blocked_by_shield":525,"minecraft:play_time":1246901,"minecraft:deaths":10,"minecraft:jump":12031,"minecraft:enchant_item":4,"minecraft:interact_with_furnace":69,"minecraft:traded_with_villager":1,"minecraft:sleep_in_bed":72,"minecraft:damage_dealt":13087,"minecraft:interact_with_smoker":12,"minecraft:horse_one_cm":6979,"minecraft:interact_with_smithing_table":1,"minecraft:sneak_time":84457,"minecraft:interact_with_blast_furnace":6,"minecraft:total_world_time":1246901,"minecraft:tune_noteblock":14,"minecraft:interact_with_stonecutter":1,"minecraft:time_since_rest":2816,"minecraft:swim_one_cm":144975,"minecraft:fly_one_cm":2007591,"minecraft:open_chest":1224,"minecraft:fall_one_cm":345928,"minecraft:animals_bred":3,"minecraft:sprint_one_cm":2971109,"minecraft:drop":359,"minecraft:talked_to_villager":7,"minecraft:walk_on_water_one_cm":59539,"minecraft:interact_with_loom":2,"minecraft:crouch_one_cm":230889,"minecraft:mob_kills":67,"minecraft:damage_dealt_resisted":487,"minecraft:climb_one_cm":174714,"minecraft:walk_one_cm":2832494,"minecraft:walk_under_water_one_cm":135778,"minecraft:boat_one_cm":5305,"minecraft:pot_flower":3,"minecraft:damage_taken":15212,"minecraft:damage_absorbed":79,"minecraft:minecart_one_cm":2108},"minecraft:broken":{"minecraft:golden_boots":1,"minecraft:diamond_pickaxe":1,"minecraft:iron_shovel":2},"minecraft:used":{"refurbished_furniture:cherry_cutting_board":1,"luphieclutteredmod:luphie_retro_cafe_shelf":2,"minecraft:ladder":10,"kawaiidishes:expresso_coffee":2,"refurbished_furniture:cherry_table":29,"minecraft:chest":7,"minecraft:stone":3,"minecraft:soul_sand":3,"cozy_home:cherry_grandfather_clock":9,"luphieclutteredmod:luphie_pink_left_outer_corner_counter":1,"twilightforest:rainbow_oak_sapling":1,"minecraft:spruce_boat":1,"minecraft:lava_bucket":1,"minecraft:grass_block":58,"twilightforest:twilight_oak_planks":1,"minecraft:cherry_leaves":94,"minecraft:dark_oak_slab":1,"minecraft:cherry_button":3,"variantvanillablocks:cherry_bookshelf":16,"minecraft:pink_wool":5,"variantvanillablocks:cherry_crafting_table":1,"minecraft:red_stained_glass_pane":7,"luphieclutteredmod:luphie_flowering_pink_planks":4,"luphieclutteredmod:luphie_heart_garland":2,"luphieclutteredmod:small_shelf":1,"minecraft:bow":64,"minecraft:dark_oak_boat":6,"minecraft:cooked_cod":10,"minecraft:furnace":8,"luphieclutteredmod:luphie_row_of_small_pastel_books":1,"refurbished_furniture:cherry_desk":9,"minecraft:potato":10,"perfectplushies:red_fox_plushie":1,"luminousworld:autumnplank":4,"blue_skies:frostbright_sapling":1,"minecraft:stripped_birch_log":17,"minecraft:blackstone":12,"minecraft:leather_chestplate":1,"luphieclutteredmod:luphie_pink_trapdoor":32,"minecraft:clay":1,"naturalist:duck_egg":2,"minecraft:cookie":1,"minecraft:golden_apple":3,"variantvanillablocks:dark_oak_crafting_table":3,"minecraft:sand":3,"minecraft:blast_furnace":1,"luminousworld:white_oak_slab":40,"minecraft:birch_fence":37,"twilightforest:time_sapling":3,"minecraft:cherry_sign":16,"luphieclutteredmod:luphie_ham_sandwich":2,"refurbished_furniture:cherry_storage_jar":1,"minecraft:fire_charge":3,"minecraft:diamond_sword":48,"burnt:burnt_planks":4,"luphieclutteredmod:luphie_pink_cabinet":5,"luphieclutteredmod:luphie_row_of_small_books":3,"minecraft:birch_log":72,"variantvanillablocks:cherry_barrel":7,"refurbished_furniture:cherry_mail_box":1,"perfectplushies:dolphin_plushie":4,"kawaiidishes:black_maid_dress_fox_tail_red":1,"minecraft:enchanting_table":1,"minecraft:stone_sword":113,"refurbished_furniture:light_fridge":2,"luphieclutteredmod:luphie_yellow_notepad":1,"blue_skies:stripped_comet_wood":1,"refurbished_furniture:cherry_chair":13,"blue_skies:starlit_planks":8,"minecraft:cooked_salmon":11,"refurbished_furniture:cherry_light_ceiling_fan":3,"minecraft:netherrack":30,"minecraft:torch":20,"minecraft:stick":1,"minecraft:shroomlight":1,"kawaiidishes:piece_of_honey_cheesecake":18,"minecraft:iron_axe":213,"minecraft:cherry_slab":95,"blue_skies:crescent_fruit_sapling":1,"undead_revamp2:huntereye":1,"perfectplushies:bear_plushie":1,"minecraft:diamond_chestplate":1,"luphieclutteredmod:luphie_bunny_garland":13,"minecraft:cherry_fence":8,"minecraft:cherry_log":78,"luphieclutteredmod:luphie_flowering_yellow_planks":3,"minecraft:water_bucket":39,"luphieclutteredmod:luphie_wedding_arch":6,"minecraft:birch_planks":49,"variantvanillablocks:cherry_chest":85,"kawaiidishes:black_thigh_highs":1,"luminousworld:white_oak_stairs":180,"luminousworld:white_oak_plank":527,"minecraft:cherry_planks":1159,"luphieclutteredmod:plant_ladder":1,"minecraft:cauldron":3,"minecraft:leather_boots":1,"minecraft:polished_blackstone_bricks":9,"shieldsplus:diamond_shield":4,"minecraft:crafting_table":1,"minecraft:white_bed":17,"blue_skies:dusk_leaves":2,"kawaiidishes:honey_cookie":1,"minecraft:diamond_pickaxe":1583,"minecraft:diamond_shovel":457,"minecraft:iron_pickaxe":476,"shieldsplus:stone_shield":5,"minecraft:leather_helmet":1,"blue_skies:crescent_fruit":1,"minecraft:chiseled_stone_bricks":1,"minecraft:pink_bed":6,"blue_skies:frostbright_planks":4,"minecraft:cobblestone":51,"minecraft:potion":3,"perfectplushies:rabbit_plushie":1,"minecraft:cooked_porkchop":3,"minecraft:glass_pane":60,"twilightforest:time_planks":12,"minecraft:jukebox":1,"minecraft:diamond_leggings":3,"minecraft:iron_shovel":630,"blue_skies:dusk_sapling":2,"minecraft:iron_sword":300,"shieldsplus:iron_shield":9,"minecraft:carrot":4,"luphieclutteredmod:luphie_pink_mini_cabinet":6,"minecraft:beehive":1,"minecraft:glass":3,"variantvanillablocks:spruce_crafting_table":1,"minecraft:lantern":70,"luminousworld:white_oak_sapling":7,"minecraft:polished_blackstone_brick_wall":2,"luphieclutteredmod:luphie_pancake_stack":1,"naturalist:butterfly":8,"luphieclutteredmod:luphie_antique_lamp":2,"supplementaries:candy":4,"kawaiidishes:cappuccino_coffee":1,"minecraft:scaffolding":179,"luphieclutteredmod:small_pink_shelf":14,"minecraft:stone_pickaxe":56,"minecraft:diamond_axe":1392,"minecraft:blue_bed":5,"luphieclutteredmod:luphie_orange_cat_plant_pot":3,"minecraft:stone_brick_wall":2,"minecraft:shears":217,"minecraft:birch_fence_gate":3,"burnt:burnt_dirt":1,"minecraft:melon_slice":1,"minecraft:bread":209,"luphieclutteredmod:luphie_pink_planks":5,"minecraft:string":7,"luphieclutteredmod:luphie_pink_sink_counter":1,"luphieclutteredmod:luphie_small_filled_jars_c":2,"refurbished_furniture:cherry_crate":4,"minecraft:stripped_cherry_log":4,"minecraft:bone_meal":72,"luphieclutteredmod:luphie_white_armchair":3,"minecraft:experience_bottle":1,"minecraft:spruce_planks":10,"minecraft:stone_hoe":76,"minecraft:dirt":195,"minecraft:white_carpet":14,"minecraft:diamond_helmet":1,"perfectplushies:cat_plushie":1,"minecraft:pink_carpet":18,"supplementaries:item_shelf":2,"minecraft:dark_oak_planks":1,"luphieclutteredmod:pink_flower_shelf":5,"minecraft:bookshelf":5,"luphieclutteredmod:luphie_pastel_wall_bookshelf":3,"kawaiidishes:dark_brown_shoes":1,"minecraft:cherry_trapdoor":11,"kawaiidishes:coffee_machine":3,"refurbished_furniture:light_lightswitch":1,"minecraft:cooked_beef":4,"minecraft:light_gray_bed":1,"blue_skies:dusk_planks":8,"minecraft:cooked_mutton":1,"luphieclutteredmod:luphie_plant_jar":3,"luminousworld:wallleaves":2,"minecraft:baked_potato":91,"luphieclutteredmod:luphie_retro_pink_fridge":4,"blue_skies:comet_planks":4,"minecraft:stonecutter":2,"luphieclutteredmod:luphie_plated_croissant":3,"luphieclutteredmod:luphie_pink_slab":4,"refurbished_furniture:pink_grill":1,"luminousworld:crimsonbutterflyjar":2,"minecraft:stripped_dark_oak_log":1,"luphieclutteredmod:luphie_heart_cake":3,"minecraft:painting":38,"minecraft:book":14,"minecraft:smoker":1,"luphieclutteredmod:luphie_darkwood_quilted_sofa":2,"minecraft:flower_pot":4,"luphieclutteredmod:luphie_pink_counter":6,"minecraft:black_wool":1,"minecraft:apple":3,"minecraft:cherry_door":10,"refurbished_furniture:cherry_storage_cabinet":16,"twilightforest:mangrove_sapling":2,"kawaiidishes:brown_shoes":1,"refurbished_furniture:light_electricity_generator":2,"minecraft:stone_axe":78,"luphieclutteredmod:luphie_pink_record_player":1,"cozy_home:cherry_drawer":3,"minecraft:pink_petals":77,"luminousworld:trout":1,"refurbished_furniture:workbench":2,"minecraft:cherry_stairs":167,"minecraft:bucket":47,"minecraft:pumpkin_pie":1,"minecraft:birch_stairs":3},"minecraft:killed_by":{"minecraft:piglin_brute":1,"minecraft:zombie":1,"minecraft:creeper":1,"minecraft:drowned":1,"undead_revamp2:slaveman":2,"luminousworld:frigid_zombie":1,"undead_revamp2:thehunter":1},"minecraft:killed":{"naturalist:rattlesnake":2,"undead_revamp2:theswarmer":2,"minecraft:skeleton":8,"minecraft:pillager":4,"minecraft:zombie":16,"undead_revamp2:thehunter":8,"undead_revamp2:the_moonflower":2,"minecraft:rabbit":12,"minecraft:spider":4,"undead_revamp2:thesmoker":2,"luminousworld:king_crab":2,"undead_revamp2:therod":2,"minecraft:piglin_brute":8,"minecraft:piglin":6,"sleep_tight:bedbug":2,"minecraft:pig":4,"minecraft:creeper":8,"luminousworld:crimson_butterfly":2,"minecraft:blaze":12,"luminousworld:deer":2,"luminousworld:sand_crab":4,"undead_revamp2:sucker":2,"minecraft:hoglin":2}},"DataVersion":3465}