{"stats":{"minecraft:picked_up":{"minecraft:cooked_porkchop":1,"minecraft:spruce_planks":1,"minecraft:spruce_sapling":1,"minecraft:spruce_log":6,"minecraft:cobblestone":23},"minecraft:custom":{"minecraft:time_since_rest":7318,"minecraft:open_chest":4,"minecraft:crouch_one_cm":44,"minecraft:interact_with_furnace":2,"minecraft:play_time":7318,"minecraft:sprint_one_cm":11634,"minecraft:damage_taken":190,"minecraft:walk_one_cm":15001,"minecraft:sneak_time":25,"minecraft:drop":1,"minecraft:jump":72,"minecraft:damage_dealt":142,"minecraft:time_since_death":7318,"minecraft:total_world_time":7318,"minecraft:interact_with_crafting_table":5,"minecraft:fall_one_cm":2816,"minecraft:fly_one_cm":5655},"minecraft:crafted":{"minecraft:spruce_planks":24,"minecraft:stick":4,"minecraft:stone_pickaxe":1},"minecraft:used":{"minecraft:bread":2,"minecraft:stone_pickaxe":20,"minecraft:spruce_planks":1,"minecraft:leather_helmet":1,"minecraft:leather_chestplate":1,"minecraft:leather_boots":1},"minecraft:dropped":{"minecraft:leather_helmet":1},"minecraft:mined":{"minecraft:spruce_planks":1,"minecraft:stone":20,"minecraft:spruce_leaves":2,"minecraft:spruce_log":6}},"DataVersion":3465}