{"stats":{"minecraft:picked_up":{"minecraft:leather_chestplate":1,"minecraft:black_carpet":3,"minecraft:flower_pot":1,"shieldsplus:wooden_shield":2,"minecraft:potato":29,"minecraft:wither_skeleton_skull":1,"minecraft:blue_bed":1,"minecraft:string":11,"minecraft:lapis_lazuli":11,"minecraft:dark_oak_trapdoor":4,"minecraft:lantern":13,"minecraft:cooked_mutton":1,"minecraft:armor_stand":1,"minecraft:leather_boots":1,"minecraft:item_frame":3,"minecraft:experience_bottle":1,"minecraft:stone_bricks":2,"minecraft:apple":1,"minecraft:gray_carpet":5,"minecraft:candle":5,"minecraft:raw_gold":5,"minecraft:spruce_planks":1,"perfectplushies:dolphin_plushie":2,"minecraft:stone_pickaxe":1,"minecraft:dark_oak_sign":1,"minecraft:tinted_glass":3,"minecraft:glowstone_dust":6,"minecraft:melon_slice":1,"minecraft:sugar_cane":6,"minecraft:chest":4,"minecraft:mossy_stone_brick_stairs":1,"minecraft:book":6,"minecraft:dark_oak_sapling":3,"minecraft:raw_iron":6,"minecraft:cooked_porkchop":2,"minecraft:sweet_berries":2,"minecraft:quartz":1,"minecraft:spruce_fence":1,"minecraft:stripped_spruce_log":2,"minecraft:spruce_sapling":1,"minecraft:cookie":1,"minecraft:dead_bush":1,"minecraft:carrot":68,"minecraft:spruce_log":6,"naturalist:duck_egg":1,"minecraft:redstone":34,"minecraft:jungle_slab":2,"minecraft:leather_helmet":2,"minecraft:blue_carpet":1,"minecraft:polished_andesite":1,"minecraft:light_gray_bed":1,"minecraft:pumpkin_seeds":4,"minecraft:stone_sword":1,"minecraft:rotten_flesh":4,"minecraft:diamond":4,"minecraft:stone_axe":1,"minecraft:pumpkin_pie":1,"undead_revamp2:beespheromones":1,"minecraft:writable_book":1,"minecraft:gold_ingot":3,"minecraft:emerald":1,"minecraft:bread":2,"minecraft:light_gray_carpet":4,"minecraft:stripped_dark_oak_log":4,"minecraft:coal":7,"minecraft:cobblestone":70},"minecraft:custom":{"minecraft:interact_with_furnace":16,"minecraft:mob_kills":6,"minecraft:interact_with_crafting_table":20,"minecraft:open_barrel":10,"minecraft:interact_with_loom":2,"minecraft:time_since_death":30624,"minecraft:sleep_in_bed":1,"minecraft:climb_one_cm":825,"minecraft:time_since_rest":16138,"minecraft:sprint_one_cm":99686,"minecraft:damage_taken":625,"minecraft:walk_one_cm":104967,"minecraft:drop":11,"minecraft:damage_dealt":1608,"minecraft:talked_to_villager":1,"minecraft:swim_one_cm":238,"minecraft:fly_one_cm":68475,"minecraft:open_chest":37,"minecraft:crouch_one_cm":2686,"minecraft:play_time":43318,"minecraft:deaths":1,"minecraft:sneak_time":1023,"minecraft:walk_under_water_one_cm":129,"minecraft:jump":481,"minecraft:walk_on_water_one_cm":4108,"minecraft:total_world_time":43318,"minecraft:fall_one_cm":10040},"minecraft:crafted":{"minecraft:leather_boots":1,"minecraft:spruce_planks":36,"minecraft:baked_potato":16,"minecraft:stone_axe":1,"minecraft:air":0,"minecraft:stick":16,"minecraft:iron_ingot":3,"minecraft:iron_pickaxe":1,"minecraft:stone_pickaxe":1,"minecraft:stone_sword":1,"shieldsplus:stone_shield":2},"minecraft:used":{"minecraft:stone_sword":55,"minecraft:stone_pickaxe":56,"minecraft:baked_potato":3,"minecraft:chest":3,"minecraft:spruce_planks":1,"minecraft:leather_chestplate":1,"minecraft:leather_boots":1,"naturalist:duck_egg":1,"minecraft:cookie":1,"minecraft:stripped_dark_oak_log":1,"minecraft:carrot":4,"minecraft:lantern":1,"minecraft:melon_slice":1,"minecraft:bread":2,"minecraft:iron_pickaxe":37,"minecraft:leather_helmet":1,"minecraft:stone_axe":17,"minecraft:cobblestone":9,"minecraft:cooked_porkchop":1,"minecraft:light_gray_bed":1},"minecraft:killed":{"undead_revamp2:theswarmer":2,"minecraft:zombie":8},"minecraft:dropped":{"perfectplushies:geode_plushie":1,"minecraft:tinted_glass":3,"perfectplushies:dolphin_plushie":1,"minecraft:rotten_flesh":4,"minecraft:wither_skeleton_skull":1,"minecraft:spruce_fence":1,"minecraft:leather_helmet":1,"minecraft:item_frame":2,"minecraft:jungle_slab":2,"shieldsplus:stone_shield":1},"minecraft:mined":{"minecraft:deepslate_redstone_ore":8,"minecraft:spruce_planks":1,"minecraft:candle":2,"minecraft:deepslate_diamond_ore":4,"minecraft:jungle_slab":1,"minecraft:stripped_dark_oak_log":3,"minecraft:blue_stained_glass":2,"minecraft:potted_dead_bush":1,"minecraft:cave_vines_plant":1,"minecraft:spruce_fence":1,"minecraft:chest":3,"minecraft:light_gray_bed":1,"minecraft:cobblestone":1,"minecraft:deepslate_coal_ore":5,"minecraft:spruce_leaves":2,"minecraft:deepslate_gold_ore":5,"minecraft:blue_bed":1,"minecraft:glowstone":2,"minecraft:carrots":11,"minecraft:dark_oak_trapdoor":4,"minecraft:tinted_glass":2,"minecraft:spruce_log":6,"minecraft:stripped_spruce_log":2,"minecraft:deepslate_lapis_ore":2,"minecraft:coal_ore":2,"minecraft:mossy_stone_brick_stairs":1,"minecraft:bookshelf":2,"minecraft:potatoes":8,"amendments:wall_lantern":1,"minecraft:deepslate_iron_ore":6,"minecraft:end_rod":1,"minecraft:lantern":5,"minecraft:dirt":1,"minecraft:cobweb":13,"minecraft:polished_andesite":2,"minecraft:stone_bricks":1,"minecraft:stone":28,"minecraft:deepslate_emerald_ore":1},"minecraft:killed_by":{"minecraft:zombie":1}},"DataVersion":3465}