{"stats":{"minecraft:picked_up":{"minecraft:cocoa_beans":30,"minecraft:iron_chestplate":5,"minecraft:wheat":6,"minecraft:black_carpet":3,"minecraft:flower_pot":1,"shieldsplus:wooden_shield":2,"minecraft:lead":8,"kawaiidishes:black_headband_fox_ears_white":6,"minecraft:dark_oak_trapdoor":4,"minecraft:string":12,"minecraft:cooked_salmon":2,"minecraft:iron_leggings":2,"minecraft:item_frame":4,"minecraft:armor_stand":1,"minecraft:experience_bottle":2,"kawaiidishes:expresso_coffee":1,"minecraft:candle":5,"minecraft:bucket":16,"kawaiidishes:cocoa_powder":15,"minecraft:spruce_planks":3,"perfectplushies:dolphin_plushie":5,"minecraft:iron_pickaxe":7,"kawaiidishes:piece_of_honey_cheesecake":57,"minecraft:tinted_glass":3,"minecraft:melon_slice":1,"minecraft:sugar_cane":12,"minecraft:chest":5,"minecraft:furnace":1,"blue_skies:dusk_log":3,"kawaiidishes:piece_of_cake":3,"minecraft:dark_oak_sapling":3,"minecraft:stick":48,"minecraft:raw_iron":44,"perfectplushies:red_fox_plushie":3,"luminousworld:blue_petunias":1,"kawaiidishes:dark_brown_shoes":3,"minecraft:spruce_fence":4,"minecraft:cookie":1,"minecraft:carrot":94,"minecraft:redstone":34,"minecraft:blue_carpet":1,"minecraft:stone_pressure_plate":1,"minecraft:dark_oak_planks":102,"minecraft:rotten_flesh":22,"minecraft:stone_sword":6,"minecraft:light_gray_bed":1,"minecraft:pumpkin_pie":1,"minecraft:peony":6,"kawaiidishes:black_headband_fox_ears_red":1,"minecraft:hay_block":191,"minecraft:saddle":3,"minecraft:gold_ingot":3,"minecraft:snowball":2,"minecraft:cobblestone":187,"minecraft:leather_chestplate":1,"twilightforest:twilight_oak_log":6,"minecraft:water_bucket":1,"supplementaries:candy":8,"minecraft:leather":28,"minecraft:dark_oak_boat":3,"kawaiidishes:coffee_powder":2,"minecraft:potato":220,"luminousworld:purple_petunias":2,"minecraft:wither_skeleton_skull":1,"minecraft:dirt":120,"minecraft:paper":1,"minecraft:lapis_lazuli":11,"minecraft:blue_bed":5,"minecraft:lantern":47,"minecraft:leather_boots":3,"minecraft:cooked_mutton":1,"minecraft:bone":36,"kawaiidishes:black_thigh_highs":6,"minecraft:gray_carpet":5,"minecraft:apple":1,"minecraft:stone_bricks":2,"minecraft:kelp":135,"minecraft:bow":1,"minecraft:wheat_seeds":38,"minecraft:raw_gold":25,"minecraft:dark_oak_sign":1,"minecraft:stone_pickaxe":1,"kawaiidishes:coffee_fruit":16,"blue_skies:stripped_comet_wood":1,"minecraft:glass_bottle":1,"minecraft:glowstone_dust":30,"minecraft:stone_hoe":2,"kawaiidishes:mug":5,"minecraft:mossy_stone_brick_stairs":1,"minecraft:book":39,"kawaiidishes:roasted_coffee_beans":2,"shieldsplus:stone_shield":4,"minecraft:dark_oak_slab":1,"minecraft:milk_bucket":4,"minecraft:cooked_porkchop":2,"minecraft:sweet_berries":2,"minecraft:chiseled_stone_bricks":1,"twilightforest:time_log":3,"minecraft:quartz":1,"minecraft:dandelion":1,"perfectplushies:seal_plushie":2,"perfectplushies:rabbit_plushie":3,"minecraft:stripped_spruce_log":2,"minecraft:spruce_sapling":1,"kawaiidishes:black_maid_dress_fox_tail_red":4,"minecraft:white_bed":7,"minecraft:spruce_log":6,"minecraft:dead_bush":1,"minecraft:barrel":4,"blue_skies:starlit_log":2,"minecraft:spider_eye":1,"minecraft:jungle_slab":2,"naturalist:duck_egg":2,"minecraft:leather_helmet":2,"variantvanillablocks:dark_oak_crafting_table":3,"minecraft:polished_andesite":1,"minecraft:spruce_fence_gate":1,"minecraft:pumpkin_seeds":4,"minecraft:sugar":11,"minecraft:diamond":32,"minecraft:stone_axe":5,"undead_revamp2:beespheromones":3,"minecraft:writable_book":5,"minecraft:bone_meal":20,"minecraft:cherry_sapling":1,"minecraft:bread":182,"minecraft:emerald":44,"kawaiidishes:white_thigh_highs":1,"minecraft:light_gray_carpet":4,"minecraft:stripped_dark_oak_log":4,"minecraft:coal":60,"minecraft:hopper":6,"twilightforest:time_sapling":3},"minecraft:custom":{"minecraft:interact_with_smithing_table":1,"minecraft:mob_kills":10,"minecraft:open_barrel":26,"minecraft:interact_with_crafting_table":32,"minecraft:bell_ring":3,"minecraft:leave_game":1,"minecraft:time_since_death":10377,"minecraft:climb_one_cm":13069,"minecraft:sprint_one_cm":543385,"minecraft:walk_one_cm":328234,"minecraft:damage_blocked_by_shield":15,"minecraft:drop":68,"minecraft:talked_to_villager":7,"minecraft:play_time":162551,"minecraft:deaths":5,"minecraft:sneak_time":2609,"minecraft:walk_under_water_one_cm":18301,"minecraft:boat_one_cm":40,"minecraft:jump":2443,"minecraft:walk_on_water_one_cm":18255,"minecraft:total_world_time":162551,"minecraft:interact_with_furnace":23,"minecraft:traded_with_villager":1,"minecraft:tune_noteblock":14,"minecraft:interact_with_loom":2,"minecraft:sleep_in_bed":10,"minecraft:time_since_rest":10426,"minecraft:damage_taken":3412,"minecraft:minecart_one_cm":2108,"minecraft:damage_dealt":3037,"minecraft:swim_one_cm":45065,"minecraft:fly_one_cm":491952,"minecraft:open_chest":115,"minecraft:crouch_one_cm":6183,"minecraft:interact_with_smoker":4,"minecraft:fall_one_cm":86714,"minecraft:horse_one_cm":3103},"minecraft:crafted":{"twilightforest:time_planks":12,"minecraft:dark_oak_boat":1,"minecraft:leather_boots":1,"minecraft:bone_meal":51,"twilightforest:twilight_oak_planks":24,"blue_skies:comet_planks":4,"minecraft:stone_pickaxe":1,"shieldsplus:stone_shield":2,"minecraft:stone_hoe":2,"perfectplushies:seal_plushie":1,"blue_skies:dusk_planks":4,"minecraft:spruce_planks":36,"minecraft:baked_potato":16,"minecraft:stone_axe":1,"minecraft:air":0,"minecraft:stick":16,"variantvanillablocks:dark_oak_crafting_table":2,"minecraft:iron_ingot":3,"minecraft:iron_pickaxe":1,"minecraft:stone_sword":1,"blue_skies:starlit_planks":8},"minecraft:used":{"perfectplushies:dolphin_plushie":1,"kawaiidishes:black_maid_dress_fox_tail_red":1,"minecraft:stone_sword":113,"blue_skies:dusk_sapling":1,"kawaiidishes:expresso_coffee":2,"minecraft:spruce_planks":1,"minecraft:chest":4,"blue_skies:stripped_comet_wood":1,"blue_skies:starlit_planks":8,"minecraft:stone_hoe":76,"minecraft:carrot":4,"twilightforest:rainbow_oak_sapling":1,"kawaiidishes:piece_of_honey_cheesecake":15,"minecraft:lantern":1,"twilightforest:twilight_oak_planks":1,"kawaiidishes:dark_brown_shoes":1,"minecraft:dark_oak_slab":1,"supplementaries:candy":4,"kawaiidishes:cappuccino_coffee":1,"minecraft:dark_oak_boat":4,"minecraft:furnace":1,"minecraft:potato":10,"minecraft:light_gray_bed":1,"perfectplushies:red_fox_plushie":1,"blue_skies:dusk_planks":4,"minecraft:cooked_mutton":1,"minecraft:water_bucket":1,"kawaiidishes:black_thigh_highs":1,"minecraft:stone_pickaxe":56,"minecraft:baked_potato":16,"minecraft:leather_chestplate":1,"blue_skies:comet_planks":4,"minecraft:blue_bed":5,"minecraft:leather_boots":1,"naturalist:duck_egg":2,"minecraft:cookie":1,"variantvanillablocks:dark_oak_crafting_table":2,"minecraft:stripped_dark_oak_log":1,"minecraft:white_bed":4,"minecraft:apple":3,"minecraft:bread":27,"minecraft:melon_slice":1,"shieldsplus:stone_shield":3,"minecraft:iron_pickaxe":163,"twilightforest:time_sapling":3,"minecraft:leather_helmet":1,"minecraft:stone_axe":41,"minecraft:chiseled_stone_bricks":1,"minecraft:cobblestone":9,"perfectplushies:rabbit_plushie":1,"minecraft:cooked_porkchop":1,"twilightforest:time_planks":12,"minecraft:bucket":3,"minecraft:pumpkin_pie":1,"minecraft:bone_meal":41,"minecraft:experience_bottle":1},"minecraft:killed":{"undead_revamp2:thesmoker":2,"undead_revamp2:theswarmer":2,"minecraft:zombie":10},"minecraft:dropped":{"minecraft:stone_hoe":1,"minecraft:iron_ingot":2,"minecraft:bread":30,"minecraft:wheat_seeds":38,"minecraft:glass_bottle":1,"perfectplushies:dolphin_plushie":1,"minecraft:apple":4,"minecraft:saddle":1,"kawaiidishes:latte_coffee":1,"minecraft:leather_helmet":1,"minecraft:item_frame":3,"kawaiidishes:piece_of_honey_cheesecake":9,"minecraft:jungle_slab":2,"kawaiidishes:coffee_fruit":8,"kawaiidishes:black_headband_fox_ears_red":1,"twilightforest:twilight_oak_planks":23,"kawaiidishes:white_thigh_highs":1,"minecraft:snowball":2,"minecraft:iron_leggings":1,"kawaiidishes:black_thigh_highs":1,"minecraft:sugar":10,"shieldsplus:stone_shield":1,"minecraft:paper":1,"minecraft:string":19,"minecraft:dandelion":1,"perfectplushies:geode_plushie":1,"minecraft:kelp":60,"minecraft:stone_sword":1,"minecraft:tinted_glass":3,"blue_skies:dusk_log":2,"minecraft:wheat":1,"minecraft:raw_iron":18,"minecraft:rotten_flesh":14,"minecraft:wither_skeleton_skull":1,"kawaiidishes:cocoa_powder":10,"minecraft:white_bed":1,"minecraft:spruce_fence":4,"minecraft:leather_chestplate":1,"kawaiidishes:mug":7,"kawaiidishes:cappuccino_coffee":1,"minecraft:peony":6,"kawaiidishes:expresso_coffee":1,"minecraft:bow":1,"luminousworld:blue_petunias":1,"kawaiidishes:black_headband_fox_ears_white":1,"luminousworld:purple_petunias":1,"supplementaries:candy":4},"minecraft:mined":{"minecraft:spruce_planks":1,"minecraft:stone_pressure_plate":1,"minecraft:white_bed":4,"minecraft:deepslate_diamond_ore":4,"minecraft:candle":2,"minecraft:jungle_slab":1,"luminousworld:blue_petunias":1,"minecraft:cave_vines_plant":1,"minecraft:potted_dead_bush":1,"minecraft:grass_block":14,"minecraft:spruce_fence":2,"kawaiidishes:coffee_bush":1,"minecraft:light_gray_bed":1,"luminousworld:grassvariant_2":4,"minecraft:spruce_leaves":2,"minecraft:hay_block":74,"minecraft:glowstone":2,"minecraft:furnace":1,"minecraft:carrots":13,"minecraft:dark_oak_trapdoor":4,"perfectplushies:rabbit_plushie":1,"minecraft:iron_ore":31,"minecraft:barrel":4,"minecraft:stripped_spruce_log":2,"twilightforest:time_log":3,"minecraft:deepslate_lapis_ore":2,"minecraft:peony":3,"minecraft:dirt_path":7,"minecraft:mossy_stone_brick_stairs":1,"minecraft:bookshelf":3,"minecraft:potatoes":46,"minecraft:deepslate_iron_ore":6,"amendments:wall_lantern":1,"minecraft:lantern":5,"luminousworld:snowgrass":2,"blue_skies:dusk_log":2,"luminousworld:groundpebbles_2":1,"minecraft:stone":37,"minecraft:deepslate_redstone_ore":8,"luminousworld:purple_petunias":1,"minecraft:stripped_dark_oak_log":3,"blue_skies:starlit_log":2,"minecraft:blue_stained_glass":2,"twilightforest:twilight_oak_log":6,"minecraft:chest":4,"minecraft:cobblestone":1,"minecraft:deepslate_coal_ore":5,"minecraft:deepslate_gold_ore":5,"minecraft:blue_bed":5,"twilightforest:time_sapling":2,"minecraft:ice":1,"variantvanillablocks:dark_oak_crafting_table":1,"perfectplushies:red_fox_plushie":1,"minecraft:tinted_glass":2,"minecraft:wheat":24,"minecraft:spruce_log":6,"perfectplushies:dolphin_plushie":1,"minecraft:grass":1,"minecraft:coal_ore":51,"minecraft:end_rod":1,"blue_skies:stripped_comet_wood":1,"minecraft:dirt":24,"minecraft:cobweb":13,"minecraft:stone_bricks":1,"minecraft:spruce_fence_gate":1,"minecraft:polished_andesite":2,"minecraft:oak_leaves":1,"minecraft:deepslate_emerald_ore":1},"minecraft:killed_by":{"luminousworld:frigid_zombie":1,"minecraft:drowned":1,"minecraft:zombie":1}},"DataVersion":3465}