{"stats":{"minecraft:custom":{"minecraft:animals_bred":1,"minecraft:interact_with_crafting_table":39,"minecraft:open_barrel":38,"minecraft:bell_ring":6,"minecraft:leave_game":4,"minecraft:time_since_death":123430,"minecraft:sprint_one_cm":929538,"minecraft:damage_blocked_by_shield":95,"minecraft:drop":112,"minecraft:talked_to_villager":7,"minecraft:play_time":275604,"minecraft:deaths":5,"minecraft:jump":4363,"minecraft:walk_on_water_one_cm":32145,"minecraft:interact_with_furnace":23,"minecraft:traded_with_villager":1,"minecraft:interact_with_loom":2,"minecraft:sleep_in_bed":18,"minecraft:damage_dealt":6611,"minecraft:crouch_one_cm":9936,"minecraft:interact_with_smoker":4,"minecraft:horse_one_cm":6979,"minecraft:interact_with_smithing_table":1,"minecraft:mob_kills":29,"minecraft:damage_dealt_resisted":11,"minecraft:climb_one_cm":21893,"minecraft:walk_one_cm":620374,"minecraft:sneak_time":4499,"minecraft:walk_under_water_one_cm":25801,"minecraft:boat_one_cm":5305,"minecraft:total_world_time":275604,"minecraft:tune_noteblock":14,"minecraft:time_since_rest":4422,"minecraft:damage_taken":5063,"minecraft:minecart_one_cm":2108,"minecraft:swim_one_cm":87727,"minecraft:fly_one_cm":889866,"minecraft:open_chest":193,"minecraft:fall_one_cm":135832},"minecraft:dropped":{"minecraft:porkchop":2,"luminousworld:yellowpetunias":6,"minecraft:glass_bottle":1,"perfectplushies:dolphin_plushie":1,"minecraft:saddle":1,"minecraft:leather_helmet":1,"minecraft:item_frame":3,"minecraft:dirt":124,"minecraft:cornflower":5,"minecraft:snowball":2,"kawaiidishes:white_thigh_highs":1,"kawaiidishes:black_thigh_highs":1,"minecraft:sugar":10,"minecraft:dark_oak_planks":19,"minecraft:tinted_glass":3,"seadwellers:aquamarine":1,"minecraft:wheat":1,"blue_skies:dusk_log":2,"minecraft:rotten_flesh":14,"minecraft:white_bed":2,"luphieclutteredmod:luphie_flowering_yellow_planks":4,"perfectplushies:red_panda_plushie":1,"minecraft:leather_chestplate":1,"kawaiidishes:cappuccino_coffee":1,"minecraft:jungle_stairs":1,"minecraft:scaffolding":1,"minecraft:stone_hoe":1,"minecraft:water_bucket":1,"minecraft:iron_ingot":2,"minecraft:bread":30,"minecraft:wheat_seeds":41,"minecraft:cobblestone":26,"luminousworld:amethyst_disc":1,"minecraft:apple":4,"luminousworld:decorative_brown_mushroom_1":2,"kawaiidishes:latte_coffee":1,"minecraft:jungle_slab":2,"kawaiidishes:piece_of_honey_cheesecake":9,"kawaiidishes:coffee_fruit":8,"kawaiidishes:black_headband_fox_ears_red":1,"minecraft:torch":1,"minecraft:rabbit":1,"twilightforest:twilight_oak_planks":23,"minecraft:iron_leggings":1,"shieldsplus:stone_shield":1,"minecraft:paper":1,"minecraft:string":19,"minecraft:pink_petals":64,"minecraft:bucket":3,"minecraft:dandelion":1,"perfectplushies:geode_plushie":1,"minecraft:moss_carpet":3,"minecraft:kelp":60,"minecraft:coarse_dirt":1,"minecraft:stone_sword":1,"minecraft:raw_iron":18,"minecraft:wither_skeleton_skull":1,"luminousworld:king_crab_plaque":3,"kawaiidishes:cocoa_powder":10,"minecraft:spruce_fence":4,"kawaiidishes:mug":7,"minecraft:hay_block":49,"minecraft:spruce_boat":2,"minecraft:peony":6,"kawaiidishes:expresso_coffee":1,"minecraft:bow":1,"luminousworld:blue_petunias":1,"kawaiidishes:black_headband_fox_ears_white":1,"luminousworld:purple_petunias":1,"luphieclutteredmod:luphie_flowering_pink_planks":4,"supplementaries:candy":4},"minecraft:mined":{"minecraft:stone_pressure_plate":1,"minecraft:spruce_planks":1,"minecraft:white_bed":8,"luminousworld:yellowpetunias":3,"minecraft:jungle_slab":1,"minecraft:cherry_log":60,"minecraft:cave_vines_plant":1,"minecraft:potted_dead_bush":1,"minecraft:grass_block":591,"minecraft:light_gray_bed":1,"minecraft:glowstone":2,"minecraft:dark_oak_trapdoor":4,"minecraft:iron_ore":31,"minecraft:barrel":4,"minecraft:moss_carpet":1,"minecraft:deepslate_lapis_ore":2,"twilightforest:time_log":3,"burnt:burnt_log":1,"minecraft:dirt_path":9,"amendments:wall_lantern":1,"luphieclutteredmod:luphie_flowering_pink_planks":4,"blue_skies:dusk_log":2,"luphieclutteredmod:luphie_flowering_yellow_planks":3,"minecraft:deepslate_redstone_ore":8,"luminousworld:purple_petunias":1,"minecraft:blue_stained_glass":2,"minecraft:torch":1,"minecraft:jungle_stairs":1,"minecraft:chest":4,"twilightforest:twilight_oak_log":6,"minecraft:cobblestone":2,"minecraft:wall_torch":2,"minecraft:pink_petals":276,"twilightforest:time_sapling":2,"variantvanillablocks:dark_oak_crafting_table":2,"minecraft:tinted_glass":2,"perfectplushies:red_fox_plushie":1,"minecraft:wheat":24,"minecraft:grass":152,"minecraft:dirt":143,"luminousworld:grassvariant_3":14,"minecraft:oak_leaves":2,"luminousworld:groundpebbles_1":1,"blue_skies:frostbright_log":2,"minecraft:deepslate_diamond_ore":4,"luminousworld:grassvariant_4":8,"minecraft:candle":2,"luminousworld:blue_petunias":1,"minecraft:stripped_cherry_log":3,"minecraft:spruce_fence":2,"seadwellers:aquamarine_crystal":1,"kawaiidishes:coffee_bush":1,"luminousworld:grassvariant_2":16,"luminousworld:decorative_brown_mushroom_1":2,"luminousworld:blackberrybush":1,"minecraft:spruce_leaves":2,"burnt:smoldering_grass":17,"minecraft:hay_block":76,"burnt:burnt_grass":2,"minecraft:furnace":1,"minecraft:carrots":13,"perfectplushies:rabbit_plushie":1,"minecraft:stripped_spruce_log":7,"minecraft:peony":3,"minecraft:gold_block":1,"minecraft:mossy_stone_brick_stairs":1,"minecraft:bookshelf":5,"minecraft:potatoes":46,"minecraft:deepslate_iron_ore":6,"minecraft:lantern":5,"luminousworld:snowgrass":2,"luminousworld:groundpebbles_2":1,"minecraft:stone":89,"luphieclutteredmod:stripped_luphie_flowering_log":1,"minecraft:scaffolding":1,"minecraft:stripped_dark_oak_log":3,"blue_skies:starlit_log":2,"minecraft:cornflower":2,"luminousworld:grassflowers":2,"luphieclutteredmod:luphie_flowering_pink_log":1,"minecraft:tall_grass":21,"minecraft:deepslate_coal_ore":5,"minecraft:deepslate_gold_ore":5,"minecraft:blue_bed":5,"minecraft:coarse_dirt":4,"minecraft:ice":1,"minecraft:spruce_log":15,"perfectplushies:dolphin_plushie":1,"minecraft:coal_ore":58,"minecraft:cherry_leaves":12,"minecraft:end_rod":1,"blue_skies:stripped_comet_wood":1,"burnt:smoldering_log":1,"minecraft:cobweb":13,"minecraft:polished_andesite":2,"minecraft:spruce_fence_gate":1,"minecraft:stone_bricks":1,"minecraft:deepslate_emerald_ore":1},"minecraft:killed":{"naturalist:rattlesnake":2,"undead_revamp2:thesmoker":2,"luminousworld:king_crab":2,"undead_revamp2:theswarmer":2,"sleep_tight:bedbug":2,"minecraft:pig":4,"minecraft:creeper":2,"minecraft:pillager":4,"minecraft:zombie":14,"luminousworld:deer":2,"luminousworld:sand_crab":4,"minecraft:rabbit":12},"minecraft:killed_by":{"minecraft:drowned":1,"minecraft:zombie":1,"luminousworld:frigid_zombie":1},"minecraft:used":{"minecraft:iron_shovel":598,"blue_skies:dusk_sapling":1,"kawaiidishes:expresso_coffee":2,"minecraft:chest":4,"minecraft:iron_sword":146,"shieldsplus:iron_shield":2,"minecraft:carrot":4,"twilightforest:rainbow_oak_sapling":1,"minecraft:spruce_boat":1,"minecraft:lantern":1,"twilightforest:twilight_oak_planks":1,"minecraft:dark_oak_slab":1,"supplementaries:candy":4,"luphieclutteredmod:luphie_flowering_pink_planks":4,"kawaiidishes:cappuccino_coffee":1,"minecraft:dark_oak_boat":6,"minecraft:furnace":1,"minecraft:potato":10,"perfectplushies:red_fox_plushie":1,"blue_skies:frostbright_sapling":1,"minecraft:stone_pickaxe":56,"minecraft:leather_chestplate":1,"minecraft:blue_bed":5,"naturalist:duck_egg":2,"minecraft:cookie":1,"variantvanillablocks:dark_oak_crafting_table":3,"minecraft:melon_slice":1,"minecraft:bread":73,"twilightforest:time_sapling":3,"burnt:burnt_planks":4,"minecraft:stripped_cherry_log":3,"minecraft:bone_meal":42,"perfectplushies:dolphin_plushie":1,"minecraft:experience_bottle":1,"kawaiidishes:black_maid_dress_fox_tail_red":1,"minecraft:stone_sword":113,"minecraft:spruce_planks":10,"blue_skies:stripped_comet_wood":1,"blue_skies:starlit_planks":8,"minecraft:stone_hoe":76,"minecraft:torch":1,"minecraft:dirt":38,"kawaiidishes:piece_of_honey_cheesecake":18,"minecraft:iron_axe":125,"kawaiidishes:dark_brown_shoes":1,"minecraft:cherry_log":46,"minecraft:light_gray_bed":1,"luphieclutteredmod:luphie_flowering_yellow_planks":3,"blue_skies:dusk_planks":4,"minecraft:cooked_mutton":1,"minecraft:water_bucket":9,"kawaiidishes:black_thigh_highs":1,"minecraft:baked_potato":16,"blue_skies:comet_planks":4,"minecraft:leather_boots":1,"minecraft:stripped_dark_oak_log":1,"minecraft:white_bed":10,"minecraft:apple":3,"minecraft:diamond_shovel":303,"shieldsplus:stone_shield":5,"minecraft:iron_pickaxe":232,"minecraft:leather_helmet":1,"minecraft:stone_axe":78,"minecraft:chiseled_stone_bricks":1,"blue_skies:frostbright_planks":4,"minecraft:cobblestone":9,"perfectplushies:rabbit_plushie":1,"minecraft:cooked_porkchop":1,"minecraft:bucket":12,"twilightforest:time_planks":12,"minecraft:pumpkin_pie":1},"minecraft:picked_up":{"minecraft:iron_chestplate":5,"minecraft:black_carpet":3,"minecraft:wheat":6,"minecraft:flower_pot":1,"minecraft:lead":8,"seadwellers:aquamarine":1,"kawaiidishes:black_headband_fox_ears_white":6,"perfectplushies:frog_plushie":1,"minecraft:string":12,"minecraft:dark_oak_trapdoor":4,"minecraft:cooked_salmon":2,"minecraft:iron_leggings":2,"blue_skies:frostbright_log":2,"minecraft:armor_stand":1,"minecraft:experience_bottle":2,"kawaiidishes:expresso_coffee":1,"minecraft:bucket":16,"minecraft:spruce_planks":3,"kawaiidishes:cocoa_powder":15,"perfectplushies:dolphin_plushie":5,"minecraft:iron_pickaxe":7,"minecraft:melon_slice":1,"kawaiidishes:piece_of_honey_cheesecake":57,"minecraft:furnace":1,"blue_skies:dusk_log":3,"minecraft:stick":61,"minecraft:torch":5,"minecraft:porkchop":4,"minecraft:cherry_log":60,"luminousworld:grassflowers":2,"minecraft:stone_sword":6,"minecraft:rotten_flesh":22,"minecraft:light_gray_bed":1,"burnt:burnt_log":1,"kawaiidishes:black_headband_fox_ears_red":1,"minecraft:snowball":2,"minecraft:cobblestone":263,"minecraft:pink_petals":1122,"minecraft:leather_chestplate":1,"twilightforest:twilight_oak_log":6,"minecraft:water_bucket":2,"supplementaries:candy":8,"minecraft:dark_oak_boat":6,"kawaiidishes:coffee_powder":2,"luphieclutteredmod:luphie_flowering_pink_log":1,"luphieclutteredmod:stripped_luphie_flowering_log":1,"minecraft:potato":220,"luminousworld:purple_petunias":2,"minecraft:wither_skeleton_skull":1,"minecraft:lapis_lazuli":11,"minecraft:dirt":881,"minecraft:lantern":47,"minecraft:leather_boots":3,"minecraft:bone":36,"kawaiidishes:black_thigh_highs":6,"minecraft:bow":1,"minecraft:wheat_seeds":70,"minecraft:raw_gold":25,"minecraft:dark_oak_sign":1,"blue_skies:stripped_comet_wood":1,"minecraft:rabbit":7,"minecraft:glowstone_dust":30,"kawaiidishes:mug":5,"minecraft:stone_hoe":2,"minecraft:mossy_stone_brick_stairs":1,"minecraft:cooked_porkchop":2,"minecraft:stripped_spruce_log":7,"kawaiidishes:black_maid_dress_fox_tail_red":4,"perfectplushies:rabbit_plushie":3,"minecraft:dead_bush":1,"minecraft:jungle_slab":2,"minecraft:barrel":4,"naturalist:duck_egg":2,"luminousworld:amethyst_disc":1,"luphieclutteredmod:luphie_flowering_pink_planks":4,"minecraft:polished_andesite":1,"minecraft:spruce_fence_gate":1,"minecraft:sugar":11,"minecraft:diamond":32,"luminousworld:king_crab_plaque":3,"minecraft:spruce_boat":2,"luminousworld:yellowpetunias":6,"minecraft:writable_book":5,"minecraft:bone_meal":20,"shieldsplus:iron_shield":1,"minecraft:emerald":44,"minecraft:bread":182,"kawaiidishes:white_thigh_highs":1,"minecraft:light_gray_carpet":4,"minecraft:charcoal":2,"minecraft:diamond_pickaxe":1,"minecraft:cocoa_beans":30,"luminousworld:groundpebbles_1":1,"minecraft:coarse_dirt":1,"shieldsplus:wooden_shield":2,"minecraft:stripped_cherry_log":3,"minecraft:cornflower":5,"minecraft:moss_carpet":3,"minecraft:item_frame":4,"luphieclutteredmod:luphie_flowering_yellow_planks":3,"minecraft:candle":5,"minecraft:tinted_glass":3,"minecraft:sugar_cane":12,"minecraft:chest":5,"minecraft:dark_oak_sapling":3,"kawaiidishes:piece_of_cake":3,"minecraft:raw_iron":44,"perfectplushies:red_fox_plushie":3,"luminousworld:blue_petunias":1,"kawaiidishes:dark_brown_shoes":3,"minecraft:spruce_fence":4,"minecraft:cookie":1,"minecraft:carrot":94,"minecraft:redstone":34,"minecraft:stone_pressure_plate":1,"minecraft:blue_carpet":1,"minecraft:dark_oak_planks":102,"luminousworld:decorative_brown_mushroom_1":2,"minecraft:peony":6,"minecraft:pumpkin_pie":1,"minecraft:jungle_stairs":1,"burnt:smoldering_log_start":2,"minecraft:hay_block":193,"minecraft:saddle":3,"minecraft:gold_ingot":3,"minecraft:leather":28,"minecraft:blue_bed":5,"minecraft:paper":1,"minecraft:white_banner":1,"minecraft:cooked_mutton":1,"minecraft:stone_bricks":2,"minecraft:apple":1,"minecraft:gray_carpet":5,"minecraft:kelp":135,"minecraft:rabbit_hide":3,"minecraft:stone_pickaxe":1,"kawaiidishes:coffee_fruit":16,"minecraft:glass_bottle":1,"minecraft:book":45,"minecraft:scaffolding":1,"kawaiidishes:roasted_coffee_beans":2,"shieldsplus:stone_shield":4,"minecraft:milk_bucket":4,"minecraft:dark_oak_slab":1,"minecraft:sweet_berries":2,"minecraft:chiseled_stone_bricks":1,"minecraft:quartz":1,"minecraft:dandelion":1,"burnt:burnt_dirt":6,"twilightforest:time_log":3,"minecraft:spruce_sapling":1,"minecraft:white_bed":13,"minecraft:spruce_log":15,"perfectplushies:seal_plushie":2,"blue_skies:starlit_log":2,"minecraft:spider_eye":1,"minecraft:leather_helmet":2,"variantvanillablocks:dark_oak_crafting_table":4,"minecraft:diamond_shovel":1,"minecraft:pumpkin_seeds":4,"minecraft:stone_axe":5,"burnt:smoldering_log":4,"undead_revamp2:beespheromones":3,"minecraft:diamond_axe":1,"minecraft:cherry_sapling":34,"minecraft:stripped_dark_oak_log":4,"minecraft:coal":99,"minecraft:hopper":6,"twilightforest:time_sapling":3},"minecraft:broken":{"minecraft:iron_shovel":2},"minecraft:crafted":{"luphieclutteredmod:luphie_flowering_yellow_planks":4,"minecraft:dark_oak_boat":1,"minecraft:stone_hoe":2,"perfectplushies:seal_plushie":1,"blue_skies:dusk_planks":4,"minecraft:spruce_planks":92,"minecraft:baked_potato":16,"luphieclutteredmod:luphie_flowering_pink_planks":4,"minecraft:stick":32,"minecraft:iron_ingot":3,"minecraft:iron_pickaxe":1,"minecraft:stone_sword":1,"twilightforest:time_planks":12,"blue_skies:frostbright_planks":4,"minecraft:leather_boots":1,"minecraft:bone_meal":51,"twilightforest:twilight_oak_planks":24,"minecraft:iron_axe":1,"blue_skies:comet_planks":4,"minecraft:stone_pickaxe":1,"shieldsplus:stone_shield":2,"minecraft:spruce_boat":1,"minecraft:stone_axe":1,"minecraft:air":0,"variantvanillablocks:dark_oak_crafting_table":2,"minecraft:iron_shovel":2,"blue_skies:starlit_planks":8,"burnt:burnt_planks":4}},"DataVersion":3465}