{"stats":{"minecraft:picked_up":{"minecraft:leather_chestplate":1,"minecraft:black_carpet":3,"minecraft:potato":29,"minecraft:dark_oak_trapdoor":4,"minecraft:lantern":3,"minecraft:armor_stand":1,"minecraft:leather_boots":1,"minecraft:item_frame":1,"minecraft:experience_bottle":1,"minecraft:gray_carpet":5,"minecraft:raw_gold":4,"minecraft:spruce_planks":1,"perfectplushies:dolphin_plushie":2,"minecraft:stone_pickaxe":1,"minecraft:dark_oak_sign":1,"minecraft:glowstone_dust":3,"minecraft:sugar_cane":6,"minecraft:chest":3,"minecraft:dark_oak_sapling":3,"minecraft:raw_iron":6,"minecraft:cooked_porkchop":2,"minecraft:sweet_berries":2,"minecraft:quartz":1,"minecraft:spruce_sapling":1,"minecraft:cookie":1,"minecraft:carrot":68,"minecraft:spruce_log":6,"minecraft:redstone":30,"minecraft:leather_helmet":2,"minecraft:blue_carpet":1,"minecraft:pumpkin_seeds":4,"minecraft:stone_sword":1,"minecraft:rotten_flesh":2,"minecraft:diamond":4,"minecraft:stone_axe":1,"undead_revamp2:beespheromones":1,"minecraft:writable_book":1,"minecraft:emerald":1,"minecraft:bread":1,"minecraft:light_gray_carpet":4,"minecraft:stripped_dark_oak_log":4,"minecraft:coal":4,"minecraft:cobblestone":68},"minecraft:custom":{"minecraft:interact_with_furnace":5,"minecraft:mob_kills":3,"minecraft:interact_with_crafting_table":13,"minecraft:open_barrel":4,"minecraft:time_since_death":6624,"minecraft:time_since_rest":6723,"minecraft:sprint_one_cm":35922,"minecraft:damage_taken":425,"minecraft:walk_one_cm":37435,"minecraft:drop":2,"minecraft:damage_dealt":584,"minecraft:swim_one_cm":238,"minecraft:fly_one_cm":16280,"minecraft:open_chest":9,"minecraft:crouch_one_cm":453,"minecraft:play_time":19318,"minecraft:deaths":1,"minecraft:sneak_time":273,"minecraft:walk_under_water_one_cm":129,"minecraft:jump":189,"minecraft:walk_on_water_one_cm":2255,"minecraft:total_world_time":19318,"minecraft:fall_one_cm":4594},"minecraft:crafted":{"minecraft:spruce_planks":36,"minecraft:stone_axe":1,"minecraft:air":0,"minecraft:stick":16,"minecraft:iron_ingot":3,"minecraft:iron_pickaxe":1,"minecraft:stone_pickaxe":1,"minecraft:stone_sword":1},"minecraft:used":{"minecraft:stone_sword":14,"minecraft:stone_pickaxe":56,"minecraft:spruce_planks":1,"minecraft:leather_chestplate":1,"minecraft:leather_boots":1,"minecraft:carrot":4,"minecraft:bread":2,"minecraft:iron_pickaxe":20,"minecraft:leather_helmet":1,"minecraft:stone_axe":9},"minecraft:killed":{"undead_revamp2:theswarmer":2,"minecraft:zombie":2},"minecraft:dropped":{"perfectplushies:dolphin_plushie":1,"minecraft:leather_helmet":1},"minecraft:mined":{"minecraft:deepslate_redstone_ore":7,"minecraft:spruce_planks":1,"minecraft:deepslate_diamond_ore":4,"minecraft:stripped_dark_oak_log":3,"minecraft:blue_stained_glass":2,"minecraft:chest":2,"minecraft:deepslate_coal_ore":4,"minecraft:spruce_leaves":2,"minecraft:deepslate_gold_ore":5,"minecraft:glowstone":1,"minecraft:carrots":11,"minecraft:dark_oak_trapdoor":4,"minecraft:spruce_log":6,"minecraft:potatoes":8,"minecraft:deepslate_iron_ore":6,"minecraft:lantern":4,"minecraft:stone":26,"minecraft:deepslate_emerald_ore":1},"minecraft:killed_by":{"minecraft:zombie":1}},"DataVersion":3465}