{"stats":{"minecraft:picked_up":{"minecraft:leather_chestplate":1,"minecraft:black_carpet":3,"shieldsplus:wooden_shield":2,"minecraft:potato":29,"minecraft:wither_skeleton_skull":1,"minecraft:lapis_lazuli":11,"minecraft:dark_oak_trapdoor":4,"minecraft:lantern":13,"minecraft:armor_stand":1,"minecraft:leather_boots":1,"minecraft:item_frame":1,"minecraft:experience_bottle":1,"minecraft:apple":1,"minecraft:gray_carpet":5,"minecraft:raw_gold":5,"minecraft:spruce_planks":1,"perfectplushies:dolphin_plushie":2,"minecraft:stone_pickaxe":1,"minecraft:dark_oak_sign":1,"minecraft:tinted_glass":3,"minecraft:glowstone_dust":3,"minecraft:melon_slice":1,"minecraft:sugar_cane":6,"minecraft:chest":4,"minecraft:book":6,"minecraft:dark_oak_sapling":3,"minecraft:raw_iron":6,"minecraft:cooked_porkchop":2,"minecraft:sweet_berries":2,"minecraft:quartz":1,"minecraft:stripped_spruce_log":1,"minecraft:spruce_sapling":1,"minecraft:cookie":1,"minecraft:carrot":68,"minecraft:spruce_log":6,"minecraft:redstone":34,"minecraft:leather_helmet":2,"minecraft:blue_carpet":1,"minecraft:light_gray_bed":1,"minecraft:pumpkin_seeds":4,"minecraft:stone_sword":1,"minecraft:rotten_flesh":4,"minecraft:diamond":4,"minecraft:stone_axe":1,"minecraft:pumpkin_pie":1,"undead_revamp2:beespheromones":1,"minecraft:writable_book":1,"minecraft:emerald":1,"minecraft:bread":2,"minecraft:light_gray_carpet":4,"minecraft:stripped_dark_oak_log":4,"minecraft:coal":5,"minecraft:cobblestone":68},"minecraft:custom":{"minecraft:interact_with_furnace":15,"minecraft:mob_kills":3,"minecraft:interact_with_crafting_table":19,"minecraft:open_barrel":10,"minecraft:interact_with_loom":2,"minecraft:time_since_death":18624,"minecraft:sleep_in_bed":1,"minecraft:time_since_rest":4138,"minecraft:sprint_one_cm":52847,"minecraft:damage_taken":555,"minecraft:walk_one_cm":77085,"minecraft:drop":3,"minecraft:damage_dealt":1003,"minecraft:swim_one_cm":238,"minecraft:fly_one_cm":24869,"minecraft:open_chest":26,"minecraft:crouch_one_cm":790,"minecraft:play_time":31318,"minecraft:deaths":1,"minecraft:sneak_time":445,"minecraft:walk_under_water_one_cm":129,"minecraft:jump":264,"minecraft:walk_on_water_one_cm":2330,"minecraft:total_world_time":31318,"minecraft:fall_one_cm":6506},"minecraft:crafted":{"minecraft:leather_boots":1,"minecraft:spruce_planks":36,"minecraft:baked_potato":16,"minecraft:stone_axe":1,"minecraft:air":0,"minecraft:stick":16,"minecraft:iron_ingot":3,"minecraft:iron_pickaxe":1,"minecraft:stone_pickaxe":1,"minecraft:stone_sword":1,"shieldsplus:stone_shield":1},"minecraft:used":{"minecraft:stone_sword":25,"minecraft:stone_pickaxe":56,"minecraft:chest":3,"minecraft:spruce_planks":1,"minecraft:leather_chestplate":1,"minecraft:leather_boots":1,"minecraft:cookie":1,"minecraft:stripped_dark_oak_log":1,"minecraft:carrot":4,"minecraft:lantern":1,"minecraft:melon_slice":1,"minecraft:bread":2,"minecraft:iron_pickaxe":26,"minecraft:leather_helmet":1,"minecraft:stone_axe":13,"minecraft:cobblestone":6,"minecraft:cooked_porkchop":1,"minecraft:light_gray_bed":1},"minecraft:killed":{"undead_revamp2:theswarmer":2,"minecraft:zombie":2},"minecraft:dropped":{"perfectplushies:dolphin_plushie":1,"minecraft:wither_skeleton_skull":1,"minecraft:leather_helmet":1},"minecraft:mined":{"minecraft:deepslate_redstone_ore":8,"minecraft:spruce_planks":1,"minecraft:deepslate_diamond_ore":4,"minecraft:stripped_dark_oak_log":3,"minecraft:blue_stained_glass":2,"minecraft:chest":3,"minecraft:light_gray_bed":1,"minecraft:deepslate_coal_ore":5,"minecraft:spruce_leaves":2,"minecraft:deepslate_gold_ore":5,"minecraft:glowstone":1,"minecraft:carrots":11,"minecraft:dark_oak_trapdoor":4,"minecraft:tinted_glass":2,"minecraft:spruce_log":6,"minecraft:stripped_spruce_log":1,"minecraft:deepslate_lapis_ore":2,"minecraft:bookshelf":2,"minecraft:potatoes":8,"amendments:wall_lantern":1,"minecraft:deepslate_iron_ore":6,"minecraft:end_rod":1,"minecraft:lantern":5,"minecraft:stone":26,"minecraft:deepslate_emerald_ore":1},"minecraft:killed_by":{"minecraft:zombie":1}},"DataVersion":3465}