{"stats":{"minecraft:mined":{"minecraft:dark_oak_planks":8,"minecraft:white_bed":14,"minecraft:pink_bed":2,"minecraft:black_terracotta":1,"supplementaries:flower_box":13,"minecraft:cherry_log":345,"minecraft:jungle_leaves":10,"minecraft:red_sand":2,"minecraft:acacia_log":6,"minecraft:stone_brick_wall":6,"minecraft:jungle_log":10,"minecraft:light_gray_bed":3,"supplementaries:pedestal":2,"minecraft:crimson_fungus":1,"minecraft:oxeye_daisy":3,"variantvanillablocks:cherry_smoker":1,"minecraft:chiseled_stone_bricks":1,"minecraft:spawner":6,"minecraft:potted_fern":1,"minecraft:tall_seagrass":4,"minecraft:polished_blackstone_bricks":5,"minecraft:magma_block":3,"minecraft:mossy_cobblestone_stairs":2,"minecraft:dark_oak_trapdoor":1,"minecraft:cobbled_deepslate":11,"minecraft:barrel":2,"minecraft:fire":18,"minecraft:moss_carpet":1,"minecraft:deepslate_lapis_ore":4,"minecraft:enchanting_table":3,"minecraft:cave_vines":1,"minecraft:dirt_path":1,"amendments:wall_lantern":1,"minecraft:oak_stairs":5,"minecraft:spruce_pressure_plate":2,"minecraft:pink_tulip":33,"blue_skies:dusk_log":171,"kawaiidishes:coffee_machine":1,"minecraft:white_banner":1,"blue_skies:dusk_planks":25,"minecraft:tripwire":2,"burnt:smoldering_planks_3":1,"blue_skies:lunar_leaves":9,"variantvanillablocks:cherry_crafting_table":8,"minecraft:red_bed":10,"minecraft:kelp_plant":1,"minecraft:crimson_nylium":5,"minecraft:soul_fire":1,"minecraft:powder_snow":56,"twilightforest:liveroot_block":1,"minecraft:torch":40,"minecraft:blast_furnace":1,"minecraft:melon":10,"minecraft:dead_bush":1,"minecraft:glass":2,"minecraft:cyan_bed":6,"minecraft:sugar_cane":5,"minecraft:cherry_slab":34,"minecraft:skeleton_skull":4,"minecraft:white_terracotta":13,"minecraft:tinted_glass":5,"paraglider:horned_statue":1,"minecraft:wheat":302,"minecraft:lilac":1,"minecraft:jukebox":1,"minecraft:black_bed":6,"minecraft:potted_poppy":1,"minecraft:stone_brick_stairs":23,"luphieclutteredmod:luphie_pink_endtable":1,"minecraft:grass":275,"blue_skies:crescent_fruit_sapling":2,"luminousworld:grassvariant_3":27,"twilightforest:twilight_oak_fence":1,"supplementaries:clock_block":1,"minecraft:dark_prismarine":1,"minecraft:mossy_cobblestone":16,"blue_skies:lunar_sapling":4,"minecraft:cherry_sapling":4,"minecraft:dark_oak_log":1,"minecraft:jack_o_lantern":1,"luminousworld:mossbuds_1":2,"minecraft:allium":1,"minecraft:spruce_fence":9,"minecraft:jungle_planks":18,"minecraft:crimson_roots":9,"kawaiidishes:coffee_bush":12,"luminousworld:grassvariant_2":28,"minecraft:moss_block":7,"minecraft:kelp":1,"minecraft:white_concrete_powder":4,"minecraft:black_stained_glass_pane":1,"burnt:burnt_grass":2,"minecraft:jungle_sapling":1,"minecraft:snow":51,"minecraft:andesite":5,"overweight_farming:seedless_peeled_melon":1,"luminousworld:mossbuds_3":1,"morevillagers:hunting_post":3,"luphieclutteredmod:luphie_pastel_block_bookshelf":1,"refurbished_furniture:cherry_table":2,"minecraft:potatoes":73,"blue_skies:crescent_fruit":14,"minecraft:vine":10,"twilightforest:mining_door":2,"variantvanillablocks:spruce_crafting_table":8,"minecraft:bamboo":10,"minecraft:white_wool":2,"minecraft:cake":1,"minecraft:oak_slab":23,"minecraft:glass_pane":7,"luphieclutteredmod:small_shelf":3,"minecraft:cherry_planks":190,"luphieclutteredmod:luphie_pastel_table":5,"minecraft:potted_lily_of_the_valley":1,"blue_skies:starlit_log":21,"minecraft:stone_brick_slab":63,"minecraft:dandelion":1,"minecraft:cornflower":1,"burnt:smoldering_leaves_start":5,"twilightforest:mining_leaves":17,"luminousworld:auburnlog":5,"minecraft:tall_grass":82,"twilightforest:mining_log_core":1,"luminousworld:grassflowers":2,"minecraft:cracked_deepslate_bricks":2,"minecraft_earth_mobs:pink_daisy":11,"minecraft:diorite":1,"minecraft:red_terracotta":2,"variantvanillablocks:cherry_bookshelf":7,"minecraft:white_carpet":2,"minecraft:pink_wall_banner":3,"minecraft:spruce_log":47,"minecraft:birch_leaves":2,"variantvanillablocks:cherry_chest":2,"minecraft:pink_stained_glass_pane":2,"minecraft:zombie_head":1,"minecraft:gravel":2,"minecraft:cobweb":107,"minecraft:brown_terracotta":6,"twilightforest:mining_wood":10,"minecraft:acacia_planks":4,"minecraft:polished_blackstone":1,"minecraft:stone_bricks":179,"luminousworld:elephant_grass":2,"minecraft:gold_ore":12,"minecraft:deepslate_emerald_ore":2,"minecraft:fern":6,"undead_revamp2:arapholia":1,"minecraft:spruce_planks":11,"minecraft:farmland":19,"luminousworld:yellowpetunias":8,"minecraft:cobblestone_stairs":3,"paraglider:rito_goddess_statue":2,"minecraft:spruce_trapdoor":1,"minecraft:cave_vines_plant":1,"minecraft:grass_block":429,"refurbished_furniture:cherry_desk":1,"minecraft:cracked_polished_blackstone_bricks":2,"luphieclutteredmod:luphie_pink_counter":2,"minecraft:white_concrete":148,"minecraft:polished_blackstone_brick_slab":2,"minecraft:gilded_blackstone":10,"minecraft:smooth_stone":133,"blue_skies:stripped_dusk_log":23,"minecraft:mossy_cobblestone_slab":1,"minecraft:glowstone":6,"burnt:smoldering_planks_start":5,"minecraft:iron_ore":52,"minecraft:black_carpet":19,"minecraft:dark_oak_stairs":8,"minecraft:green_stained_glass":2,"burnt:burnt_log":1,"minecraft:red_tulip":1,"minecraft:iron_bars":15,"variantvanillablocks:warped_crafting_table":1,"minecraft:potted_cornflower":1,"minecraft:spruce_slab":4,"luminousworld:creepbush":2,"minecraft:deepslate_redstone_ore":2,"luphieclutteredmod:luphie_pink_cabinet":2,"luminousworld:tall_deadbush":3,"minecraft:blackstone":19,"mcwdoors:sliding_glass_door":6,"blue_skies:dusk_stairs":40,"supplementaries:book_pile":5,"luminousworld:purple_petunias":1,"minecraft:soul_lantern":2,"minecraft:clay":1,"minecraft_earth_mobs:buttercup":4,"minecraft:light_gray_terracotta":2,"minecraft:jungle_stairs":5,"minecraft:potted_warped_roots":2,"luminousworld:spuds":1,"minecraft:nether_quartz_ore":48,"minecraft:cobblestone":25,"minecraft:honeycomb_block":1,"variantvanillablocks:acacia_crafting_table":1,"minecraft:oak_planks":39,"minecraft:wall_torch":29,"minecraft:pink_petals":266,"minecraft:seagrass":2,"minecraft:stone_stairs":16,"blue_skies:lunar_log":17,"minecraft:dark_oak_slab":11,"luminousworld:clovers_1":1,"variantvanillablocks:dark_oak_crafting_table":6,"minecraft:birch_log":13,"aquamirae:wisteria_niveis":1,"paraglider:kakariko_goddess_statue":1,"burnt:smoldering_stairs_start":1,"refurbished_furniture:light_electricity_generator":1,"twilightforest:root":3,"minecraft:smooth_stone_slab":1,"minecraft:oak_log":159,"luphieclutteredmod:luphie_pink_sink_counter":2,"minecraft:beetroots":14,"minecraft:dirt":456,"minecraft:acacia_fence":4,"variantvanillablocks:birch_chest":2,"minecraft:sand":133,"minecraft:netherrack":569,"minecraft:oak_leaves":98,"minecraft:redstone_lamp":3,"burnt:smoldering_leaves":1,"luminousworld:groundpebbles_1":1,"minecraft:candle":1,"luminousworld:grassvariant_4":6,"minecraft:deepslate_diamond_ore":3,"burnt:burnt_planks":7,"luminousworld:blue_petunias":3,"minecraft:mangrove_roots":4,"twilightforest:mangrove_root":2,"minecraft:glow_lichen":1,"luminousworld:mossbuds_2":1,"minecraft:decorated_pot":4,"morevillagers:gardening_table":6,"refurbished_furniture:cherry_drawer":1,"seadwellers:aquamarine_crystal":2,"minecraft:white_stained_glass":5,"luminousworld:blackberrybush":2,"minecraft:spruce_leaves":29,"minecraft:sandstone":120,"luminousworld:groundpebbles_3":1,"minecraft:large_fern":4,"minecraft:hay_block":137,"blue_skies:crescent_fruit_leaves":5,"luminousworld:sunset_petunias":12,"minecraft:oak_trapdoor":1,"blue_skies:starlit_leaves":1,"minecraft:furnace":3,"minecraft:carrots":21,"minecraft:polished_basalt":1,"minecraft:stripped_spruce_log":8,"minecraft:black_concrete":2,"minecraft:peony":2,"minecraft:gold_block":3,"minecraft:bookshelf":18,"minecraft:deepslate_iron_ore":2,"luminousworld:snowgrass":5,"blue_skies:dusk_door":5,"minecraft:lantern":5,"minecraft:oxidized_cut_copper_slab":1,"minecraft:packed_ice":107,"minecraft:white_tulip":15,"minecraft:stone":879,"minecraft:cherry_stairs":39,"luphieclutteredmod:luphie_plant_jar":2,"twilightforest:mining_planks":6,"minecraft:podzol":2,"minecraft:scaffolding":3,"supplementaries:book_pile_horizontal":2,"minecraft:acacia_leaves":2,"minecraft:flowering_azalea":1,"luminousworld:blueberrybush":1,"twilightforest:mining_log":13,"minecraft:snow_block":46,"minecraft:soul_torch":7,"minecraft:stripped_dark_oak_log":8,"minecraft:oak_fence":4,"minecraft:crafting_table":3,"kawaiidishes:coffee_press":1,"taxov:block_sailor":1,"mcwdoors:cherry_western_door":3,"minecraft:deepslate_coal_ore":10,"minecraft:polished_blackstone_brick_stairs":3,"minecraft:spruce_stairs":4,"supplementaries:urn":1,"refurbished_furniture:workbench":1,"minecraft:birch_planks":5,"minecraft:sea_pickle":1,"minecraft:polished_blackstone_stairs":1,"minecraft:ice":193,"minecraft:bee_nest":2,"luminousworld:frost_golem_plaque":4,"blue_skies:dusk_trapdoor":14,"refurbished_furniture:cherry_chair":2,"minecraft:potted_azure_bluet":1,"minecraft:coal_ore":59,"minecraft:cocoa":13,"minecraft:flower_pot":3,"minecraft:cherry_leaves":79,"minecraft:end_rod":3,"minecraft:cyan_carpet":5,"luphieclutteredmod:luphie_white_armchair":3,"minecraft:cracked_stone_bricks":3,"luphieclutteredmod:unpainted_birdhouse":4,"minecraft:polished_andesite":1,"minecraft:mossy_stone_bricks":4,"luphieclutteredmod:pastel_pink_puzzle_piece_table":1,"paraglider:goddess_statue":6,"minecraft:birch_fence":1},"minecraft:picked_up":{"luminousworld:swamp_disk":1,"minecraft:iron_chestplate":12,"twilightforest:mining_door":2,"minecraft:flower_pot":16,"kawaiidishes:magenta_headband_fox_ears_red":1,"minecraft:suspicious_stew":4,"minecraft:lead":8,"minecraft:diamond_sword":19,"blue_skies:lunar_spear":1,"minecraft:oak_stairs":4,"minecraft:enchanted_book":10,"minecraft:polished_blackstone_brick_stairs":6,"paraglider:goddess_statue":6,"minecraft:string":56,"minecraft:dark_oak_trapdoor":1,"blue_skies:starlit_sapling":4,"minecraft:pufferfish":12,"paraglider:deku_leaf":2,"minecraft:beetroot":16,"minecraft:diamond_leggings":7,"minecraft:gold_nugget":96,"minecraft:cobbled_deepslate":20,"minecraft:spruce_planks":66,"variantvanillablocks:cherry_chest":3,"minecraft:written_book":1,"minecraft:melon_slice":3,"kawaiidishes:brown_maid_dress_cat_tail_black":1,"kawaiidishes:lime_thigh_highs":1,"minecraft:golden_helmet":1,"minecraft:spruce_pressure_plate":2,"minecraft:polished_blackstone_brick_slab":1,"luminousworld:auburnlog":6,"minecraft:jukebox":1,"minecraft:big_dripleaf":4,"luphieclutteredmod:luphie_pink_endtable":1,"minecraft:acacia_log":7,"paraglider:kakariko_goddess_statue":1,"kawaiidishes:coffee_machine":1,"minecraft:golden_axe":2,"minecraft:honeycomb_block":1,"minecraft:cherry_log":378,"morevillagers:hunting_post":3,"minecraft:warped_planks":2,"aquamirae:esca":23,"minecraft:brown_carpet":3,"luminousworld:grassflowers":4,"luphieclutteredmod:luphie_bunny_garland":2,"minecraft:light_gray_bed":2,"minecraft:tropical_fish":1,"burnt:burnt_log":1,"kawaiidishes:black_headband_fox_ears_red":1,"minecraft:blue_dye":3,"minecraft:red_tulip":1,"minecraft:cyan_terracotta":3,"minecraft:end_rod":6,"minecraft:white_terracotta":18,"supplementaries:ash":9,"burnt:arrow_catch_block_2":10,"alexsmobs:lobster_tail":4,"minecraft:iron_bars":25,"minecraft:snowball":239,"alexsmobs:flying_fish":4,"minecraft:birch_log":13,"minecraft:magma_block":4,"minecraft:feather":12,"minecraft:water_bucket":1,"taxov:pirate_axe":1,"minecraft:jungle_log":10,"luminousworld:frost_golem_plaque":5,"kawaiidishes:light_gray_maid_dress":2,"minecraft:lantern":5,"artifacts:flippers":7,"aquamirae:fin":7,"minecraft:purple_carpet":3,"minecraft:stonecutter":1,"luminousworld:elephant_grass":1,"minecraft:diamond_helmet":1,"minecraft:glowstone_dust":29,"minecraft:moss_block":6,"blue_skies:starlit_stick":4,"aquamirae:terrible_sword":6,"minecraft:honeycomb":3,"minecraft:chiseled_polished_blackstone":1,"luminousworld:creepberries":2,"kawaiidishes:light_gray_headband_fox_ears_brown":1,"aquamirae:anglers_fang":8,"minecraft:stripped_spruce_log":15,"kawaiidishes:black_maid_dress_fox_tail_red":1,"minecraft:ink_sac":1,"kawaiidishes:green_headband_horns_black":1,"minecraft:red_terracotta":3,"minecraft:dark_oak_log":1,"minecraft:barrel":28,"alexsmobs:animal_dictionary":1,"undead_revamp2:heavytooth":1,"aquamirae:music_disc_horizon":4,"minecraft:polished_andesite":7,"naturalist:antler":8,"cozy_home:cherry_chair":3,"aquamirae:rune_of_the_storm":1,"luminousworld:yellowpetunias":10,"minecraft:writable_book":1,"variantvanillablocks:warped_crafting_table":1,"shieldsplus:iron_shield":10,"minecraft:bread":270,"minecraft:chainmail_helmet":3,"kawaiidishes:white_thigh_highs":1,"minecraft:jack_o_lantern":1,"minecraft:cherry_slab":52,"minecraft:crimson_roots":21,"minecraft:diamond_pickaxe":9,"luminousworld:groundpebbles_1":5,"minecraft:crafting_table":3,"minecraft:coarse_dirt":1,"variantvanillablocks:cherry_crafting_table":8,"minecraft:redstone_lamp":4,"minecraft:leather_leggings":1,"backpacked:backpack":11,"luphieclutteredmod:luphie_pastel_table":7,"refurbished_furniture:cherry_drawer":1,"minecraft:cornflower":11,"aquamirae:sharp_bones":3,"minecraft:red_bed":9,"supplementaries:globe":2,"twilightforest:mining_planks":6,"minecraft:white_carpet":3,"minecraft:iron_shovel":10,"minecraft:cracked_stone_bricks":2,"morevillagers:gardening_table":6,"minecraft:beef":7,"overweight_farming:seedless_peeled_melon":1,"minecraft:jungle_sapling":2,"minecraft:iron_nugget":35,"minecraft:poppy":1,"minecraft:spruce_slab":5,"minecraft:chest":2,"burnt:burnt_planks":4,"minecraft:sandstone":86,"naturalist:duck":1,"minecraft:stone":996,"luminousworld:blue_petunias":3,"minecraft:oak_door":1,"minecraft:music_disc_mellohi":1,"kawaiidishes:dark_brown_shoes":11,"minecraft:spruce_fence":6,"supplementaries:pedestal":3,"minecraft:white_dye":7,"minecraft:carrot":161,"minecraft:redstone":33,"minecraft:diamond_chestplate":8,"minecraft:cooked_cod":53,"minecraft:beetroot_seeds":12,"minecraft:decorated_pot":1,"minecraft:peony":2,"minecraft:diamond_boots":6,"minecraft:shears":4,"seadwellers:icy_loot_crate":1,"minecraft:hay_block":131,"kawaiidishes:light_gray_maid_dress_devil_tail_black":1,"minecraft:gold_ingot":63,"aquamirae:treasure_pouch":1,"artifacts:pocket_piston":2,"luphieclutteredmod:luphie_plant_jar":2,"minecraft:glow_berries":1,"minecraft:mutton":9,"minecraft:white_wool":37,"minecraft:oxeye_daisy":4,"minecraft:stripped_oak_log":2,"minecraft:birch_leaves":1,"minecraft:clock":1,"minecraft:red_glazed_terracotta":6,"blue_skies:dusk_planks":162,"minecraft:yellow_dye":2,"minecraft:fern":1,"minecraft:red_mushroom_block":3,"fnm_recrafted:lostsoul":5,"aquamirae:spinefish":9,"minecraft:oak_log":182,"minecraft:golden_boots":2,"kawaiidishes:green_headband_cat_ears_black":1,"minecraft:paper":4,"minecraft:white_banner":3,"twilightforest:liveroot":3,"mcwdoors:sliding_glass_door":6,"minecraft:apple":13,"minecraft:stone_bricks":231,"minecraft:kelp":6,"twilightforest:mining_log":14,"minecraft:stone_pickaxe":1,"minecraft:iron_ore":12,"minecraft:cobweb":65,"kawaiidishes:coffee_fruit":19,"minecraft:glass_bottle":7,"minecraft:iron_sword":4,"kawaiidishes:coffee_press":1,"minecraft:flowering_azalea":1,"minecraft:dark_oak_stairs":9,"blue_skies:stripped_dusk_log":23,"minecraft:polished_andesite_stairs":2,"minecraft:dark_oak_slab":8,"blue_skies:crescent_fruit_sapling":50,"aquamirae:ship_graveyard_echo":2,"alexsmobs:fish_bones":1,"minecraft:gravel":34,"refurbished_furniture:workbench":1,"minecraft:spruce_sapling":24,"minecraft:spruce_log":50,"blue_skies:starlit_log":21,"minecraft:leather_helmet":1,"taxov:block_sailor":1,"minecraft:diamond_shovel":1,"minecraft:coal_ore":1,"minecraft:slime_ball":7,"minecraft:diamond_axe":9,"minecraft:painting":98,"minecraft:warped_roots":2,"minecraft:baked_potato":140,"minecraft:crimson_nylium":9,"minecraft:melon_seeds":1,"minecraft:stripped_dark_oak_log":8,"minecraft:smooth_quartz_slab":7,"minecraft:pink_dye":3,"minecraft:ender_pearl":2,"aquamirae:elodea":2,"minecraft:black_carpet":47,"minecraft:wheat":436,"minecraft:ender_chest":2,"minecraft:potion":9,"seadwellers:aquamarine":5,"minecraft:gilded_blackstone":11,"minecraft:nether_brick":584,"minecraft:stone_brick_stairs":22,"luphieclutteredmod:luphie_pastel_chair":2,"aquamirae:pirate_pouch":12,"alexsmobs:ancient_dart":1,"fnm_recrafted:witherbone":3,"minecraft:smooth_stone_slab":6,"minecraft:iron_leggings":9,"aquamirae:dagger_of_greed":4,"blue_skies:dusk_stick":6,"minecraft:armor_stand":1,"minecraft:experience_bottle":1,"minecraft:oak_sign":4,"minecraft:sea_pickle":2,"minecraft:red_sand":2,"minecraft:smooth_stone":559,"minecraft:bucket":8,"minecraft:eye_armor_trim_smithing_template":11,"minecraft:white_tulip":7,"minecraft:red_dye":3,"minecraft:rose_bush":10,"refurbished_furniture:cherry_table":2,"minecraft:ender_eye":1,"minecraft:smooth_quartz":8,"minecraft:iron_pickaxe":19,"luphieclutteredmod:luphie_pastel_block_bookshelf":3,"minecraft:smooth_quartz_stairs":2,"minecraft:iron_boots":13,"minecraft:furnace":3,"blue_skies:dusk_log":178,"minecraft:stick":152,"minecraft:acacia_fence":3,"minecraft:oak_fence":3,"minecraft:brown_terracotta":6,"minecraft:torch":136,"minecraft:spruce_stairs":3,"minecraft:porkchop":22,"minecraft:snow_block":6,"blue_skies:dusk_door":13,"minecraft:diorite":1,"minecraft:quartz_block":2,"minecraft:rotten_flesh":82,"kawaiidishes:light_blue_thigh_highs":5,"kawaiidishes:yellow_headband_cat_ears_caramel":1,"luminousworld:tall_deadbush":3,"minecraft:obsidian":17,"undead_revamp2:arapholia":5,"minecraft:cod":33,"minecraft:cobblestone":1118,"minecraft:nautilus_shell":3,"paraglider:paraglider":15,"minecraft:enchanting_table":3,"minecraft:pink_petals":1081,"minecraft:leather_chestplate":2,"blue_skies:crescent_fruit":93,"minecraft:cherry_planks":348,"minecraft:black_bed":10,"cataclysm:coral_bardiche":1,"minecraft:chiseled_quartz_block":2,"luphieclutteredmod:luphie_pink_counter":2,"kawaiidishes:light_gray_thigh_highs":1,"minecraft:potato":331,"supplementaries:item_shelf":2,"aquamirae:three_bolt_helmet":2,"paraglider:spirit_orb":103,"minecraft:light_gray_dye":1,"supplementaries:flute":1,"undead_revamp2:huntereye":6,"minecraft:lapis_lazuli":47,"minecraft:dirt":972,"minecraft:name_tag":2,"minecraft:bone":144,"minecraft:acacia_planks":4,"kawaiidishes:piece_of_chocolate_cheesecake":1,"blue_skies:lunar_log":17,"minecraft:bow":22,"minecraft:pink_banner":3,"minecraft:wheat_seeds":783,"aquamirae:wisteria_niveis":2,"variantvanillablocks:cherry_smoker":1,"minecraft:raw_gold":12,"minecraft:mossy_stone_bricks":1,"minecraft:bamboo":38,"blue_skies:lunar_sapling":7,"alexsmobs:blobfish":1,"minecraft:oak_planks":83,"minecraft:black_terracotta":1,"minecraft:cooked_porkchop":100,"mcwdoors:cherry_western_door":3,"kawaiidishes:pink_maid_dress_fox_tail_white":1,"minecraft:poisonous_potato":1,"minecraft:jungle_planks":29,"minecraft:sand":290,"minecraft:grass_block":1,"minecraft:cyan_bed":6,"minecraft:oxidized_cut_copper_slab":2,"minecraft:spectral_arrow":19,"luminousworld:enchanted_root":1,"minecraft:mossy_cobblestone":14,"luminousworld:amethyst_disc":1,"minecraft:dark_prismarine":7,"minecraft:light_gray_terracotta":2,"artifacts:golden_hook":2,"minecraft:diamond":27,"luminousworld:king_crab_plaque":1,"minecraft:black_concrete":1,"minecraft_earth_mobs:fancy_feather":3,"minecraft:soul_lantern":1,"minecraft:cracked_polished_blackstone_bricks":2,"minecraft:crossbow":11,"minecraft:bone_meal":71,"minecraft:golden_apple":4,"minecraft:white_concrete":140,"kawaiidishes:purple_maid_dress_fox_tail_red":1,"luphieclutteredmod:unpainted_birdhouse":4,"minecraft:emerald":300,"minecraft:oak_sapling":5,"minecraft:netherrack":284,"minecraft:oak_leaves":4,"minecraft:fishing_rod":3,"minecraft:cocoa_beans":28,"minecraft:azure_bluet":1,"minecraft:chicken":11,"naturalist:venison":7,"kawaiidishes:green_maid_dress_fox_tail_red":1,"refurbished_furniture:cherry_chair":1,"luphieclutteredmod:luphie_pink_sink_counter":2,"minecraft:packed_ice":17,"minecraft:wooden_pickaxe":1,"variantvanillablocks:acacia_crafting_table":1,"minecraft:stone_brick_wall":7,"minecraft:gold_block":3,"minecraft:brick":8,"minecraft:moss_carpet":2,"minecraft:oak_trapdoor":2,"minecraft:stone_stairs":274,"kawaiidishes:brown_headband_cat_ears_black":1,"minecraft:iron_axe":12,"artifacts:feral_claws":9,"variantvanillablocks:spruce_crafting_table":9,"minecraft:item_frame":8,"minecraft:birch_fence":1,"minecraft:cyan_carpet":6,"minecraft:blackstone":154,"paraglider:rito_goddess_statue":2,"minecraft:oak_boat":15,"refurbished_furniture:light_electricity_generator":1,"minecraft:tinted_glass":5,"minecraft:sugar_cane":4,"luminousworld:gator_tooth":7,"minecraft:spruce_trapdoor":1,"kawaiidishes:black_devil_tail":3,"minecraft:raw_iron":53,"minecraft:cherry_stairs":40,"minecraft:copper_ingot":5,"luphieclutteredmod:pastel_pink_puzzle_piece_table":2,"minecraft:polished_blackstone_bricks":5,"luphieclutteredmod:small_shelf":4,"minecraft:quartz_pillar":12,"minecraft:cookie":1,"luminousworld:beastiary":2,"minecraft:trident":1,"kawaiidishes:purple_headband_fox_ears_red":1,"alexsmobs:leafcutter_ant_pupa":1,"supplementaries:flower_box":13,"minecraft:dark_oak_planks":7,"minecraft:arrow":1483,"minecraft:jungle_stairs":3,"luphieclutteredmod:luphie_pink_cabinet":2,"minecraft:pink_tulip":15,"sleep_tight:bedbug_eggs":3,"minecraft:saddle":1,"blue_skies:dusk_stairs":36,"minecraft:skeleton_skull":4,"minecraft:jungle_boat":12,"minecraft:basalt":15,"minecraft:golden_carrot":3,"artifacts:digging_claws":8,"minecraft:glow_ink_sac":3,"minecraft:salmon":34,"minecraft:leather":24,"minecraft:birch_planks":6,"minecraft:ice":2,"luminousworld:tree_ant_trophy":1,"blue_skies:lunar_stick":13,"kawaiidishes:brown_shoes":3,"minecraft:cobblestone_stairs":1,"luphieclutteredmod:luphie_white_armchair":4,"minecraft:coast_armor_trim_smithing_template":27,"twilightforest:mining_wood":10,"minecraft:red_sandstone":3,"minecraft:rabbit_hide":6,"minecraft:iron_ingot":273,"minecraft:soul_sand":7,"minecraft:book":131,"minecraft:oak_slab":23,"minecraft:scaffolding":3,"minecraft:pink_bed":3,"refurbished_furniture:cherry_desk":1,"minecraft:birch_boat":8,"minecraft:chiseled_stone_bricks":1,"minecraft:stone_brick_slab":73,"minecraft:quartz":4,"minecraft:dandelion":2,"luminousworld:sunset_petunias":10,"burnt:burnt_dirt":3,"minecraft_earth_mobs:pink_daisy":2,"minecraft:soul_torch":3,"minecraft:white_bed":14,"twilightforest:twilight_oak_fence":7,"artifacts:scarf_of_invisibility":3,"minecraft:spider_eye":5,"variantvanillablocks:dark_oak_crafting_table":6,"minecraft:music_disc_mall":2,"minecraft:white_concrete_powder":4,"minecraft:iron_helmet":17,"minecraft:cherry_sapling":116,"minecraft:mossy_cobblestone_stairs":2,"kawaiidishes:brown_thigh_highs":1,"minecraft:coal":217,"variantvanillablocks:birch_chest":2,"minecraft:sunflower":1},"minecraft:used":{"minecraft:moss_block":6,"minecraft:writable_book":1,"minecraft:spruce_slab":1,"minecraft:black_carpet":19,"minecraft:chest":4,"refurbished_furniture:cherry_table":4,"minecraft:stone":283,"minecraft:snowball":60,"luphieclutteredmod:luphie_pastel_table":7,"minecraft:jungle_sapling":1,"minecraft:packed_ice":1,"twilightforest:mining_log":4,"variantvanillablocks:cherry_bookshelf":13,"minecraft:stone_brick_stairs":20,"variantvanillablocks:cherry_crafting_table":9,"minecraft:potato":23,"luphieclutteredmod:small_shelf":3,"minecraft:cooked_cod":103,"minecraft:bow":256,"minecraft:furnace":4,"minecraft:oak_sapling":1,"refurbished_furniture:cherry_desk":2,"luminousworld:autumnplank":5,"refurbished_furniture:cherry_drawer":2,"minecraft:wooden_pickaxe":7,"luminousworld:auburnlog":3,"minecraft:jungle_boat":12,"minecraft:oak_leaves":4,"minecraft:golden_apple":4,"variantvanillablocks:dark_oak_crafting_table":6,"minecraft:sand":12,"variantvanillablocks:cherry_smoker":1,"minecraft:birch_fence":1,"kawaiidishes:piece_of_chocolate_cheesecake":12,"minecraft:cyan_carpet":4,"supplementaries:clock_block":2,"minecraft:red_terracotta":2,"minecraft:diamond_sword":966,"burnt:burnt_planks":4,"luphieclutteredmod:luphie_pink_cabinet":3,"minecraft:oak_boat":17,"minecraft:ice":1,"mcwdoors:cherry_western_door":3,"luphieclutteredmod:pastel_pink_puzzle_piece_table":1,"aquamirae:dagger_of_greed":20,"minecraft:oak_trapdoor":1,"minecraft:polished_blackstone_brick_slab":1,"minecraft:iron_bars":4,"minecraft:enchanting_table":2,"twilightforest:mining_planks":6,"minecraft:tinted_glass":5,"refurbished_furniture:cherry_chair":3,"minecraft:cooked_salmon":6,"minecraft:netherrack":33,"minecraft:torch":147,"aquamirae:terrible_sword":557,"minecraft:stone_stairs":18,"luphieclutteredmod:luphie_retro_white_fridge":1,"blue_skies:dusk_stairs":94,"minecraft:mossy_cobblestone_stairs":2,"minecraft:music_disc_mellohi":1,"supplementaries:pedestal":3,"minecraft:cherry_slab":52,"minecraft:iron_axe":805,"blue_skies:crescent_fruit_sapling":25,"variantvanillablocks:dark_oak_chest":2,"minecraft:pink_stained_glass_pane":29,"blue_skies:dusk_trapdoor":14,"minecraft:barrel":11,"minecraft:diamond_chestplate":4,"luminousworld:frost_golem_plaque":4,"minecraft:cobbled_deepslate":10,"minecraft:acacia_planks":20,"luphieclutteredmod:luphie_bunny_garland":1,"minecraft:cherry_log":1,"twilightforest:mining_sapling":1,"minecraft:water_bucket":10,"minecraft:birch_planks":19,"variantvanillablocks:cherry_chest":8,"minecraft:cherry_planks":896,"minecraft:red_mushroom_block":3,"luphieclutteredmod:luphie_yellow_planks":4,"blue_skies:stripped_dusk_log":2,"minecraft:polished_blackstone_bricks":3,"minecraft:mossy_cobblestone":10,"minecraft:red_bed":8,"minecraft:crafting_table":5,"minecraft:oak_slab":26,"minecraft:white_bed":10,"minecraft:cod":6,"minecraft:diamond_pickaxe":1228,"minecraft:spruce_pressure_plate":2,"minecraft:iron_pickaxe":1474,"minecraft:suspicious_stew":5,"minecraft:spruce_sapling":1,"blue_skies:crescent_fruit":39,"minecraft:crimson_nylium":9,"minecraft:pink_bed":2,"minecraft:enchanted_book":6,"minecraft:cobblestone":207,"minecraft:potion":4,"minecraft:cooked_porkchop":79,"minecraft:glass_pane":3,"minecraft:diamond_leggings":9,"minecraft:jukebox":1,"blue_skies:lunar_spear":5,"minecraft:cherry_sapling":12,"minecraft:red_sand":2,"minecraft:iron_shovel":452,"variantvanillablocks:acacia_crafting_table":1,"minecraft:white_concrete_powder":12,"minecraft:decorated_pot":1,"minecraft:white_terracotta":11,"minecraft:iron_sword":423,"blue_skies:dusk_slab":18,"twilightforest:twilight_oak_fence":1,"minecraft:iron_chestplate":4,"blue_skies:lunar_sapling":8,"mcwdoors:sliding_glass_door":6,"naturalist:cooked_venison":1,"paraglider:goddess_statue":3,"shieldsplus:iron_shield":48,"minecraft:jungle_planks":35,"minecraft:carrot":79,"minecraft:axolotl_bucket":1,"minecraft:obsidian":11,"minecraft:milk_bucket":1,"minecraft:honey_bottle":8,"minecraft:glass":18,"variantvanillablocks:spruce_crafting_table":9,"minecraft:cyan_terracotta":3,"luphieclutteredmod:unpainted_birdhouse":5,"kawaiidishes:coffee_press":2,"minecraft:iron_helmet":9,"minecraft:stone_bricks":297,"minecraft:item_frame":2,"minecraft:brown_carpet":3,"minecraft:redstone_lamp":3,"minecraft:hay_block":7,"minecraft:written_book":3,"minecraft:scaffolding":3,"minecraft:mangrove_roots":1,"minecraft:skeleton_skull":2,"minecraft:stone_pickaxe":3,"minecraft:sandstone":6,"minecraft:dark_oak_stairs":6,"minecraft:chiseled_polished_blackstone":1,"minecraft:diamond_boots":4,"minecraft:end_rod":3,"minecraft:oak_planks":107,"blue_skies:starlit_sapling":5,"minecraft:ender_pearl":1,"blue_skies:dusk_log":25,"minecraft:chainmail_helmet":1,"twilightforest:mining_door":6,"luminousworld:groundpebbles_1":2,"minecraft:diamond_axe":808,"variantvanillablocks:birch_chest":5,"taxov:pirate_axe":1,"luminousworld:yellowpetunias":6,"minecraft:loom":1,"blue_skies:dusk_door":11,"minecraft:stone_brick_wall":2,"minecraft:black_bed":7,"minecraft:shears":83,"morevillagers:gardening_table":6,"supplementaries:flower_box":23,"minecraft:bread":309,"minecraft:string":2,"minecraft:cyan_bed":7,"minecraft:music_disc_mall":2,"paraglider:kakariko_goddess_statue":2,"luphieclutteredmod:luphie_pink_sink_counter":3,"variantvanillablocks:spruce_chest":8,"aquamirae:music_disc_horizon":3,"minecraft:smooth_stone_slab":6,"minecraft:tropical_fish_bucket":1,"minecraft:white_concrete":103,"luphieclutteredmod:luphie_white_armchair":4,"minecraft:bone_meal":229,"minecraft:experience_bottle":3,"minecraft:oak_fence":14,"minecraft:rose_bush":1,"minecraft:trident":1,"luphieclutteredmod:luphie_pastel_block_bookshelf":2,"minecraft:dried_kelp":7,"minecraft:spruce_planks":88,"cataclysm:coral_bardiche":1,"minecraft:wooden_shovel":139,"minecraft:dirt":832,"luminousworld:grassflowers":1,"minecraft:spruce_stairs":2,"minecraft:diamond_helmet":1,"refurbished_furniture:cherry_kitchen_drawer":2,"luphieclutteredmod:luphie_pastel_chair":2,"supplementaries:item_shelf":2,"minecraft:dark_oak_planks":11,"minecraft:iron_hoe":59,"minecraft:stone_brick_slab":165,"minecraft:wooden_axe":47,"minecraft:oak_stairs":4,"minecraft:polished_blackstone_brick_stairs":2,"minecraft:iron_boots":3,"kawaiidishes:coffee_machine":1,"luphieclutteredmod:luphie_pink_endtable":2,"paraglider:rito_goddess_statue":3,"minecraft:golden_carrot":5,"minecraft:cooked_beef":3,"minecraft:light_gray_bed":2,"alexsmobs:blobfish":1,"minecraft:iron_leggings":6,"blue_skies:dusk_planks":318,"minecraft:cobblestone_stairs":5,"luphieclutteredmod:luphie_plant_jar":3,"minecraft:snow_block":6,"minecraft:polished_andesite":3,"minecraft:glass_bottle":10,"minecraft:baked_potato":116,"minecraft:pink_banner":3,"minecraft:birch_boat":8,"blue_skies:comet_planks":1,"minecraft:stonecutter":1,"minecraft:red_glazed_terracotta":3,"morevillagers:hunting_post":3,"minecraft:painting":98,"minecraft:book":16,"minecraft:flower_pot":1,"luphieclutteredmod:luphie_pink_counter":3,"minecraft:apple":8,"minecraft:chicken":2,"minecraft:jungle_stairs":1,"refurbished_furniture:light_electricity_generator":2,"minecraft:stone_axe":104,"minecraft:pink_petals":65,"minecraft:fishing_rod":6,"refurbished_furniture:workbench":2,"minecraft:cherry_stairs":133,"minecraft:white_banner":1,"minecraft:bucket":12,"alexsmobs:animal_dictionary":6,"variantvanillablocks:spruce_smithing_table":1,"minecraft:smooth_stone":410},"minecraft:crafted":{"luphieclutteredmod:luphie_pink_cabinet":1,"minecraft:black_dye":4,"twilightforest:mining_door":6,"paraglider:rito_goddess_statue":3,"minecraft:birch_boat":1,"variantvanillablocks:dark_oak_chest":1,"blue_skies:lunar_planks":68,"minecraft:loom":1,"variantvanillablocks:cherry_chest":5,"paraglider:deku_leaf":2,"variantvanillablocks:cherry_bookshelf":13,"minecraft:cooked_mutton":3,"supplementaries:pedestal":2,"minecraft:glass":10,"minecraft:diamond_helmet":2,"minecraft:diamond_leggings":2,"blue_skies:dusk_stick":8,"blue_skies:starlit_stick":8,"minecraft:magenta_dye":1,"mcwdoors:cherry_western_door":3,"luphieclutteredmod:luphie_pink_sink_counter":1,"luphieclutteredmod:luphie_pastel_table":1,"minecraft:glass_bottle":54,"minecraft:wooden_shovel":3,"minecraft:emerald":24,"minecraft:cooked_porkchop":74,"minecraft:diamond_axe":1,"minecraft:jungle_boat":2,"luphieclutteredmod:luphie_pink_counter":2,"minecraft:painting":5,"refurbished_furniture:cherry_table":2,"minecraft:stone_brick_stairs":256,"minecraft:iron_pickaxe":5,"minecraft:gold_ingot":18,"minecraft:light_gray_dye":1,"aquamirae:terrible_sword":1,"refurbished_furniture:cherry_desk":1,"minecraft:golden_carrot":4,"minecraft:bone_meal":237,"minecraft:pink_dye":81,"kawaiidishes:glass_cup":1,"minecraft:stone_stairs":100,"minecraft:spruce_stairs":8,"refurbished_furniture:workbench":1,"twilightforest:twilight_oak_planks":4,"blue_skies:comet_planks":4,"minecraft:ladder":15,"blue_skies:dusk_stairs":104,"minecraft:cherry_stairs":184,"minecraft:stone_pickaxe":2,"minecraft:diamond_boots":1,"minecraft:redstone_block":2,"minecraft:dark_oak_planks":36,"minecraft:wheat":1107,"luminousworld:autumnplank":8,"minecraft:dried_kelp":45,"minecraft:light_blue_wool":6,"variantvanillablocks:cherry_crafting_table":2,"minecraft:golden_apple":3,"minecraft:wooden_axe":1,"luphieclutteredmod:luphie_yellow_planks":4,"minecraft:iron_shovel":3,"minecraft:iron_leggings":2,"minecraft:white_bed":1,"blue_skies:starlit_planks":84,"variantvanillablocks:cherry_smoker":1,"blue_skies:dusk_trapdoor":14,"blue_skies:dusk_door":9,"minecraft:oak_planks":716,"mcwfurnitures:cherry_covered_desk":8,"naturalist:cooked_venison":1,"minecraft:cherry_slab":24,"paraglider:kakariko_goddess_statue":1,"minecraft:cobblestone_stairs":4,"minecraft:stone":101,"mcwdoors:sliding_glass_door":14,"minecraft:flower_banner_pattern":1,"variantvanillablocks:acacia_crafting_table":1,"kawaiidishes:coffee_press":1,"luphieclutteredmod:luphie_plant_jar":1,"minecraft:stone_brick_slab":102,"minecraft:iron_boots":2,"minecraft:chest":8,"morevillagers:gardening_table":1,"blue_skies:lunar_spear":1,"minecraft:stone_bricks":208,"minecraft:oak_fence":15,"minecraft:golden_boots":1,"refurbished_furniture:light_electricity_generator":1,"minecraft:oak_slab":18,"variantvanillablocks:spruce_smithing_table":1,"minecraft:arrow":192,"variantvanillablocks:spruce_crafting_table":2,"blue_skies:dusk_planks":576,"minecraft:crafting_table":3,"minecraft:spruce_planks":204,"minecraft:iron_helmet":3,"minecraft:baked_potato":115,"refurbished_furniture:cherry_drawer":1,"minecraft:birch_planks":52,"twilightforest:twilight_oak_fence":3,"luphieclutteredmod:unpainted_birdhouse":1,"minecraft:pink_wool":15,"minecraft:diamond_pickaxe":1,"minecraft:paper":3,"minecraft:yellow_dye":1,"minecraft:purple_dye":6,"minecraft:stick":914,"minecraft:light_blue_dye":6,"minecraft:iron_ingot":28,"minecraft:shears":2,"minecraft:cherry_planks":1260,"minecraft:purple_wool":6,"minecraft:fishing_rod":1,"minecraft:spruce_button":33,"minecraft:blast_furnace":1,"minecraft:furnace":4,"luphieclutteredmod:luphie_pink_endtable":1,"minecraft:glass_pane":80,"variantvanillablocks:spruce_chest":8,"kawaiidishes:black_devil_tail":1,"refurbished_furniture:cherry_chair":2,"minecraft:white_concrete_powder":8,"minecraft:iron_axe":4,"refurbished_furniture:cherry_kitchen_drawer":2,"minecraft:iron_hoe":2,"backpacked:backpack":1,"shieldsplus:wooden_shield":1,"paraglider:paraglider":3,"minecraft:red_dye":8,"minecraft:cooked_cod":33,"supplementaries:item_shelf":2,"blue_skies:dusk_slab":72,"minecraft:diamond_sword":1,"twilightforest:mining_planks":80,"shieldsplus:iron_shield":1,"minecraft:iron_sword":1,"luphieclutteredmod:luphie_wood_endtable":1,"minecraft:bucket":2,"minecraft:stone_axe":1,"minecraft:bread":362,"minecraft:air":0,"minecraft:jungle_planks":40,"minecraft:blue_dye":10,"refurbished_furniture:wrench":1,"variantvanillablocks:birch_chest":3,"minecraft:oak_boat":4,"minecraft:gold_nugget":27,"minecraft:white_dye":9,"supplementaries:flower_box":10,"minecraft:pink_stained_glass_pane":40,"variantvanillablocks:dark_oak_crafting_table":1,"minecraft:blue_wool":3,"minecraft:stonecutter":1,"minecraft:pink_banner":1,"luphieclutteredmod:luphie_retro_white_fridge":1,"minecraft:acacia_planks":28,"supplementaries:clock_block":1,"minecraft:torch":72,"luphieclutteredmod:luphie_pastel_chair":1,"minecraft:diamond_chestplate":3},"minecraft:killed_by":{"minecraft:piglin_brute":1,"minecraft:pillager":1,"minecraft:vindicator":2,"minecraft:zombie":2,"minecraft:vex":2,"undead_revamp2:sucker":1,"minecraft:creeper":1,"minecraft:drowned":2,"creeperoverhaul:ocean_creeper":3,"enemyexpansion:sprinter":1,"minecraft:player":3,"minecraft:spider":1,"aquamirae:anglerfish":1,"undead_revamp2:thehunter":1},"minecraft:broken":{"minecraft:wooden_shovel":1,"aquamirae:terrible_sword":1,"minecraft:iron_leggings":2,"minecraft:iron_axe":2,"minecraft:iron_pickaxe":3,"minecraft:iron_helmet":4,"minecraft:diamond_chestplate":1,"shieldsplus:iron_shield":1},"minecraft:custom":{"minecraft:interact_with_crafting_table":374,"minecraft:open_barrel":344,"minecraft:leave_game":86,"minecraft:time_since_death":600419,"minecraft:damage_blocked_by_shield":858,"minecraft:play_time":2342923,"minecraft:deaths":23,"minecraft:jump":23618,"minecraft:enchant_item":1,"minecraft:interact_with_furnace":149,"minecraft:play_record":6,"minecraft:traded_with_villager":40,"minecraft:sleep_in_bed":101,"minecraft:damage_dealt":46986,"minecraft:interact_with_smoker":6,"minecraft:interact_with_smithing_table":10,"minecraft:interact_with_anvil":2,"minecraft:sneak_time":8495,"minecraft:interact_with_lectern":5,"minecraft:interact_with_blast_furnace":5,"minecraft:total_world_time":2342923,"minecraft:interact_with_stonecutter":2,"minecraft:time_since_rest":49274,"minecraft:swim_one_cm":615865,"minecraft:fly_one_cm":4684709,"minecraft:open_chest":1304,"minecraft:fall_one_cm":571004,"minecraft:fish_caught":1,"minecraft:sprint_one_cm":6463320,"minecraft:drop":398,"minecraft:talked_to_villager":100,"minecraft:walk_on_water_one_cm":218431,"minecraft:interact_with_loom":17,"minecraft:open_enderchest":56,"minecraft:crouch_one_cm":23556,"minecraft:mob_kills":289,"minecraft:damage_dealt_resisted":373,"minecraft:climb_one_cm":114095,"minecraft:walk_one_cm":6618304,"minecraft:walk_under_water_one_cm":190249,"minecraft:boat_one_cm":943445,"minecraft:raid_trigger":1,"minecraft:pot_flower":1,"minecraft:damage_absorbed":90,"minecraft:damage_taken":36984},"minecraft:killed":{"naturalist:rattlesnake":2,"minecraft:cave_spider":10,"alexsmobs:lobster":4,"luminousworld:frost_golem":2,"enemyexpansion:equestrian":4,"realmrpg_demons:imp":2,"naturalist:robin":2,"minecraft:zombie_horse":2,"minecraft_earth_mobs:umbra_cow":2,"minecraft:skeleton":36,"luminousworld:ringlet":2,"minecraft:chicken":2,"alexsmobs:skelewag":6,"minecraft:tropical_fish":2,"minecraft:magma_cube":8,"minecraft_earth_mobs:sooty_pig":2,"naturalist:snake":2,"minecraft:salmon":2,"alexsmobs:seal":4,"undead_revamp2:theheavy":2,"luminousworld:crab":4,"minecraft:pillager":64,"minecraft:zombie":88,"minecraft_earth_mobs:bouldering_zombie":2,"minecraft_earth_mobs:midnight_chicken":2,"cataclysm:deepling":2,"enemyexpansion:botfly":30,"minecraft:glow_squid":2,"minecraft:cow":2,"minecraft_earth_mobs:spotted_pig":2,"undead_revamp2:thehunter":4,"minecraft:vindicator":18,"undead_revamp2:bomber":2,"naturalist:tortoise":2,"minecraft_earth_mobs:bronzed_chicken":8,"naturalist:deer":8,"minecraft_earth_mobs:skewbald_chicken":6,"undead_revamp2:the_moonflower":8,"enemyexpansion:sprinter":4,"minecraft:wandering_trader":4,"minecraft:enderman":2,"minecraft:zombified_piglin":2,"minecraft:spider":16,"naturalist:snail":6,"minecraft_earth_mobs:scarred_enderman":2,"minecraft_earth_mobs:gold_crested_chicken":4,"minecraft:bee":2,"minecraft_earth_mobs:skeleton_wolf":16,"realmrpg_demons:chort":16,"undead_revamp2:therod":2,"minecraft:turtle":2,"minecraft:piglin_brute":2,"sleep_tight:bedbug":6,"minecraft:zombie_villager":4,"luminousworld:frigid_skeleton":4,"alexsmobs:crimson_mosquito":4,"luminousworld:blue_monarch":2,"minecraft:sheep":12,"minecraft:trader_llama":4,"alexsmobs:fly":2,"luminousworld:deer":2,"luminousworld:frigid_zombie":4,"minecraft:vex":6,"luminousworld:sunken_skeleton":2,"minecraft_earth_mobs:pale_pig":2,"enemyexpansion:direwolf":6,"luminousworld:swamp_skeleton":2,"minecraft:drowned":2,"naturalist:cardinal":2,"undead_revamp2:sucker":16,"enemyexpansion:goblin":2,"luminousworld:savannah_zombie":2,"alexsmobs:flying_fish":4,"minecraft_earth_mobs:fancy_chicken":6,"aquamirae:maw":18,"minecraft:hoglin":4,"minecraft:squid":4,"naturalist:finch":2,"enemyexpansion:huntsman":4,"minecraft:villager":4},"minecraft:dropped":{"minecraft:glass_bottle":4,"minecraft:diamond":7,"minecraft:cooked_porkchop":25,"minecraft:crossbow":3,"minecraft:dark_oak_slab":1,"minecraft:oxidized_cut_copper_slab":1,"artifacts:universal_attractor":1,"minecraft:item_frame":4,"minecraft:emerald":72,"minecraft:gold_block":1,"minecraft:dirt":7,"minecraft:red_bed":1,"minecraft:yellow_dye":2,"backpacked:backpack":1,"minecraft:jack_o_lantern":1,"minecraft:gold_nugget":6,"minecraft:writable_book":1,"minecraft:bone_meal":13,"minecraft:sand":71,"blue_skies:dusk_door":3,"minecraft:iron_pickaxe":3,"minecraft:fishing_rod":1,"minecraft:white_wool":7,"minecraft:cyan_carpet":2,"minecraft:bone":4,"undead_revamp2:huntereye":1,"minecraft:sugar_cane":4,"minecraft:iron_nugget":9,"minecraft:pink_bed":1,"minecraft:black_carpet":12,"minecraft:nether_brick":387,"seadwellers:aquamarine":2,"minecraft:wheat":3,"minecraft:obsidian":19,"undead_revamp2:arapholia":4,"minecraft:rotten_flesh":32,"minecraft:oak_planks":1,"minecraft:white_bed":1,"minecraft:salmon":2,"kawaiidishes:brown_shoes":1,"minecraft:eye_armor_trim_smithing_template":3,"minecraft:jungle_stairs":1,"kawaiidishes:piece_of_chocolate_cheesecake":1,"minecraft:leather_leggings":2,"minecraft:painting":2,"aquamirae:sharp_bones":1,"minecraft:stone_brick_stairs":1,"minecraft:acacia_fence":2,"minecraft:enchanted_book":2,"minecraft:iron_ingot":1,"blue_skies:dusk_planks":8,"minecraft:wheat_seeds":194,"minecraft:clock":1,"minecraft:feather":2,"minecraft:cobblestone":17,"kawaiidishes:green_headband_cat_ears_black":1,"minecraft:coal":11,"minecraft:end_rod":1,"minecraft:cobweb":13,"luphieclutteredmod:luphie_pastel_block_bookshelf":1,"minecraft:golden_carrot":1,"minecraft:ink_sac":1,"minecraft:cherry_planks":109,"minecraft:potion":1,"minecraft:brown_terracotta":6,"minecraft:white_banner":2,"minecraft:smooth_stone":35,"minecraft:iron_shovel":1,"minecraft:string":5,"aquamirae:elodea":1,"minecraft:acacia_planks":4,"minecraft:pink_tulip":37,"minecraft:moss_carpet":2,"sleep_tight:bedbug_eggs":2,"aquamirae:terrible_sword":1,"kawaiidishes:black_devil_tail":1,"minecraft:chicken":2,"minecraft:white_carpet":3,"minecraft:iron_boots":1,"minecraft:cherry_slab":7,"minecraft:white_terracotta":1,"minecraft:oak_sign":4,"minecraft:spruce_fence":2,"minecraft:shears":3,"minecraft:diamond_sword":6,"minecraft:big_dripleaf":2,"minecraft:hay_block":1,"minecraft:stone":1,"minecraft:flower_pot":2,"minecraft:spruce_planks":6,"minecraft:diamond_pickaxe":1,"aquamirae:spinefish":2,"minecraft:spider_eye":2,"minecraft:barrel":1,"minecraft:stone_bricks":64,"minecraft:bamboo":24,"aquamirae:pirate_pouch":6,"minecraft:bow":2,"luminousworld:blue_petunias":2,"minecraft:red_tulip":1,"kawaiidishes:light_gray_headband_fox_ears_brown":1,"luphieclutteredmod:luphie_bunny_garland":1,"minecraft:soul_sand":7,"naturalist:antler":2,"minecraft:brown_mushroom":1,"luminousworld:yellowpetunias":3,"minecraft:baked_potato":1,"minecraft:lantern":2,"minecraft:leather":4,"minecraft:honeycomb":3,"minecraft:jungle_planks":12,"paraglider:spirit_orb":3,"minecraft:redstone_lamp":1,"minecraft:packed_ice":14,"minecraft:cornflower":6,"minecraft:mutton":4,"minecraft:crimson_roots":19,"minecraft:coast_armor_trim_smithing_template":6,"minecraft:snowball":20,"twilightforest:twilight_oak_fence":6,"minecraft:gilded_blackstone":4,"blue_skies:crescent_fruit_sapling":8,"kawaiidishes:dark_brown_shoes":3,"paraglider:paraglider":6,"minecraft:gold_ingot":62,"burnt:burnt_dirt":3,"minecraft:white_tulip":15,"blue_skies:dusk_stick":6,"minecraft:cherry_stairs":3,"kawaiidishes:brown_thigh_highs":1,"minecraft:cherry_sapling":2,"minecraft:black_terracotta":1,"minecraft:carrot":2,"paraglider:deku_leaf":4,"variantvanillablocks:spruce_crafting_table":1,"aquamirae:anglers_fang":2,"minecraft:leather_chestplate":3,"supplementaries:ash":1,"aquamirae:esca":1,"minecraft:melon_seeds":1,"minecraft:chest":1,"taxov:block_sailor":1,"minecraft_earth_mobs:pink_daisy":11,"minecraft:iron_bars":10,"minecraft:quartz":4,"minecraft:written_book":1,"minecraft:splash_potion":1,"minecraft:netherrack":220,"minecraft:purple_carpet":3,"minecraft:bread":81,"minecraft:stripped_spruce_log":9,"minecraft:poisonous_potato":1,"twilightforest:liveroot":2,"minecraft:copper_ingot":3,"minecraft:tropical_fish":1,"minecraft:grass_block":1,"minecraft:stick":21,"minecraft:torch":16,"minecraft:pink_banner":1,"minecraft:iron_axe":5,"minecraft:pink_petals":124,"kawaiidishes:green_maid_dress_fox_tail_red":1,"minecraft:music_disc_cat":1,"minecraft:redstone":14,"minecraft:kelp":5,"minecraft:ender_chest":1,"minecraft:light_gray_terracotta":2,"supplementaries:globe":1,"luminousworld:king_crab_plaque":1,"minecraft:filled_map":1,"minecraft:iron_chestplate":3,"minecraft:oak_sapling":1,"artifacts:pocket_piston":2,"minecraft:spruce_log":3,"minecraft:stone_pickaxe":2,"minecraft:wooden_pickaxe":2}},"DataVersion":3465}