{"stats":{"minecraft:used":{"minecraft:moss_block":6,"minecraft:writable_book":1,"minecraft:black_carpet":19,"minecraft:stone":283,"minecraft:snowball":60,"minecraft:jungle_sapling":1,"minecraft:packed_ice":1,"minecraft:lava_bucket":11,"minecraft:cherry_leaves":1,"variantvanillablocks:cherry_bookshelf":13,"variantvanillablocks:cherry_crafting_table":9,"minecraft:bow":298,"minecraft:oak_sapling":1,"minecraft:cooked_cod":103,"luphieclutteredmod:small_shelf":3,"refurbished_furniture:cherry_desk":2,"luminousworld:autumnplank":5,"minecraft:wooden_pickaxe":7,"minecraft:jungle_boat":12,"minecraft:golden_apple":4,"variantvanillablocks:cherry_smoker":1,"minecraft:birch_fence":1,"minecraft:diamond_sword":1057,"burnt:burnt_planks":4,"luphieclutteredmod:luphie_pink_cabinet":3,"minecraft:oak_boat":17,"luphieclutteredmod:pastel_pink_puzzle_piece_table":1,"aquamirae:dagger_of_greed":20,"minecraft:oak_trapdoor":1,"minecraft:polished_blackstone_brick_slab":1,"minecraft:enchanting_table":2,"twilightforest:mining_planks":6,"minecraft:tinted_glass":5,"minecraft:cooked_salmon":6,"minecraft:torch":149,"aquamirae:terrible_sword":557,"minecraft:mossy_cobblestone_stairs":2,"minecraft:music_disc_mellohi":1,"minecraft:cherry_slab":52,"variantvanillablocks:dark_oak_chest":2,"minecraft:barrel":11,"minecraft:diamond_chestplate":6,"luminousworld:frost_golem_plaque":4,"minecraft:acacia_planks":20,"luphieclutteredmod:luphie_bunny_garland":1,"minecraft:cherry_log":1,"variantvanillablocks:cherry_chest":8,"minecraft:birch_planks":19,"minecraft:cherry_planks":896,"minecraft:red_bed":8,"minecraft:white_bed":10,"minecraft:diamond_pickaxe":1288,"minecraft:suspicious_stew":5,"minecraft:spruce_pressure_plate":2,"minecraft:spruce_sapling":24,"blue_skies:crescent_fruit":39,"minecraft:pink_bed":2,"minecraft:enchanted_book":6,"minecraft:potion":6,"minecraft:cooked_porkchop":79,"minecraft:diamond_leggings":12,"minecraft:cherry_sapling":12,"minecraft:red_sand":2,"variantvanillablocks:acacia_crafting_table":1,"minecraft:decorated_pot":1,"blue_skies:dusk_slab":18,"naturalist:cooked_venison":1,"blue_skies:lunar_sapling":14,"paraglider:goddess_statue":3,"minecraft:jungle_planks":35,"minecraft:obsidian":20,"minecraft:honey_bottle":8,"kawaiidishes:coffee_press":2,"minecraft:item_frame":2,"minecraft:written_book":3,"minecraft:mangrove_roots":1,"minecraft:skeleton_skull":2,"minecraft:end_rod":3,"minecraft:diamond_boots":8,"minecraft:stone_pickaxe":3,"minecraft:oak_planks":107,"blue_skies:starlit_sapling":5,"blue_skies:dusk_log":25,"minecraft:sandstone":6,"minecraft:chainmail_helmet":1,"luminousworld:groundpebbles_1":2,"minecraft:diamond_axe":1658,"blue_skies:dusk_door":11,"morevillagers:gardening_table":6,"supplementaries:flower_box":23,"minecraft:bread":313,"paraglider:kakariko_goddess_statue":2,"variantvanillablocks:spruce_chest":8,"minecraft:smooth_stone_slab":6,"minecraft:bone_meal":242,"luphieclutteredmod:luphie_white_armchair":4,"minecraft:rose_bush":1,"luphieclutteredmod:luphie_pastel_block_bookshelf":2,"minecraft:dried_kelp":7,"minecraft:dirt":834,"refurbished_furniture:cherry_kitchen_drawer":2,"luphieclutteredmod:luphie_pastel_chair":2,"supplementaries:item_shelf":2,"minecraft:iron_hoe":191,"minecraft:wooden_axe":47,"minecraft:oak_stairs":4,"minecraft:iron_boots":4,"kawaiidishes:coffee_machine":1,"luphieclutteredmod:luphie_pink_endtable":2,"paraglider:rito_goddess_statue":3,"minecraft:cooked_beef":3,"minecraft:light_gray_bed":2,"minecraft:iron_leggings":6,"alexsmobs:blobfish":1,"blue_skies:dusk_planks":318,"minecraft:cobblestone_stairs":5,"luphieclutteredmod:luphie_plant_jar":3,"minecraft:snow_block":6,"minecraft:baked_potato":159,"minecraft:birch_boat":8,"blue_skies:comet_planks":1,"minecraft:flower_pot":1,"minecraft:chicken":2,"minecraft:jungle_stairs":1,"minecraft:stone_axe":104,"minecraft:pink_petals":65,"refurbished_furniture:workbench":2,"alexsmobs:animal_dictionary":6,"minecraft:spruce_slab":1,"minecraft:chest":4,"refurbished_furniture:cherry_table":4,"luphieclutteredmod:luphie_pastel_table":7,"twilightforest:mining_log":4,"minecraft:stone_brick_stairs":20,"minecraft:furnace":4,"minecraft:potato":25,"refurbished_furniture:cherry_drawer":2,"luminousworld:auburnlog":3,"minecraft:oak_leaves":4,"variantvanillablocks:dark_oak_crafting_table":6,"minecraft:sand":12,"kawaiidishes:piece_of_chocolate_cheesecake":12,"minecraft:cyan_carpet":4,"supplementaries:clock_block":2,"minecraft:red_terracotta":2,"minecraft:ice":1,"mcwdoors:cherry_western_door":3,"minecraft:iron_bars":4,"refurbished_furniture:cherry_chair":3,"minecraft:netherrack":64,"minecraft:stick":3,"minecraft:stone_stairs":18,"luphieclutteredmod:luphie_retro_white_fridge":1,"blue_skies:dusk_stairs":94,"supplementaries:pedestal":3,"minecraft:iron_axe":805,"blue_skies:crescent_fruit_sapling":25,"minecraft:pink_stained_glass_pane":29,"blue_skies:dusk_trapdoor":14,"minecraft:cobbled_deepslate":10,"twilightforest:mining_sapling":1,"minecraft:water_bucket":11,"minecraft:red_mushroom_block":3,"luphieclutteredmod:luphie_yellow_planks":4,"blue_skies:stripped_dusk_log":2,"minecraft:polished_blackstone_bricks":3,"minecraft:mossy_cobblestone":10,"minecraft:oak_slab":26,"minecraft:crafting_table":5,"minecraft:cod":6,"minecraft:iron_pickaxe":1474,"minecraft:crimson_nylium":9,"minecraft:cobblestone":207,"minecraft:glass_pane":3,"minecraft:jukebox":1,"blue_skies:lunar_spear":5,"minecraft:iron_shovel":452,"minecraft:white_concrete_powder":12,"minecraft:white_terracotta":11,"minecraft:iron_sword":423,"mcwdoors:sliding_glass_door":6,"minecraft:iron_chestplate":4,"twilightforest:twilight_oak_fence":1,"shieldsplus:iron_shield":48,"minecraft:carrot":131,"minecraft:axolotl_bucket":1,"minecraft:milk_bucket":1,"minecraft:glass":18,"variantvanillablocks:spruce_crafting_table":9,"minecraft:cyan_terracotta":3,"luphieclutteredmod:unpainted_birdhouse":5,"minecraft:iron_helmet":9,"minecraft:stone_bricks":297,"minecraft:redstone_lamp":3,"minecraft:magma_block":5,"minecraft:brown_carpet":3,"minecraft:hay_block":7,"minecraft:scaffolding":3,"minecraft:chiseled_polished_blackstone":1,"minecraft:dark_oak_stairs":6,"minecraft:ender_pearl":1,"twilightforest:mining_door":6,"variantvanillablocks:birch_chest":5,"taxov:pirate_axe":1,"luminousworld:yellowpetunias":6,"minecraft:loom":1,"minecraft:stone_brick_wall":2,"minecraft:black_bed":7,"minecraft:shears":84,"minecraft:music_disc_mall":2,"minecraft:cyan_bed":7,"minecraft:string":2,"luphieclutteredmod:luphie_pink_sink_counter":3,"aquamirae:music_disc_horizon":3,"minecraft:white_concrete":103,"minecraft:tropical_fish_bucket":1,"minecraft:experience_bottle":3,"minecraft:oak_fence":14,"minecraft:trident":1,"minecraft:spruce_planks":313,"cataclysm:coral_bardiche":1,"minecraft:wooden_shovel":139,"luminousworld:grassflowers":1,"minecraft:spruce_stairs":2,"minecraft:diamond_helmet":5,"minecraft:stone_brick_slab":165,"minecraft:dark_oak_planks":11,"minecraft:polished_blackstone_brick_stairs":2,"minecraft:golden_carrot":5,"minecraft:glass_bottle":11,"minecraft:polished_andesite":3,"minecraft:pink_banner":3,"minecraft:stonecutter":1,"minecraft:red_glazed_terracotta":3,"morevillagers:hunting_post":3,"minecraft:painting":98,"minecraft:book":16,"luphieclutteredmod:luphie_pink_counter":3,"minecraft:apple":8,"refurbished_furniture:light_electricity_generator":2,"minecraft:fishing_rod":6,"minecraft:cherry_stairs":133,"minecraft:white_banner":1,"minecraft:bucket":24,"variantvanillablocks:spruce_smithing_table":1,"minecraft:smooth_stone":428},"minecraft:broken":{"minecraft:wooden_shovel":1,"aquamirae:terrible_sword":1,"minecraft:iron_leggings":2,"minecraft:iron_pickaxe":3,"minecraft:diamond_chestplate":1,"shieldsplus:iron_shield":1,"minecraft:iron_axe":2,"minecraft:iron_helmet":4},"minecraft:killed_by":{"minecraft:zombie":2,"minecraft:drowned":2,"enemyexpansion:sprinter":1,"aquamirae:anglerfish":1,"undead_revamp2:thehunter":1,"minecraft:piglin_brute":1,"minecraft:pillager":1,"minecraft:vindicator":2,"minecraft:vex":2,"undead_revamp2:sucker":1,"minecraft:creeper":1,"creeperoverhaul:ocean_creeper":3,"minecraft:player":3,"minecraft:spider":1},"minecraft:dropped":{"minecraft:porkchop":3,"minecraft:glass_bottle":5,"minecraft:diamond":7,"minecraft:cooked_porkchop":25,"minecraft:dark_oak_slab":1,"minecraft:warped_roots":2,"minecraft:oxidized_cut_copper_slab":1,"artifacts:universal_attractor":1,"minecraft:gold_block":1,"minecraft:emerald":72,"minecraft:red_bed":1,"minecraft:writable_book":1,"minecraft:gold_nugget":6,"minecraft:sand":71,"blue_skies:dusk_door":3,"minecraft:fishing_rod":1,"minecraft:white_wool":7,"undead_revamp2:huntereye":1,"minecraft:iron_nugget":19,"minecraft:black_carpet":12,"seadwellers:aquamarine":2,"minecraft:wheat":3,"minecraft:obsidian":19,"undead_revamp2:arapholia":4,"minecraft:rotten_flesh":32,"minecraft:oak_planks":1,"kawaiidishes:piece_of_chocolate_cheesecake":1,"minecraft:leather_leggings":2,"minecraft:painting":2,"minecraft:warped_wart_block":8,"aquamirae:sharp_bones":1,"minecraft:stone_brick_stairs":1,"minecraft:acacia_fence":2,"blue_skies:dusk_planks":8,"minecraft:wheat_seeds":194,"minecraft:clock":1,"minecraft:cobweb":13,"luphieclutteredmod:luphie_pastel_block_bookshelf":1,"minecraft:ink_sac":1,"minecraft:cherry_planks":109,"minecraft:potion":1,"minecraft:white_banner":2,"minecraft:smooth_stone":35,"minecraft:acacia_planks":4,"kawaiidishes:black_devil_tail":1,"minecraft:white_carpet":3,"minecraft:iron_boots":1,"minecraft:cherry_slab":7,"minecraft:white_terracotta":1,"minecraft:oak_sign":4,"minecraft:shears":3,"minecraft:diamond_sword":7,"minecraft:flower_pot":2,"minecraft:spruce_planks":6,"minecraft:diamond_pickaxe":1,"aquamirae:spinefish":2,"minecraft:stone_bricks":64,"minecraft:barrel":1,"minecraft:bamboo":24,"minecraft:bow":3,"minecraft:magma_block":35,"minecraft:soul_sand":7,"naturalist:antler":2,"minecraft:warped_fungus":1,"luminousworld:yellowpetunias":3,"minecraft:leather":7,"minecraft:honeycomb":3,"minecraft:jungle_planks":12,"paraglider:spirit_orb":3,"minecraft:redstone_lamp":1,"minecraft:packed_ice":14,"minecraft:mutton":4,"minecraft:snowball":20,"twilightforest:twilight_oak_fence":6,"kawaiidishes:dark_brown_shoes":3,"paraglider:paraglider":6,"minecraft:gold_ingot":62,"burnt:burnt_dirt":3,"minecraft:cherry_stairs":3,"blue_skies:dusk_stick":6,"artifacts:villager_hat":1,"paraglider:deku_leaf":5,"minecraft:leather_chestplate":3,"minecraft:iron_bars":10,"minecraft_earth_mobs:pink_daisy":11,"minecraft:splash_potion":1,"minecraft:purple_carpet":3,"minecraft:bread":81,"minecraft:tropical_fish":1,"minecraft:pink_banner":1,"artifacts:crystal_heart":1,"kawaiidishes:green_maid_dress_fox_tail_red":1,"minecraft:kelp":5,"minecraft:light_gray_terracotta":2,"luminousworld:king_crab_plaque":1,"artifacts:pocket_piston":2,"minecraft:oak_sapling":1,"minecraft:spruce_log":3,"minecraft:wooden_pickaxe":2,"minecraft:crossbow":3,"minecraft:item_frame":4,"minecraft:dirt":7,"minecraft:yellow_dye":2,"backpacked:backpack":1,"minecraft:jack_o_lantern":1,"minecraft:chain":7,"minecraft:bone_meal":13,"minecraft:iron_pickaxe":3,"minecraft:cyan_carpet":2,"minecraft:bone":7,"minecraft:sugar_cane":4,"minecraft:pink_bed":1,"minecraft:nether_brick":401,"minecraft:white_bed":1,"minecraft:salmon":2,"kawaiidishes:brown_shoes":1,"minecraft:eye_armor_trim_smithing_template":3,"minecraft:jungle_stairs":1,"minecraft:enchanted_book":4,"minecraft:iron_ingot":6,"minecraft:feather":2,"minecraft:cobblestone":17,"kawaiidishes:green_headband_cat_ears_black":1,"minecraft:coal":12,"minecraft:end_rod":1,"minecraft:golden_carrot":1,"minecraft:brown_terracotta":6,"minecraft:iron_shovel":1,"minecraft:string":5,"aquamirae:elodea":1,"minecraft:pink_tulip":37,"minecraft:moss_carpet":2,"sleep_tight:bedbug_eggs":2,"aquamirae:terrible_sword":1,"minecraft:chicken":2,"minecraft:spruce_fence":2,"minecraft:big_dripleaf":2,"minecraft:hay_block":1,"minecraft:stone":1,"minecraft:spider_eye":2,"aquamirae:pirate_pouch":6,"luminousworld:blue_petunias":2,"minecraft:red_tulip":1,"kawaiidishes:light_gray_headband_fox_ears_brown":1,"luphieclutteredmod:luphie_bunny_garland":1,"minecraft:brown_mushroom":1,"minecraft:baked_potato":1,"minecraft:lantern":2,"minecraft:cornflower":6,"minecraft:crimson_roots":22,"minecraft:coast_armor_trim_smithing_template":6,"minecraft:gilded_blackstone":4,"blue_skies:crescent_fruit_sapling":8,"minecraft:white_tulip":15,"kawaiidishes:brown_thigh_highs":1,"minecraft:cherry_sapling":2,"minecraft:black_terracotta":1,"minecraft:carrot":43,"variantvanillablocks:spruce_crafting_table":1,"aquamirae:anglers_fang":2,"supplementaries:ash":1,"aquamirae:esca":1,"minecraft:melon_seeds":1,"minecraft:chest":1,"taxov:block_sailor":1,"minecraft:quartz":4,"minecraft:written_book":1,"minecraft:netherrack":221,"minecraft:stripped_spruce_log":9,"minecraft:diamond_leggings":4,"minecraft:poisonous_potato":1,"twilightforest:liveroot":2,"minecraft:copper_ingot":3,"minecraft:grass_block":1,"minecraft:stick":29,"minecraft:torch":16,"minecraft:iron_axe":5,"minecraft:pink_petals":124,"minecraft:music_disc_cat":1,"minecraft:redstone":14,"minecraft:warped_nylium":1,"minecraft:ender_chest":1,"supplementaries:globe":1,"minecraft:iron_hoe":1,"artifacts:flame_pendant":1,"minecraft:filled_map":1,"minecraft:iron_chestplate":3,"minecraft:stone_pickaxe":2},"minecraft:picked_up":{"minecraft:suspicious_stew":4,"minecraft:lead":8,"minecraft:enchanted_book":12,"minecraft:polished_blackstone_brick_stairs":6,"minecraft:string":59,"blue_skies:starlit_sapling":4,"minecraft:pufferfish":12,"paraglider:deku_leaf":3,"minecraft:diamond_leggings":11,"kawaiidishes:lime_thigh_highs":1,"minecraft:spruce_pressure_plate":2,"minecraft:polished_blackstone_brick_slab":1,"luminousworld:auburnlog":6,"minecraft:jukebox":1,"minecraft:big_dripleaf":4,"luphieclutteredmod:luphie_pink_endtable":1,"minecraft:acacia_log":7,"paraglider:kakariko_goddess_statue":1,"minecraft:golden_axe":3,"kawaiidishes:coffee_machine":1,"minecraft:honeycomb_block":1,"morevillagers:hunting_post":3,"aquamirae:esca":23,"minecraft:brown_carpet":3,"artifacts:villager_hat":1,"burnt:burnt_log":1,"minecraft:red_tulip":1,"minecraft:end_rod":6,"minecraft:white_terracotta":18,"supplementaries:ash":10,"minecraft:blaze_rod":1,"minecraft:iron_bars":25,"minecraft:snowball":255,"minecraft:feather":12,"minecraft:water_bucket":1,"taxov:pirate_axe":1,"luminousworld:frost_golem_plaque":5,"kawaiidishes:light_gray_maid_dress":2,"artifacts:flippers":7,"minecraft:lantern":5,"minecraft:purple_carpet":3,"minecraft:stonecutter":1,"minecraft:diamond_helmet":2,"minecraft:honeycomb":3,"aquamirae:terrible_sword":6,"minecraft:chiseled_polished_blackstone":1,"luminousworld:creepberries":2,"kawaiidishes:light_gray_headband_fox_ears_brown":1,"minecraft:stripped_spruce_log":17,"alexsmobs:animal_dictionary":1,"minecraft:iron_hoe":1,"minecraft:polished_andesite":7,"naturalist:antler":8,"luminousworld:yellowpetunias":10,"shieldsplus:iron_shield":10,"kawaiidishes:white_thigh_highs":1,"minecraft:jack_o_lantern":1,"minecraft:crimson_roots":24,"minecraft:diamond_pickaxe":10,"variantvanillablocks:cherry_crafting_table":8,"minecraft:leather_leggings":1,"minecraft:redstone_lamp":4,"backpacked:backpack":11,"luphieclutteredmod:luphie_pastel_table":7,"minecraft:cornflower":11,"twilightforest:mining_planks":6,"minecraft:white_carpet":3,"minecraft:iron_shovel":10,"morevillagers:gardening_table":6,"overweight_farming:seedless_peeled_melon":1,"minecraft:jungle_sapling":2,"minecraft:poppy":1,"minecraft:spruce_slab":5,"burnt:burnt_planks":14,"naturalist:duck":1,"minecraft:stone":996,"luminousworld:blue_petunias":3,"minecraft:music_disc_mellohi":1,"kawaiidishes:dark_brown_shoes":11,"minecraft:white_dye":7,"minecraft:diamond_chestplate":8,"minecraft:decorated_pot":1,"minecraft:hay_block":131,"seadwellers:icy_loot_crate":1,"kawaiidishes:light_gray_maid_dress_devil_tail_black":1,"artifacts:pocket_piston":2,"luphieclutteredmod:luphie_plant_jar":2,"minecraft:mutton":9,"minecraft:bone_block":5,"minecraft:oxeye_daisy":4,"minecraft:birch_leaves":1,"minecraft:clock":1,"minecraft:red_glazed_terracotta":6,"minecraft:fern":1,"minecraft:yellow_dye":2,"aquamirae:spinefish":9,"alexsmobs:mosquito_proboscis":1,"minecraft:paper":4,"twilightforest:liveroot":3,"minecraft:apple":13,"minecraft:stone_pickaxe":1,"minecraft:iron_ore":12,"kawaiidishes:coffee_press":1,"blue_skies:stripped_dusk_log":23,"minecraft:dark_oak_stairs":9,"minecraft:polished_andesite_stairs":2,"minecraft:smooth_basalt":5,"blue_skies:crescent_fruit_sapling":50,"alexsmobs:fish_bones":1,"minecraft:leather_helmet":1,"taxov:block_sailor":1,"minecraft:diamond_shovel":1,"minecraft:coal_ore":1,"minecraft:slime_ball":7,"minecraft:painting":98,"minecraft:baked_potato":295,"minecraft:smooth_quartz_slab":7,"aquamirae:elodea":2,"minecraft:black_carpet":47,"minecraft:ender_chest":2,"minecraft:gilded_blackstone":11,"seadwellers:aquamarine":5,"minecraft:stone_brick_stairs":22,"aquamirae:dagger_of_greed":4,"minecraft:experience_bottle":1,"minecraft:smooth_stone":577,"alexsmobs:blood_sac":1,"minecraft:red_sand":2,"minecraft:bucket":8,"minecraft:eye_armor_trim_smithing_template":11,"minecraft:red_dye":3,"minecraft:white_tulip":7,"minecraft:rose_bush":10,"minecraft:ender_eye":1,"minecraft:iron_pickaxe":19,"minecraft:smooth_quartz":8,"luphieclutteredmod:luphie_pastel_block_bookshelf":3,"minecraft:smooth_quartz_stairs":2,"minecraft:acacia_fence":3,"minecraft:spruce_stairs":3,"minecraft:diorite":1,"minecraft:rotten_flesh":84,"kawaiidishes:yellow_headband_cat_ears_caramel":1,"luminousworld:tall_deadbush":3,"minecraft:obsidian":26,"minecraft:cobblestone":1118,"minecraft:enchanting_table":3,"minecraft:pink_petals":1093,"minecraft:leather_chestplate":2,"minecraft:cherry_planks":348,"minecraft:black_bed":10,"luphieclutteredmod:luphie_pink_counter":2,"kawaiidishes:light_gray_thigh_highs":1,"minecraft:potato":334,"supplementaries:flute":1,"minecraft:dirt":990,"minecraft:name_tag":2,"minecraft:bone":147,"minecraft:acacia_planks":4,"minecraft:bow":25,"minecraft:wheat_seeds":800,"aquamirae:wisteria_niveis":2,"variantvanillablocks:cherry_smoker":1,"minecraft:mossy_stone_bricks":1,"minecraft:bamboo":38,"blue_skies:lunar_sapling":14,"mcwdoors:cherry_western_door":3,"minecraft:grass_block":1,"minecraft:spectral_arrow":19,"minecraft:mossy_cobblestone":14,"luminousworld:amethyst_disc":1,"minecraft:light_gray_terracotta":2,"minecraft:soul_lantern":1,"minecraft:cracked_polished_blackstone_bricks":2,"minecraft:crossbow":11,"minecraft:bone_meal":71,"minecraft:golden_apple":4,"luphieclutteredmod:unpainted_birdhouse":4,"minecraft:emerald":300,"kawaiidishes:purple_maid_dress_fox_tail_red":1,"minecraft:netherrack":319,"minecraft:oak_leaves":4,"minecraft:azure_bluet":1,"luphieclutteredmod:luphie_pink_sink_counter":2,"naturalist:venison":7,"minecraft:brown_mushroom":1,"minecraft:packed_ice":17,"minecraft:stone_brick_wall":7,"minecraft:chain":7,"minecraft:brick":8,"kawaiidishes:brown_headband_cat_ears_black":1,"minecraft:oak_trapdoor":2,"minecraft:moss_carpet":2,"variantvanillablocks:spruce_crafting_table":9,"artifacts:feral_claws":9,"minecraft:birch_fence":1,"minecraft:blackstone":154,"refurbished_furniture:light_electricity_generator":1,"minecraft:cherry_stairs":40,"luphieclutteredmod:pastel_pink_puzzle_piece_table":2,"minecraft:polished_blackstone_bricks":5,"minecraft:cookie":1,"luphieclutteredmod:small_shelf":4,"minecraft:trident":1,"kawaiidishes:purple_headband_fox_ears_red":1,"minecraft:weeping_vines":4,"luphieclutteredmod:luphie_pink_cabinet":2,"artifacts:cross_necklace":1,"minecraft:pink_tulip":15,"blue_skies:dusk_stairs":36,"minecraft:skeleton_skull":4,"minecraft:jungle_boat":12,"minecraft:basalt":21,"minecraft:golden_carrot":3,"minecraft:leather":30,"minecraft:ice":2,"luminousworld:tree_ant_trophy":1,"luphieclutteredmod:luphie_white_armchair":4,"minecraft:coast_armor_trim_smithing_template":27,"twilightforest:mining_wood":10,"minecraft:rabbit_hide":6,"minecraft:iron_ingot":278,"minecraft:pink_bed":3,"minecraft:warped_fungus":1,"refurbished_furniture:cherry_desk":1,"minecraft:stone_brick_slab":73,"minecraft:quartz":4,"minecraft:dandelion":2,"minecraft_earth_mobs:pink_daisy":2,"minecraft:soul_torch":3,"artifacts:scarf_of_invisibility":3,"twilightforest:twilight_oak_fence":7,"minecraft:white_concrete_powder":4,"minecraft:cherry_sapling":116,"minecraft:mossy_cobblestone_stairs":2,"kawaiidishes:brown_thigh_highs":1,"variantvanillablocks:birch_chest":2,"minecraft:sunflower":1,"luminousworld:swamp_disk":1,"minecraft:iron_chestplate":12,"twilightforest:mining_door":2,"kawaiidishes:magenta_headband_fox_ears_red":1,"minecraft:flower_pot":16,"minecraft:diamond_sword":22,"blue_skies:lunar_spear":1,"minecraft:oak_stairs":4,"paraglider:goddess_statue":6,"minecraft:dark_oak_trapdoor":1,"minecraft:beetroot":16,"minecraft:gold_nugget":97,"minecraft:cobbled_deepslate":20,"minecraft:spruce_planks":183,"variantvanillablocks:cherry_chest":3,"minecraft:written_book":1,"kawaiidishes:brown_maid_dress_cat_tail_black":1,"minecraft:melon_slice":3,"minecraft:golden_helmet":1,"minecraft:cherry_log":378,"minecraft:warped_planks":2,"luminousworld:grassflowers":4,"luphieclutteredmod:luphie_bunny_garland":2,"minecraft:light_gray_bed":2,"minecraft:tropical_fish":1,"kawaiidishes:black_headband_fox_ears_red":1,"minecraft:blue_dye":3,"minecraft:cyan_terracotta":3,"burnt:arrow_catch_block_2":10,"alexsmobs:flying_fish":4,"alexsmobs:lobster_tail":4,"minecraft:birch_log":13,"minecraft:magma_block":44,"minecraft:cherry_leaves":1,"minecraft:jungle_log":10,"aquamirae:fin":7,"minecraft:twisting_vines":1,"luminousworld:elephant_grass":1,"minecraft:glowstone_dust":29,"minecraft:moss_block":6,"blue_skies:starlit_stick":4,"minecraft:warped_wart_block":8,"aquamirae:anglers_fang":8,"minecraft:ink_sac":1,"kawaiidishes:black_maid_dress_fox_tail_red":1,"kawaiidishes:green_headband_horns_black":1,"minecraft:dark_oak_log":1,"minecraft:red_terracotta":3,"minecraft:barrel":28,"undead_revamp2:heavytooth":1,"aquamirae:music_disc_horizon":4,"aquamirae:rune_of_the_storm":1,"cozy_home:cherry_chair":3,"artifacts:crystal_heart":2,"minecraft:writable_book":1,"variantvanillablocks:warped_crafting_table":1,"minecraft:chainmail_helmet":3,"minecraft:bread":270,"minecraft:cherry_slab":52,"luminousworld:groundpebbles_1":5,"minecraft:coarse_dirt":1,"minecraft:crafting_table":3,"refurbished_furniture:cherry_drawer":1,"aquamirae:sharp_bones":3,"minecraft:red_bed":9,"supplementaries:globe":2,"minecraft:cracked_stone_bricks":2,"minecraft:beef":7,"minecraft:iron_nugget":45,"minecraft:chest":2,"minecraft:sandstone":86,"minecraft:oak_door":1,"supplementaries:pedestal":3,"minecraft:spruce_fence":6,"minecraft:redstone":33,"minecraft:carrot":210,"minecraft:cooked_cod":53,"minecraft:beetroot_seeds":12,"minecraft:peony":2,"minecraft:shears":4,"minecraft:diamond_boots":7,"aquamirae:treasure_pouch":1,"minecraft:gold_ingot":63,"minecraft:glow_berries":1,"minecraft:white_wool":37,"minecraft:stripped_oak_log":2,"blue_skies:dusk_planks":162,"minecraft:red_mushroom_block":3,"fnm_recrafted:lostsoul":5,"minecraft:oak_log":182,"minecraft:golden_boots":2,"kawaiidishes:green_headband_cat_ears_black":1,"minecraft:white_banner":3,"mcwdoors:sliding_glass_door":6,"minecraft:stone_bricks":231,"minecraft:kelp":6,"twilightforest:mining_log":14,"minecraft:cobweb":65,"kawaiidishes:coffee_fruit":19,"minecraft:glass_bottle":7,"minecraft:iron_sword":4,"minecraft:flowering_azalea":1,"minecraft:dark_oak_slab":8,"aquamirae:ship_graveyard_echo":2,"minecraft:gravel":34,"refurbished_furniture:workbench":1,"minecraft:spruce_sapling":43,"minecraft:spruce_log":1354,"blue_skies:starlit_log":21,"minecraft:diamond_axe":10,"minecraft:warped_roots":4,"minecraft:stripped_dark_oak_log":8,"minecraft:warped_nylium":1,"minecraft:melon_seeds":1,"minecraft:crimson_nylium":9,"minecraft:pink_dye":3,"minecraft:ender_pearl":2,"minecraft:wheat":439,"minecraft:potion":9,"minecraft:nether_brick":598,"luphieclutteredmod:luphie_pastel_chair":2,"aquamirae:pirate_pouch":12,"alexsmobs:ancient_dart":1,"minecraft:armor_stand":1,"fnm_recrafted:witherbone":3,"minecraft:smooth_stone_slab":6,"minecraft:iron_leggings":9,"blue_skies:dusk_stick":6,"minecraft:oak_sign":4,"minecraft:sea_pickle":2,"refurbished_furniture:cherry_table":2,"minecraft:iron_boots":13,"minecraft:furnace":3,"blue_skies:dusk_log":178,"minecraft:stick":748,"minecraft:brown_terracotta":6,"minecraft:oak_fence":3,"minecraft:torch":138,"minecraft:snow_block":6,"minecraft:porkchop":25,"blue_skies:dusk_door":13,"minecraft:quartz_block":2,"kawaiidishes:light_blue_thigh_highs":5,"minecraft:cod":33,"undead_revamp2:arapholia":5,"paraglider:paraglider":15,"minecraft:nautilus_shell":3,"blue_skies:crescent_fruit":93,"cataclysm:coral_bardiche":1,"minecraft:chiseled_quartz_block":2,"supplementaries:item_shelf":2,"aquamirae:three_bolt_helmet":2,"paraglider:spirit_orb":167,"minecraft:light_gray_dye":1,"undead_revamp2:huntereye":6,"artifacts:flame_pendant":1,"minecraft:lapis_lazuli":47,"kawaiidishes:piece_of_chocolate_cheesecake":1,"blue_skies:lunar_log":47,"minecraft:pink_banner":3,"minecraft:raw_gold":12,"alexsmobs:blobfish":1,"minecraft:oak_planks":83,"minecraft:black_terracotta":1,"minecraft:cooked_porkchop":100,"kawaiidishes:pink_maid_dress_fox_tail_white":1,"minecraft:poisonous_potato":1,"minecraft:sand":290,"minecraft:jungle_planks":29,"minecraft:cyan_bed":6,"minecraft:oxidized_cut_copper_slab":2,"luminousworld:enchanted_root":1,"minecraft:dark_prismarine":7,"minecraft:black_concrete":1,"artifacts:golden_hook":2,"minecraft:diamond":27,"luminousworld:king_crab_plaque":1,"minecraft_earth_mobs:fancy_feather":3,"minecraft:white_concrete":140,"minecraft:oak_sapling":5,"minecraft:cocoa_beans":28,"minecraft:fishing_rod":3,"minecraft:chicken":11,"kawaiidishes:green_maid_dress_fox_tail_red":1,"refurbished_furniture:cherry_chair":1,"minecraft:wooden_pickaxe":1,"variantvanillablocks:acacia_crafting_table":1,"minecraft:gold_block":3,"minecraft:stone_stairs":274,"minecraft:iron_axe":12,"minecraft:item_frame":8,"minecraft:cyan_carpet":6,"paraglider:rito_goddess_statue":2,"minecraft:oak_boat":15,"minecraft:tinted_glass":5,"minecraft:sugar_cane":4,"luminousworld:gator_tooth":7,"minecraft:spruce_trapdoor":1,"kawaiidishes:black_devil_tail":3,"minecraft:raw_iron":53,"minecraft:copper_ingot":5,"minecraft:quartz_pillar":12,"luminousworld:beastiary":2,"alexsmobs:leafcutter_ant_pupa":1,"supplementaries:flower_box":13,"minecraft:dark_oak_planks":7,"minecraft:arrow":1483,"minecraft:jungle_stairs":3,"sleep_tight:bedbug_eggs":3,"minecraft:saddle":1,"artifacts:digging_claws":8,"minecraft:glow_ink_sac":3,"minecraft:salmon":34,"minecraft:birch_planks":6,"blue_skies:lunar_stick":13,"kawaiidishes:brown_shoes":3,"minecraft:cobblestone_stairs":1,"minecraft:red_sandstone":3,"minecraft:soul_sand":7,"minecraft:scaffolding":3,"minecraft:book":163,"minecraft:oak_slab":23,"minecraft:birch_boat":8,"minecraft:chiseled_stone_bricks":1,"luminousworld:sunset_petunias":10,"burnt:burnt_dirt":3,"minecraft:white_bed":14,"minecraft:spider_eye":5,"variantvanillablocks:dark_oak_crafting_table":6,"minecraft:music_disc_mall":2,"minecraft:iron_helmet":17,"minecraft:coal":220},"minecraft:killed":{"naturalist:rattlesnake":2,"minecraft:zombie_horse":2,"luminousworld:ringlet":2,"minecraft:tropical_fish":2,"minecraft:salmon":2,"undead_revamp2:theheavy":2,"luminousworld:crab":4,"minecraft:pillager":64,"minecraft:zombie":90,"minecraft_earth_mobs:spotted_pig":2,"minecraft:vindicator":18,"undead_revamp2:bomber":2,"minecraft_earth_mobs:bronzed_chicken":8,"enemyexpansion:sprinter":4,"undead_revamp2:thesomnolence":2,"minecraft:zombified_piglin":2,"minecraft:spider":18,"naturalist:snail":6,"minecraft_earth_mobs:gold_crested_chicken":4,"minecraft:bee":2,"undead_revamp2:therod":2,"minecraft:piglin_brute":4,"minecraft:piglin":4,"sleep_tight:bedbug":6,"minecraft:zombie_villager":4,"luminousworld:frigid_skeleton":4,"alexsmobs:crimson_mosquito":8,"minecraft:sheep":12,"minecraft:trader_llama":4,"minecraft:vex":6,"luminousworld:sunken_skeleton":2,"enemyexpansion:direwolf":6,"minecraft:drowned":2,"naturalist:cardinal":2,"enemyexpansion:goblin":2,"luminousworld:savannah_zombie":2,"aquamirae:maw":18,"minecraft:hoglin":6,"minecraft:squid":4,"minecraft:villager":4,"minecraft:cave_spider":10,"alexsmobs:lobster":4,"luminousworld:frost_golem":2,"enemyexpansion:equestrian":4,"realmrpg_demons:imp":12,"naturalist:robin":2,"realmrpg_demons:imp_guard":2,"minecraft_earth_mobs:umbra_cow":2,"minecraft:skeleton":38,"minecraft:chicken":2,"alexsmobs:skelewag":6,"minecraft:magma_cube":8,"minecraft_earth_mobs:sooty_pig":2,"naturalist:snake":2,"alexsmobs:seal":4,"minecraft_earth_mobs:bouldering_zombie":2,"minecraft_earth_mobs:midnight_chicken":2,"cataclysm:deepling":2,"enemyexpansion:botfly":30,"minecraft:glow_squid":2,"minecraft:cow":2,"undead_revamp2:thehunter":4,"naturalist:tortoise":2,"naturalist:deer":8,"minecraft_earth_mobs:skewbald_chicken":6,"undead_revamp2:the_moonflower":8,"minecraft:wandering_trader":4,"minecraft:enderman":2,"fnm_recrafted:skeletalpig":2,"realmrpg_demons:demon_minion":4,"minecraft_earth_mobs:scarred_enderman":4,"minecraft_earth_mobs:skeleton_wolf":16,"realmrpg_demons:chort":16,"realmrpg_demons:demon":4,"minecraft:turtle":2,"luminousworld:blue_monarch":2,"alexsmobs:fly":2,"luminousworld:frigid_zombie":4,"luminousworld:deer":2,"minecraft_earth_mobs:pale_pig":2,"luminousworld:swamp_skeleton":2,"undead_revamp2:sucker":16,"alexsmobs:flying_fish":4,"minecraft_earth_mobs:fancy_chicken":6,"naturalist:finch":2,"enemyexpansion:huntsman":4},"minecraft:mined":{"minecraft:white_bed":14,"minecraft:pink_bed":2,"minecraft:acacia_log":6,"minecraft:light_gray_bed":3,"supplementaries:pedestal":2,"minecraft:spawner":6,"variantvanillablocks:cherry_smoker":1,"minecraft:polished_blackstone_bricks":5,"minecraft:magma_block":5,"minecraft:mossy_cobblestone_stairs":2,"minecraft:dark_oak_trapdoor":1,"minecraft:fire":23,"minecraft:barrel":2,"minecraft:cobbled_deepslate":11,"minecraft:deepslate_lapis_ore":4,"amendments:wall_lantern":1,"minecraft:spruce_pressure_plate":2,"blue_skies:dusk_log":171,"minecraft:pink_tulip":33,"minecraft:white_banner":1,"blue_skies:dusk_planks":25,"minecraft:tripwire":2,"minecraft:kelp_plant":1,"minecraft:crimson_nylium":12,"minecraft:powder_snow":57,"minecraft:torch":42,"minecraft:melon":10,"minecraft:dead_bush":1,"minecraft:sugar_cane":5,"burnt:smoldering_planks_2":3,"minecraft:cherry_slab":34,"minecraft:white_terracotta":13,"minecraft:tinted_glass":5,"paraglider:horned_statue":1,"minecraft:jukebox":1,"luphieclutteredmod:luphie_pink_endtable":1,"minecraft:grass":276,"blue_skies:crescent_fruit_sapling":2,"luminousworld:grassvariant_3":27,"supplementaries:clock_block":1,"minecraft:dark_prismarine":1,"minecraft:mossy_cobblestone":16,"minecraft:cherry_sapling":4,"minecraft:dark_oak_log":1,"minecraft:spruce_fence":9,"minecraft:white_concrete_powder":4,"minecraft:andesite":5,"luphieclutteredmod:luphie_pastel_block_bookshelf":1,"morevillagers:hunting_post":3,"minecraft:vine":10,"minecraft:bone_block":5,"minecraft:oak_slab":23,"minecraft:glass_pane":7,"minecraft:soul_sand":1,"luphieclutteredmod:small_shelf":3,"minecraft:potted_lily_of_the_valley":1,"blue_skies:starlit_log":21,"minecraft:dandelion":1,"minecraft:cornflower":1,"minecraft:warped_roots":1,"burnt:smoldering_leaves_start":5,"twilightforest:mining_leaves":17,"luminousworld:auburnlog":5,"twilightforest:mining_log_core":1,"minecraft:tall_grass":82,"minecraft_earth_mobs:pink_daisy":11,"minecraft:diorite":1,"minecraft:warped_wart_block":5,"minecraft:red_terracotta":2,"variantvanillablocks:cherry_bookshelf":7,"minecraft:pink_wall_banner":3,"minecraft:gravel":2,"minecraft:cobweb":107,"minecraft:brown_terracotta":6,"twilightforest:mining_wood":10,"minecraft:polished_blackstone":1,"minecraft:stone_bricks":179,"minecraft:gold_ore":12,"minecraft:fern":6,"undead_revamp2:arapholia":1,"minecraft:farmland":20,"minecraft:spruce_trapdoor":1,"refurbished_furniture:cherry_desk":1,"minecraft:cracked_polished_blackstone_bricks":2,"minecraft:white_concrete":148,"luphieclutteredmod:luphie_pink_counter":2,"minecraft:polished_blackstone_brick_slab":2,"minecraft:gilded_blackstone":10,"blue_skies:stripped_dusk_log":23,"minecraft:mossy_cobblestone_slab":1,"burnt:smoldering_planks_start":9,"minecraft:green_stained_glass":2,"minecraft:red_tulip":1,"supplementaries:stick":3,"minecraft:iron_bars":15,"variantvanillablocks:warped_crafting_table":1,"minecraft:potted_cornflower":1,"minecraft:spruce_slab":4,"luminousworld:creepbush":2,"minecraft:deepslate_redstone_ore":2,"luphieclutteredmod:luphie_pink_cabinet":2,"luminousworld:purple_petunias":1,"minecraft_earth_mobs:buttercup":4,"minecraft:light_gray_terracotta":2,"minecraft:jungle_stairs":5,"minecraft:nether_quartz_ore":48,"minecraft:oak_planks":39,"minecraft:wall_torch":29,"minecraft:stone_stairs":16,"minecraft:warped_nylium":4,"blue_skies:lunar_log":47,"minecraft:dark_oak_slab":11,"aquamirae:wisteria_niveis":1,"paraglider:kakariko_goddess_statue":1,"burnt:smoldering_stairs_start":1,"refurbished_furniture:light_electricity_generator":1,"minecraft:smooth_stone_slab":1,"minecraft:oak_log":159,"minecraft:beetroots":14,"minecraft:dirt":464,"burnt:smoldering_leaves":1,"luminousworld:grassvariant_4":6,"minecraft:mangrove_roots":4,"twilightforest:mangrove_root":2,"minecraft:glow_lichen":1,"minecraft:decorated_pot":4,"refurbished_furniture:cherry_drawer":1,"minecraft:spruce_leaves":59,"luminousworld:groundpebbles_3":1,"minecraft:hay_block":137,"blue_skies:starlit_leaves":1,"minecraft:polished_basalt":1,"minecraft:peony":2,"minecraft:gold_block":3,"minecraft:bookshelf":18,"minecraft:deepslate_iron_ore":2,"blue_skies:dusk_door":5,"minecraft:oxidized_cut_copper_slab":1,"luphieclutteredmod:luphie_plant_jar":2,"minecraft:acacia_leaves":2,"minecraft:scaffolding":3,"luminousworld:blueberrybush":1,"minecraft:snow_block":50,"twilightforest:mining_log":13,"minecraft:stripped_dark_oak_log":8,"minecraft:basalt":12,"minecraft:oak_fence":4,"kawaiidishes:coffee_press":1,"taxov:block_sailor":1,"mcwdoors:cherry_western_door":3,"minecraft:deepslate_coal_ore":10,"minecraft:polished_blackstone_brick_stairs":3,"minecraft:birch_planks":5,"minecraft:sea_pickle":1,"minecraft:ice":193,"minecraft:bee_nest":2,"refurbished_furniture:cherry_chair":2,"minecraft:cocoa":13,"minecraft:cherry_leaves":80,"minecraft:cyan_carpet":5,"minecraft:flower_pot":3,"luphieclutteredmod:unpainted_birdhouse":4,"minecraft:cracked_stone_bricks":3,"luphieclutteredmod:pastel_pink_puzzle_piece_table":1,"minecraft:mossy_stone_bricks":4,"paraglider:goddess_statue":6,"minecraft:dark_oak_planks":8,"minecraft:black_terracotta":1,"minecraft:cherry_log":345,"supplementaries:flower_box":13,"minecraft:jungle_leaves":10,"minecraft:obsidian":1,"minecraft:red_sand":2,"minecraft:stone_brick_wall":6,"minecraft:jungle_log":10,"minecraft:crimson_fungus":2,"minecraft:oxeye_daisy":3,"minecraft:chiseled_stone_bricks":1,"minecraft:potted_fern":1,"minecraft:weeping_vines_plant":1,"minecraft:tall_seagrass":4,"minecraft:moss_carpet":1,"minecraft:enchanting_table":3,"minecraft:cave_vines":1,"minecraft:dirt_path":1,"minecraft:oak_stairs":5,"kawaiidishes:coffee_machine":1,"burnt:smoldering_planks_3":5,"blue_skies:lunar_leaves":27,"variantvanillablocks:cherry_crafting_table":8,"minecraft:red_bed":10,"minecraft:soul_fire":1,"twilightforest:liveroot_block":1,"minecraft:blast_furnace":1,"minecraft:glass":2,"minecraft:cyan_bed":6,"minecraft:skeleton_skull":4,"minecraft:wheat":302,"minecraft:lilac":1,"minecraft:warped_fungus":1,"minecraft:black_bed":6,"minecraft:potted_poppy":1,"minecraft:stone_brick_stairs":23,"twilightforest:twilight_oak_fence":1,"blue_skies:lunar_sapling":5,"minecraft:jack_o_lantern":1,"luminousworld:mossbuds_1":2,"minecraft:allium":1,"minecraft:jungle_planks":18,"minecraft:crimson_roots":10,"kawaiidishes:coffee_bush":12,"luminousworld:grassvariant_2":28,"minecraft:moss_block":7,"minecraft:kelp":1,"minecraft:black_stained_glass_pane":1,"burnt:burnt_grass":2,"minecraft:jungle_sapling":1,"minecraft:snow":51,"luminousworld:mossbuds_3":1,"overweight_farming:seedless_peeled_melon":1,"refurbished_furniture:cherry_table":2,"minecraft:potatoes":74,"blue_skies:crescent_fruit":14,"twilightforest:mining_door":2,"variantvanillablocks:spruce_crafting_table":8,"minecraft:bamboo":10,"minecraft:white_wool":2,"minecraft:cake":1,"minecraft:cherry_planks":190,"luphieclutteredmod:luphie_pastel_table":5,"minecraft:stone_brick_slab":63,"luminousworld:grassflowers":2,"minecraft:cracked_deepslate_bricks":2,"minecraft:white_carpet":2,"minecraft:spruce_log":780,"minecraft:birch_leaves":2,"variantvanillablocks:cherry_chest":2,"minecraft:zombie_head":1,"minecraft:pink_stained_glass_pane":2,"minecraft:acacia_planks":4,"luminousworld:elephant_grass":2,"minecraft:deepslate_emerald_ore":2,"minecraft:spruce_planks":49,"luminousworld:yellowpetunias":8,"minecraft:cobblestone_stairs":3,"paraglider:rito_goddess_statue":2,"minecraft:cave_vines_plant":1,"minecraft:grass_block":441,"minecraft:smooth_stone":151,"minecraft:glowstone":6,"minecraft:iron_ore":52,"minecraft:black_carpet":19,"minecraft:dark_oak_stairs":8,"burnt:burnt_log":1,"mcwdoors:sliding_glass_door":6,"minecraft:blackstone":19,"blue_skies:dusk_stairs":40,"luminousworld:tall_deadbush":3,"supplementaries:book_pile":5,"minecraft:soul_lantern":2,"minecraft:clay":1,"minecraft:potted_warped_roots":2,"luminousworld:spuds":1,"minecraft:cobblestone":25,"minecraft:honeycomb_block":1,"variantvanillablocks:acacia_crafting_table":1,"minecraft:pink_petals":269,"minecraft:seagrass":2,"luminousworld:clovers_1":1,"variantvanillablocks:dark_oak_crafting_table":6,"minecraft:birch_log":13,"twilightforest:root":3,"luphieclutteredmod:luphie_pink_sink_counter":2,"minecraft:acacia_fence":4,"minecraft:sand":133,"variantvanillablocks:birch_chest":2,"minecraft:netherrack":627,"minecraft:oak_leaves":98,"minecraft:redstone_lamp":3,"luminousworld:groundpebbles_1":1,"burnt:burnt_planks":7,"minecraft:deepslate_diamond_ore":3,"minecraft:candle":1,"luminousworld:blue_petunias":3,"luminousworld:mossbuds_2":1,"morevillagers:gardening_table":6,"minecraft:white_stained_glass":5,"seadwellers:aquamarine_crystal":2,"luminousworld:blackberrybush":2,"minecraft:sandstone":120,"minecraft:large_fern":4,"blue_skies:crescent_fruit_leaves":5,"luminousworld:sunset_petunias":12,"minecraft:oak_trapdoor":1,"minecraft:spruce_sapling":1,"minecraft:furnace":3,"minecraft:carrots":23,"minecraft:stripped_spruce_log":10,"minecraft:black_concrete":2,"minecraft:lantern":5,"luminousworld:snowgrass":5,"minecraft:packed_ice":107,"minecraft:stone":879,"minecraft:white_tulip":15,"minecraft:cherry_stairs":39,"minecraft:podzol":2,"supplementaries:book_pile_horizontal":2,"twilightforest:mining_planks":6,"minecraft:flowering_azalea":1,"minecraft:soul_torch":7,"minecraft:crafting_table":3,"refurbished_furniture:workbench":1,"supplementaries:urn":1,"minecraft:spruce_stairs":4,"minecraft:polished_blackstone_stairs":1,"luminousworld:frost_golem_plaque":4,"blue_skies:dusk_trapdoor":14,"minecraft:potted_azure_bluet":1,"minecraft:coal_ore":59,"minecraft:end_rod":3,"luphieclutteredmod:luphie_white_armchair":3,"minecraft:polished_andesite":1,"minecraft:birch_fence":1},"minecraft:crafted":{"minecraft:black_dye":4,"twilightforest:mining_door":6,"minecraft:birch_boat":1,"variantvanillablocks:dark_oak_chest":1,"blue_skies:lunar_planks":188,"variantvanillablocks:cherry_chest":5,"paraglider:deku_leaf":3,"minecraft:diamond_helmet":2,"mcwdoors:cherry_western_door":3,"luphieclutteredmod:luphie_pink_sink_counter":1,"luphieclutteredmod:luphie_pastel_table":1,"minecraft:jungle_boat":2,"luphieclutteredmod:luphie_pink_counter":2,"minecraft:painting":5,"refurbished_furniture:cherry_table":2,"minecraft:stone_brick_stairs":256,"minecraft:iron_pickaxe":5,"aquamirae:terrible_sword":1,"refurbished_furniture:cherry_desk":1,"minecraft:golden_carrot":4,"kawaiidishes:glass_cup":1,"minecraft:stone_stairs":100,"minecraft:lantern":85,"minecraft:spruce_stairs":8,"refurbished_furniture:workbench":1,"blue_skies:dusk_stairs":104,"minecraft:cherry_stairs":184,"minecraft:stone_pickaxe":2,"minecraft:light_blue_wool":6,"variantvanillablocks:cherry_crafting_table":2,"minecraft:enchanted_book":7,"minecraft:iron_shovel":3,"blue_skies:dusk_door":9,"minecraft:cherry_slab":24,"paraglider:kakariko_goddess_statue":1,"minecraft:stone":101,"variantvanillablocks:acacia_crafting_table":1,"kawaiidishes:coffee_press":1,"luphieclutteredmod:luphie_plant_jar":1,"minecraft:stone_brick_slab":102,"minecraft:chest":8,"blue_skies:lunar_spear":1,"minecraft:stone_bricks":208,"minecraft:oak_fence":15,"minecraft:golden_boots":1,"minecraft:arrow":384,"minecraft:iron_helmet":3,"refurbished_furniture:cherry_drawer":1,"twilightforest:twilight_oak_fence":3,"luphieclutteredmod:unpainted_birdhouse":1,"minecraft:purple_dye":6,"minecraft:yellow_dye":1,"minecraft:pink_wool":15,"minecraft:stick":10866,"minecraft:iron_ingot":28,"minecraft:fishing_rod":1,"minecraft:spruce_button":33,"minecraft:furnace":4,"minecraft:blast_furnace":1,"kawaiidishes:black_devil_tail":1,"refurbished_furniture:cherry_chair":2,"minecraft:white_concrete_powder":8,"backpacked:backpack":1,"shieldsplus:wooden_shield":1,"paraglider:paraglider":3,"minecraft:iron_sword":1,"minecraft:jungle_planks":40,"variantvanillablocks:birch_chest":3,"minecraft:white_dye":9,"variantvanillablocks:dark_oak_crafting_table":1,"minecraft:blue_wool":3,"minecraft:stonecutter":1,"minecraft:pink_banner":1,"luphieclutteredmod:luphie_retro_white_fridge":1,"minecraft:torch":72,"minecraft:diamond_chestplate":3,"luphieclutteredmod:luphie_pink_cabinet":1,"paraglider:rito_goddess_statue":3,"minecraft:loom":1,"variantvanillablocks:cherry_bookshelf":13,"minecraft:cooked_mutton":3,"supplementaries:pedestal":2,"minecraft:glass":166,"minecraft:diamond_leggings":3,"blue_skies:dusk_stick":8,"blue_skies:starlit_stick":8,"minecraft:magenta_dye":1,"minecraft:glass_bottle":54,"minecraft:wooden_shovel":3,"minecraft:emerald":389,"minecraft:cooked_porkchop":74,"minecraft:diamond_axe":1,"minecraft:gold_ingot":18,"minecraft:light_gray_dye":1,"minecraft:bone_meal":237,"minecraft:pink_dye":81,"twilightforest:twilight_oak_planks":4,"blue_skies:comet_planks":4,"minecraft:ladder":15,"minecraft:diamond_boots":1,"minecraft:redstone_block":2,"minecraft:dark_oak_planks":36,"minecraft:wheat":1107,"luminousworld:autumnplank":8,"minecraft:dried_kelp":45,"minecraft:golden_apple":3,"minecraft:wooden_axe":1,"luphieclutteredmod:luphie_yellow_planks":4,"minecraft:iron_leggings":2,"minecraft:white_bed":1,"blue_skies:starlit_planks":84,"variantvanillablocks:cherry_smoker":1,"blue_skies:dusk_trapdoor":14,"minecraft:oak_planks":716,"mcwfurnitures:cherry_covered_desk":8,"naturalist:cooked_venison":1,"minecraft:cobblestone_stairs":4,"mcwdoors:sliding_glass_door":14,"minecraft:flower_banner_pattern":1,"minecraft:iron_boots":2,"morevillagers:gardening_table":1,"refurbished_furniture:light_electricity_generator":1,"minecraft:oak_slab":18,"variantvanillablocks:spruce_smithing_table":1,"variantvanillablocks:spruce_crafting_table":2,"blue_skies:dusk_planks":576,"minecraft:crafting_table":3,"minecraft:spruce_planks":5428,"minecraft:baked_potato":116,"minecraft:birch_planks":52,"minecraft:paper":3,"minecraft:diamond_pickaxe":1,"minecraft:light_blue_dye":6,"minecraft:shears":2,"minecraft:cherry_planks":1260,"minecraft:purple_wool":6,"luphieclutteredmod:luphie_pink_endtable":1,"minecraft:glass_pane":80,"variantvanillablocks:spruce_chest":8,"minecraft:iron_axe":4,"refurbished_furniture:cherry_kitchen_drawer":2,"minecraft:iron_hoe":2,"minecraft:red_dye":8,"minecraft:cooked_cod":33,"supplementaries:item_shelf":2,"blue_skies:dusk_slab":72,"minecraft:diamond_sword":1,"twilightforest:mining_planks":80,"shieldsplus:iron_shield":1,"luphieclutteredmod:luphie_wood_endtable":1,"minecraft:bucket":2,"minecraft:stone_axe":1,"minecraft:air":0,"minecraft:bread":362,"minecraft:blue_dye":10,"refurbished_furniture:wrench":1,"minecraft:oak_boat":4,"minecraft:gold_nugget":27,"supplementaries:flower_box":10,"minecraft:pink_stained_glass_pane":40,"supplementaries:clock_block":1,"minecraft:acacia_planks":28,"luphieclutteredmod:luphie_pastel_chair":1},"minecraft:custom":{"minecraft:interact_with_crafting_table":406,"minecraft:damage_blocked_by_shield":858,"minecraft:play_time":2563420,"minecraft:deaths":23,"minecraft:jump":25794,"minecraft:play_record":6,"minecraft:interact_with_smoker":6,"minecraft:interact_with_anvil":5,"minecraft:time_since_rest":96845,"minecraft:swim_one_cm":615865,"minecraft:open_chest":1418,"minecraft:talked_to_villager":197,"minecraft:damage_dealt_resisted":373,"minecraft:boat_one_cm":943445,"minecraft:damage_taken":38556,"minecraft:open_barrel":344,"minecraft:leave_game":87,"minecraft:time_since_death":820916,"minecraft:enchant_item":9,"minecraft:interact_with_furnace":154,"minecraft:traded_with_villager":548,"minecraft:sleep_in_bed":108,"minecraft:damage_dealt":52238,"minecraft:interact_with_smithing_table":10,"minecraft:sneak_time":8955,"minecraft:interact_with_lectern":5,"minecraft:interact_with_blast_furnace":5,"minecraft:total_world_time":2563420,"minecraft:interact_with_stonecutter":2,"minecraft:fly_one_cm":5011873,"minecraft:fish_caught":1,"minecraft:fall_one_cm":610491,"minecraft:sprint_one_cm":6758422,"minecraft:drop":441,"minecraft:walk_on_water_one_cm":218453,"minecraft:interact_with_loom":17,"minecraft:open_enderchest":56,"minecraft:crouch_one_cm":24849,"minecraft:mob_kills":312,"minecraft:climb_one_cm":118900,"minecraft:walk_one_cm":7072386,"minecraft:walk_under_water_one_cm":190249,"minecraft:raid_trigger":1,"minecraft:pot_flower":1,"minecraft:damage_absorbed":90}},"DataVersion":3465}