{"stats":{"minecraft:picked_up":{"minecraft:iron_chestplate":11,"minecraft:flower_pot":13,"kawaiidishes:magenta_headband_fox_ears_red":1,"minecraft:diamond_sword":9,"minecraft:lead":6,"blue_skies:lunar_spear":1,"minecraft:oak_stairs":4,"minecraft:dark_oak_trapdoor":1,"paraglider:goddess_statue":6,"minecraft:polished_blackstone_brick_stairs":6,"minecraft:string":29,"minecraft:pufferfish":12,"paraglider:deku_leaf":2,"minecraft:beetroot":16,"minecraft:diamond_leggings":3,"minecraft:gold_nugget":85,"minecraft:spruce_planks":1,"perfectplushies:dolphin_plushie":2,"variantvanillablocks:cherry_chest":3,"minecraft:melon_slice":3,"kawaiidishes:lime_thigh_highs":1,"minecraft:polished_blackstone_brick_slab":1,"luminousworld:auburnlog":6,"minecraft:jukebox":1,"minecraft:big_dripleaf":2,"luphieclutteredmod:luphie_pink_endtable":1,"minecraft:golden_axe":2,"kawaiidishes:coffee_machine":1,"minecraft:cherry_log":329,"minecraft:warped_planks":1,"aquamirae:esca":2,"minecraft:brown_carpet":3,"luminousworld:grassflowers":3,"luphieclutteredmod:luphie_bunny_garland":2,"minecraft:light_gray_bed":2,"burnt:burnt_log":1,"kawaiidishes:black_headband_fox_ears_red":1,"minecraft:blue_dye":3,"minecraft:end_rod":4,"minecraft:white_terracotta":3,"supplementaries:ash":3,"burnt:arrow_catch_block_2":10,"minecraft:iron_bars":11,"minecraft:snowball":9,"alexsmobs:lobster_tail":2,"minecraft:birch_log":13,"minecraft:feather":2,"taxov:pirate_axe":1,"minecraft:water_bucket":1,"perfectplushies:dumbo_blob_plushie":4,"luminousworld:frost_golem_plaque":2,"kawaiidishes:light_gray_maid_dress":2,"minecraft:lantern":1,"minecraft:purple_carpet":3,"minecraft:glowstone_dust":29,"minecraft:chiseled_polished_blackstone":1,"minecraft:stripped_spruce_log":15,"kawaiidishes:black_maid_dress_fox_tail_red":1,"perfectplushies:capybara_plushie":1,"naturalist:antler":6,"cozy_home:cherry_chair":3,"luminousworld:yellowpetunias":3,"shieldsplus:iron_shield":7,"minecraft:chainmail_helmet":3,"minecraft:bread":47,"kawaiidishes:white_thigh_highs":1,"minecraft:cherry_slab":26,"minecraft:crimson_roots":19,"luminousworld:groundpebbles_1":5,"minecraft:crafting_table":2,"variantvanillablocks:cherry_crafting_table":8,"minecraft:redstone_lamp":4,"backpacked:backpack":1,"luphieclutteredmod:luphie_pastel_table":7,"refurbished_furniture:cherry_drawer":1,"minecraft:cornflower":6,"minecraft:red_bed":6,"minecraft:white_carpet":3,"minecraft:iron_shovel":6,"minecraft:beef":1,"overweight_farming:seedless_peeled_melon":1,"minecraft:iron_nugget":14,"minecraft:poppy":1,"minecraft:spruce_slab":1,"minecraft:chest":2,"naturalist:duck":1,"minecraft:stone":279,"luminousworld:blue_petunias":3,"kawaiidishes:dark_brown_shoes":11,"minecraft:spruce_fence":1,"minecraft:white_dye":7,"minecraft:redstone":33,"minecraft:carrot":110,"minecraft:diamond_chestplate":1,"perfectplushies:turtle_plushie":1,"minecraft:cooked_cod":50,"minecraft:beetroot_seeds":12,"minecraft:shears":4,"minecraft:hay_block":102,"kawaiidishes:light_gray_maid_dress_devil_tail_black":1,"minecraft:gold_ingot":25,"luphieclutteredmod:luphie_plant_jar":2,"minecraft:mutton":5,"minecraft:white_wool":35,"minecraft:oxeye_daisy":1,"minecraft:stripped_oak_log":2,"minecraft:birch_leaves":1,"minecraft:clock":1,"blue_skies:dusk_planks":150,"minecraft:fern":1,"minecraft:yellow_dye":2,"minecraft:red_mushroom_block":3,"minecraft:oak_log":156,"minecraft:golden_boots":1,"kawaiidishes:green_headband_cat_ears_black":1,"minecraft:paper":4,"minecraft:white_banner":2,"twilightforest:liveroot":3,"minecraft:stone_bricks":12,"minecraft:apple":4,"minecraft:stone_pickaxe":1,"minecraft:iron_ore":12,"minecraft:cobweb":55,"kawaiidishes:coffee_fruit":19,"minecraft:glass_bottle":5,"minecraft:iron_sword":4,"minecraft:dark_oak_stairs":2,"blue_skies:crescent_fruit_sapling":38,"minecraft:gravel":34,"refurbished_furniture:workbench":1,"minecraft:spruce_sapling":24,"minecraft:spruce_log":6,"perfectplushies:seal_plushie":9,"minecraft:leather_helmet":1,"taxov:block_sailor":1,"minecraft:coal_ore":1,"minecraft:slime_ball":5,"minecraft:diamond_axe":1,"minecraft:stripped_dark_oak_log":8,"minecraft:crimson_nylium":9,"minecraft:pink_dye":3,"minecraft:wheat":421,"minecraft:ender_chest":2,"minecraft:potion":3,"seadwellers:aquamarine":1,"minecraft:gilded_blackstone":11,"minecraft:nether_brick":424,"minecraft:stone_brick_stairs":2,"luphieclutteredmod:luphie_pastel_chair":2,"minecraft:armor_stand":1,"perfectplushies:hippo_plushie":1,"minecraft:iron_leggings":6,"blue_skies:dusk_stick":6,"minecraft:oak_sign":4,"minecraft:sea_pickle":2,"minecraft:smooth_stone":304,"minecraft:bucket":8,"minecraft:red_dye":3,"minecraft:white_tulip":7,"minecraft:rose_bush":9,"refurbished_furniture:cherry_table":2,"minecraft:iron_pickaxe":13,"luphieclutteredmod:luphie_pastel_block_bookshelf":2,"minecraft:iron_boots":9,"minecraft:furnace":3,"blue_skies:dusk_log":96,"minecraft:stick":127,"minecraft:oak_fence":1,"minecraft:torch":101,"minecraft:spruce_stairs":1,"minecraft:porkchop":19,"blue_skies:dusk_door":12,"minecraft:diorite":1,"minecraft:rotten_flesh":67,"kawaiidishes:light_blue_thigh_highs":5,"kawaiidishes:yellow_headband_cat_ears_caramel":1,"minecraft:obsidian":2,"minecraft:cod":18,"undead_revamp2:arapholia":5,"minecraft:cobblestone":404,"paraglider:paraglider":4,"minecraft:nautilus_shell":3,"minecraft:enchanting_table":3,"minecraft:pink_petals":904,"blue_skies:crescent_fruit":76,"minecraft:cherry_planks":330,"minecraft:black_bed":9,"kawaiidishes:light_gray_thigh_highs":1,"luphieclutteredmod:luphie_pink_counter":2,"minecraft:potato":305,"supplementaries:item_shelf":2,"paraglider:spirit_orb":16,"minecraft:light_gray_dye":1,"supplementaries:flute":1,"undead_revamp2:huntereye":6,"minecraft:dirt":554,"minecraft:lapis_lazuli":37,"minecraft:bone":119,"kawaiidishes:piece_of_chocolate_cheesecake":1,"minecraft:bow":11,"aquamirae:wisteria_niveis":1,"minecraft:wheat_seeds":768,"minecraft:pink_banner":3,"minecraft:raw_gold":9,"minecraft:bamboo":12,"minecraft:oak_planks":66,"minecraft:cooked_porkchop":1,"kawaiidishes:pink_maid_dress_fox_tail_white":1,"minecraft:sand":110,"minecraft:grass_block":1,"minecraft:oxidized_cut_copper_slab":2,"minecraft:mossy_cobblestone":1,"luminousworld:amethyst_disc":1,"perfectplushies:reindeer_plushie":3,"minecraft:diamond":8,"luminousworld:king_crab_plaque":1,"minecraft:black_concrete":1,"minecraft:soul_lantern":1,"minecraft:cracked_polished_blackstone_bricks":1,"minecraft:crossbow":4,"minecraft:bone_meal":71,"minecraft:white_concrete":95,"luphieclutteredmod:unpainted_birdhouse":3,"minecraft:emerald":29,"minecraft:oak_sapling":5,"minecraft:netherrack":250,"minecraft:oak_leaves":4,"minecraft:fishing_rod":2,"minecraft:azure_bluet":1,"naturalist:venison":3,"kawaiidishes:green_maid_dress_fox_tail_red":1,"refurbished_furniture:cherry_chair":1,"luphieclutteredmod:luphie_pink_sink_counter":2,"minecraft:wooden_pickaxe":1,"minecraft:stone_brick_wall":3,"minecraft:gold_block":2,"minecraft:brick":8,"minecraft:stone_stairs":10,"minecraft:moss_carpet":1,"minecraft:iron_axe":7,"variantvanillablocks:spruce_crafting_table":5,"minecraft:item_frame":4,"minecraft:blackstone":61,"minecraft:oak_boat":6,"refurbished_furniture:light_electricity_generator":1,"minecraft:sugar_cane":4,"minecraft:spruce_trapdoor":1,"kawaiidishes:black_devil_tail":3,"minecraft:raw_iron":52,"minecraft:cherry_stairs":21,"minecraft:copper_ingot":4,"luphieclutteredmod:pastel_pink_puzzle_piece_table":2,"minecraft:polished_blackstone_bricks":5,"luphieclutteredmod:small_shelf":4,"minecraft:dark_oak_planks":3,"minecraft:arrow":1007,"minecraft:jungle_stairs":1,"luphieclutteredmod:luphie_pink_cabinet":2,"minecraft:pink_tulip":15,"sleep_tight:bedbug_eggs":3,"minecraft:saddle":1,"minecraft:skeleton_skull":4,"minecraft:basalt":6,"minecraft:salmon":24,"minecraft:leather":10,"minecraft:birch_planks":5,"blue_skies:lunar_stick":6,"kawaiidishes:brown_shoes":2,"minecraft:cobblestone_stairs":1,"luphieclutteredmod:luphie_white_armchair":4,"minecraft:rabbit_hide":6,"minecraft:iron_ingot":37,"minecraft:soul_sand":7,"minecraft:oak_slab":23,"minecraft:book":109,"minecraft:scaffolding":3,"minecraft:pink_bed":3,"refurbished_furniture:cherry_desk":1,"minecraft:birch_boat":2,"minecraft:quartz":4,"minecraft:dandelion":2,"luminousworld:sunset_petunias":5,"burnt:burnt_dirt":3,"minecraft:soul_torch":3,"minecraft:white_bed":8,"twilightforest:twilight_oak_fence":7,"minecraft:spider_eye":5,"variantvanillablocks:dark_oak_crafting_table":6,"minecraft:white_concrete_powder":4,"minecraft:iron_helmet":12,"perfectplushies:duck_plushie":3,"minecraft:cherry_sapling":105,"variantvanillablocks:birch_chest":2,"minecraft:coal":168},"minecraft:used":{"minecraft:chest":1,"refurbished_furniture:cherry_table":4,"minecraft:stone":280,"perfectplushies:seal_plushie":5,"luphieclutteredmod:luphie_pastel_table":7,"variantvanillablocks:cherry_bookshelf":13,"variantvanillablocks:cherry_crafting_table":9,"minecraft:bow":145,"luphieclutteredmod:small_shelf":3,"minecraft:oak_sapling":1,"minecraft:furnace":4,"minecraft:cooked_cod":13,"refurbished_furniture:cherry_desk":2,"minecraft:potato":23,"luminousworld:autumnplank":5,"refurbished_furniture:cherry_drawer":2,"minecraft:wooden_pickaxe":7,"luminousworld:auburnlog":3,"minecraft:oak_leaves":4,"minecraft:golden_apple":3,"variantvanillablocks:dark_oak_crafting_table":6,"minecraft:sand":4,"kawaiidishes:piece_of_chocolate_cheesecake":12,"supplementaries:clock_block":2,"minecraft:diamond_sword":606,"luphieclutteredmod:luphie_pink_cabinet":3,"minecraft:oak_boat":8,"luphieclutteredmod:pastel_pink_puzzle_piece_table":1,"perfectplushies:dolphin_plushie":2,"minecraft:polished_blackstone_brick_slab":1,"minecraft:enchanting_table":2,"refurbished_furniture:cherry_chair":3,"minecraft:cooked_salmon":2,"minecraft:netherrack":30,"minecraft:torch":94,"minecraft:stone_stairs":18,"luphieclutteredmod:luphie_retro_white_fridge":1,"minecraft:iron_axe":804,"minecraft:cherry_slab":39,"blue_skies:crescent_fruit_sapling":13,"variantvanillablocks:dark_oak_chest":1,"blue_skies:dusk_trapdoor":14,"luminousworld:frost_golem_plaque":2,"luphieclutteredmod:luphie_bunny_garland":1,"minecraft:cherry_log":1,"minecraft:water_bucket":9,"minecraft:birch_planks":19,"variantvanillablocks:cherry_chest":7,"minecraft:cherry_planks":894,"minecraft:red_mushroom_block":3,"luphieclutteredmod:luphie_yellow_planks":4,"minecraft:polished_blackstone_bricks":3,"minecraft:crafting_table":4,"minecraft:oak_slab":26,"minecraft:red_bed":6,"minecraft:white_bed":6,"minecraft:cod":2,"minecraft:iron_pickaxe":1452,"minecraft:suspicious_stew":2,"minecraft:spruce_sapling":1,"blue_skies:crescent_fruit":39,"minecraft:crimson_nylium":9,"minecraft:pink_bed":2,"minecraft:cobblestone":129,"minecraft:potion":2,"minecraft:cooked_porkchop":43,"minecraft:diamond_leggings":2,"blue_skies:lunar_spear":5,"minecraft:cherry_sapling":7,"minecraft:iron_shovel":254,"minecraft:white_concrete_powder":12,"minecraft:iron_sword":423,"twilightforest:twilight_oak_fence":1,"minecraft:iron_chestplate":4,"naturalist:cooked_venison":1,"paraglider:goddess_statue":3,"shieldsplus:iron_shield":40,"perfectplushies:frog_plushie":1,"minecraft:carrot":79,"minecraft:axolotl_bucket":1,"minecraft:obsidian":11,"minecraft:glass":18,"variantvanillablocks:spruce_crafting_table":2,"luphieclutteredmod:unpainted_birdhouse":4,"minecraft:iron_helmet":5,"minecraft:stone_bricks":1,"minecraft:item_frame":1,"minecraft:redstone_lamp":3,"minecraft:brown_carpet":3,"minecraft:scaffolding":3,"minecraft:mangrove_roots":1,"minecraft:skeleton_skull":2,"minecraft:chiseled_polished_blackstone":1,"minecraft:end_rod":3,"minecraft:stone_pickaxe":3,"minecraft:oak_planks":46,"blue_skies:dusk_log":8,"minecraft:chainmail_helmet":1,"luminousworld:groundpebbles_1":2,"minecraft:diamond_axe":99,"variantvanillablocks:birch_chest":5,"taxov:pirate_axe":1,"minecraft:loom":1,"blue_skies:dusk_door":11,"minecraft:black_bed":6,"minecraft:shears":71,"minecraft:string":2,"minecraft:bread":141,"luphieclutteredmod:luphie_pink_sink_counter":3,"perfectplushies:dumbo_blob_plushie":6,"variantvanillablocks:spruce_chest":2,"minecraft:tropical_fish_bucket":1,"minecraft:white_concrete":14,"luphieclutteredmod:luphie_white_armchair":4,"minecraft:bone_meal":168,"minecraft:oak_fence":13,"luphieclutteredmod:luphie_pastel_block_bookshelf":1,"minecraft:dried_kelp":7,"minecraft:spruce_planks":2,"perfectplushies:capybara_plushie":2,"minecraft:wooden_shovel":91,"minecraft:dirt":524,"luminousworld:grassflowers":1,"refurbished_furniture:cherry_kitchen_drawer":2,"luphieclutteredmod:luphie_pastel_chair":2,"supplementaries:item_shelf":2,"minecraft:dark_oak_planks":3,"minecraft:iron_hoe":28,"minecraft:wooden_axe":47,"minecraft:oak_stairs":4,"minecraft:polished_blackstone_brick_stairs":2,"minecraft:iron_boots":3,"kawaiidishes:coffee_machine":1,"luphieclutteredmod:luphie_pink_endtable":1,"paraglider:rito_goddess_statue":3,"minecraft:golden_carrot":2,"perfectplushies:turtle_plushie":3,"minecraft:light_gray_bed":2,"minecraft:iron_leggings":4,"blue_skies:dusk_planks":263,"minecraft:cobblestone_stairs":5,"luphieclutteredmod:luphie_plant_jar":3,"minecraft:baked_potato":52,"minecraft:pink_banner":3,"minecraft:birch_boat":3,"blue_skies:comet_planks":1,"minecraft:book":16,"luphieclutteredmod:luphie_pink_counter":3,"minecraft:apple":3,"perfectplushies:reindeer_plushie":4,"perfectplushies:hippo_plushie":2,"minecraft:jungle_stairs":1,"refurbished_furniture:light_electricity_generator":2,"minecraft:stone_axe":104,"minecraft:pink_petals":24,"minecraft:fishing_rod":6,"refurbished_furniture:workbench":2,"minecraft:cherry_stairs":69,"perfectplushies:duck_plushie":5,"minecraft:bucket":11,"alexsmobs:animal_dictionary":1,"minecraft:smooth_stone":394},"minecraft:dropped":{"minecraft:glass_bottle":3,"minecraft:cooked_porkchop":1,"minecraft:crossbow":3,"minecraft:oxidized_cut_copper_slab":1,"minecraft:item_frame":1,"minecraft:dirt":7,"minecraft:red_bed":1,"minecraft:yellow_dye":2,"minecraft:gold_nugget":6,"minecraft:bone_meal":12,"minecraft:sand":62,"blue_skies:dusk_door":3,"minecraft:iron_pickaxe":3,"minecraft:fishing_rod":1,"minecraft:white_wool":5,"minecraft:bone":4,"undead_revamp2:huntereye":1,"minecraft:sugar_cane":4,"minecraft:iron_nugget":7,"minecraft:pink_bed":1,"minecraft:nether_brick":366,"minecraft:obsidian":19,"undead_revamp2:arapholia":4,"minecraft:rotten_flesh":25,"minecraft:white_bed":1,"kawaiidishes:brown_shoes":1,"kawaiidishes:piece_of_chocolate_cheesecake":1,"minecraft:iron_ingot":1,"blue_skies:dusk_planks":4,"minecraft:wheat_seeds":181,"minecraft:clock":1,"minecraft:cobblestone":11,"kawaiidishes:green_headband_cat_ears_black":1,"minecraft:end_rod":1,"minecraft:cobweb":3,"luphieclutteredmod:luphie_pastel_block_bookshelf":1,"minecraft:golden_carrot":1,"minecraft:cherry_planks":109,"minecraft:potion":1,"minecraft:white_banner":2,"minecraft:smooth_stone":35,"minecraft:string":3,"minecraft:pink_tulip":37,"minecraft:moss_carpet":1,"sleep_tight:bedbug_eggs":2,"kawaiidishes:black_devil_tail":1,"minecraft:white_carpet":3,"minecraft:iron_boots":1,"minecraft:cherry_slab":2,"minecraft:oak_sign":4,"minecraft:shears":2,"minecraft:diamond_sword":2,"minecraft:stone":1,"minecraft:flower_pot":1,"minecraft:spider_eye":2,"minecraft:bow":1,"luminousworld:blue_petunias":2,"luphieclutteredmod:luphie_bunny_garland":1,"minecraft:soul_sand":7,"naturalist:antler":2,"minecraft:leather":1,"paraglider:spirit_orb":1,"minecraft:redstone_lamp":1,"minecraft:cornflower":3,"minecraft:crimson_roots":18,"minecraft:snowball":4,"twilightforest:twilight_oak_fence":6,"minecraft:gilded_blackstone":4,"blue_skies:crescent_fruit_sapling":8,"kawaiidishes:dark_brown_shoes":3,"paraglider:paraglider":3,"minecraft:gold_ingot":62,"burnt:burnt_dirt":3,"minecraft:white_tulip":15,"minecraft:cherry_stairs":3,"blue_skies:dusk_stick":6,"minecraft:cherry_sapling":2,"minecraft:carrot":2,"variantvanillablocks:spruce_crafting_table":1,"paraglider:deku_leaf":4,"aquamirae:esca":1,"minecraft:chest":1,"taxov:block_sailor":1,"minecraft:iron_bars":2,"minecraft:quartz":4,"minecraft:splash_potion":1,"minecraft:netherrack":220,"minecraft:purple_carpet":3,"minecraft:bread":75,"minecraft:stripped_spruce_log":9,"twilightforest:liveroot":2,"minecraft:copper_ingot":2,"minecraft:grass_block":1,"minecraft:stick":15,"minecraft:torch":15,"minecraft:pink_banner":1,"minecraft:iron_axe":4,"kawaiidishes:green_maid_dress_fox_tail_red":1,"minecraft:pink_petals":77,"minecraft:redstone":14,"minecraft:ender_chest":1,"luminousworld:king_crab_plaque":1,"minecraft:filled_map":1,"minecraft:iron_chestplate":3,"minecraft:oak_sapling":1,"minecraft:stone_pickaxe":2,"minecraft:wooden_pickaxe":2},"minecraft:mined":{"minecraft:dark_oak_planks":3,"perfectplushies:turtle_plushie":2,"minecraft:white_bed":8,"minecraft:pink_bed":2,"minecraft:cherry_log":296,"minecraft:jungle_leaves":2,"minecraft:stone_brick_wall":3,"minecraft:light_gray_bed":3,"perfectplushies:hippo_plushie":1,"minecraft:crimson_fungus":1,"minecraft:potted_fern":1,"minecraft:polished_blackstone_bricks":5,"minecraft:tall_seagrass":3,"minecraft:magma_block":3,"minecraft:mossy_cobblestone_stairs":1,"minecraft:dark_oak_trapdoor":1,"minecraft:fire":10,"minecraft:moss_carpet":1,"minecraft:deepslate_lapis_ore":4,"minecraft:enchanting_table":3,"minecraft:dirt_path":1,"amendments:wall_lantern":1,"minecraft:oak_stairs":4,"blue_skies:dusk_log":89,"minecraft:pink_tulip":33,"kawaiidishes:coffee_machine":1,"blue_skies:dusk_planks":23,"minecraft:tripwire":1,"burnt:smoldering_planks_3":1,"variantvanillablocks:cherry_crafting_table":8,"minecraft:red_bed":7,"minecraft:crimson_nylium":5,"perfectplushies:seal_plushie":4,"minecraft:powder_snow":32,"twilightforest:liveroot_block":1,"minecraft:torch":37,"minecraft:melon":10,"perfectplushies:duck_plushie":4,"minecraft:sugar_cane":5,"minecraft:cherry_slab":13,"minecraft:skeleton_skull":4,"paraglider:horned_statue":1,"minecraft:wheat":297,"minecraft:jukebox":1,"minecraft:black_bed":4,"minecraft:potted_poppy":1,"minecraft:stone_brick_stairs":2,"luphieclutteredmod:luphie_pink_endtable":1,"minecraft:grass":238,"blue_skies:crescent_fruit_sapling":2,"luminousworld:grassvariant_3":24,"twilightforest:twilight_oak_fence":1,"supplementaries:clock_block":1,"perfectplushies:capybara_plushie":1,"minecraft:mossy_cobblestone":1,"minecraft:cherry_sapling":4,"luminousworld:mossbuds_1":2,"minecraft:allium":1,"minecraft:spruce_fence":1,"minecraft:crimson_roots":8,"kawaiidishes:coffee_bush":11,"luminousworld:grassvariant_2":22,"minecraft:white_concrete_powder":4,"minecraft:black_stained_glass_pane":1,"burnt:burnt_grass":2,"minecraft:andesite":5,"luminousworld:mossbuds_3":1,"overweight_farming:seedless_peeled_melon":1,"refurbished_furniture:cherry_table":2,"minecraft:potatoes":65,"blue_skies:crescent_fruit":14,"minecraft:vine":1,"variantvanillablocks:spruce_crafting_table":3,"minecraft:bamboo":6,"minecraft:white_wool":2,"minecraft:oak_slab":23,"minecraft:glass_pane":2,"minecraft:cherry_planks":138,"luphieclutteredmod:luphie_pastel_table":5,"luphieclutteredmod:small_shelf":3,"minecraft:stone_brick_slab":1,"minecraft:dandelion":1,"minecraft:cornflower":1,"burnt:smoldering_leaves_start":5,"luminousworld:auburnlog":5,"luminousworld:grassflowers":1,"minecraft:tall_grass":73,"minecraft:diorite":1,"variantvanillablocks:cherry_bookshelf":7,"minecraft:pink_wall_banner":2,"minecraft:white_carpet":2,"perfectplushies:dolphin_plushie":1,"perfectplushies:reindeer_plushie":3,"variantvanillablocks:cherry_chest":2,"minecraft:zombie_head":1,"minecraft:gravel":2,"minecraft:cobweb":76,"minecraft:polished_blackstone":1,"minecraft:stone_bricks":12,"minecraft:gold_ore":9,"minecraft:deepslate_emerald_ore":2,"minecraft:fern":2,"undead_revamp2:arapholia":1,"minecraft:spruce_planks":2,"minecraft:farmland":19,"luminousworld:yellowpetunias":3,"minecraft:cobblestone_stairs":1,"minecraft:spruce_trapdoor":1,"refurbished_furniture:cherry_desk":1,"minecraft:grass_block":323,"minecraft:cracked_polished_blackstone_bricks":1,"minecraft:white_concrete":100,"luphieclutteredmod:luphie_pink_counter":2,"minecraft:polished_blackstone_brick_slab":2,"minecraft:gilded_blackstone":10,"minecraft:smooth_stone":97,"minecraft:glowstone":5,"burnt:smoldering_planks_start":5,"minecraft:iron_ore":51,"minecraft:dark_oak_stairs":2,"burnt:burnt_log":1,"minecraft:iron_bars":3,"minecraft:potted_cornflower":1,"minecraft:spruce_slab":1,"luphieclutteredmod:luphie_pink_cabinet":2,"minecraft:blackstone":19,"luminousworld:purple_petunias":1,"minecraft:soul_lantern":1,"minecraft:jungle_stairs":1,"luminousworld:spuds":1,"minecraft:nether_quartz_ore":48,"minecraft:cobblestone":15,"minecraft:oak_planks":22,"minecraft:wall_torch":19,"minecraft:pink_petals":213,"minecraft:stone_stairs":6,"luminousworld:clovers_1":1,"variantvanillablocks:dark_oak_crafting_table":6,"aquamirae:wisteria_niveis":1,"minecraft:birch_log":13,"burnt:smoldering_stairs_start":1,"twilightforest:root":1,"refurbished_furniture:light_electricity_generator":1,"minecraft:oak_log":132,"luphieclutteredmod:luphie_pink_sink_counter":2,"minecraft:beetroots":14,"minecraft:sand":27,"variantvanillablocks:birch_chest":2,"minecraft:dirt":124,"minecraft:netherrack":560,"minecraft:oak_leaves":63,"minecraft:redstone_lamp":3,"burnt:smoldering_leaves":1,"burnt:burnt_planks":3,"minecraft:deepslate_diamond_ore":3,"luminousworld:grassvariant_4":2,"minecraft:candle":1,"luminousworld:blue_petunias":3,"minecraft:mangrove_roots":2,"twilightforest:mangrove_root":2,"minecraft:glow_lichen":1,"perfectplushies:dumbo_blob_plushie":5,"luminousworld:mossbuds_2":1,"minecraft:decorated_pot":2,"refurbished_furniture:cherry_drawer":1,"minecraft:white_stained_glass":5,"luminousworld:blackberrybush":2,"minecraft:spruce_leaves":22,"minecraft:sandstone":2,"luminousworld:groundpebbles_3":1,"minecraft:large_fern":3,"minecraft:hay_block":106,"blue_skies:crescent_fruit_leaves":1,"luminousworld:sunset_petunias":7,"minecraft:furnace":3,"minecraft:carrots":19,"minecraft:stripped_spruce_log":6,"minecraft:black_concrete":2,"minecraft:gold_block":2,"minecraft:bookshelf":14,"luminousworld:snowgrass":5,"minecraft:lantern":3,"blue_skies:dusk_door":5,"minecraft:oxidized_cut_copper_slab":1,"minecraft:packed_ice":8,"minecraft:stone":370,"minecraft:white_tulip":15,"minecraft:cherry_stairs":14,"luphieclutteredmod:luphie_plant_jar":2,"supplementaries:book_pile_horizontal":2,"minecraft:scaffolding":3,"luminousworld:blueberrybush":1,"minecraft:snow_block":3,"minecraft:soul_torch":7,"minecraft:stripped_dark_oak_log":8,"minecraft:oak_fence":2,"minecraft:crafting_table":2,"taxov:block_sailor":1,"minecraft:deepslate_coal_ore":8,"minecraft:polished_blackstone_brick_stairs":3,"refurbished_furniture:workbench":1,"minecraft:spruce_stairs":2,"minecraft:birch_planks":5,"minecraft:sea_pickle":1,"minecraft:polished_blackstone_stairs":1,"minecraft:bee_nest":1,"luminousworld:frost_golem_plaque":1,"refurbished_furniture:cherry_chair":2,"minecraft:potted_azure_bluet":1,"minecraft:coal_ore":38,"minecraft:cherry_leaves":73,"minecraft:end_rod":3,"minecraft:flower_pot":2,"luphieclutteredmod:luphie_white_armchair":3,"luphieclutteredmod:unpainted_birdhouse":3,"minecraft:cracked_stone_bricks":1,"luphieclutteredmod:pastel_pink_puzzle_piece_table":1,"minecraft:mossy_stone_bricks":1,"paraglider:goddess_statue":6},"minecraft:crafted":{"luphieclutteredmod:luphie_pink_cabinet":1,"minecraft:black_dye":4,"paraglider:rito_goddess_statue":3,"minecraft:birch_boat":1,"variantvanillablocks:dark_oak_chest":1,"minecraft:loom":1,"variantvanillablocks:cherry_chest":5,"paraglider:deku_leaf":2,"variantvanillablocks:cherry_bookshelf":13,"minecraft:cooked_mutton":3,"minecraft:glass":10,"minecraft:diamond_leggings":1,"blue_skies:dusk_stick":8,"minecraft:magenta_dye":1,"luphieclutteredmod:luphie_pink_sink_counter":1,"luphieclutteredmod:luphie_pastel_table":1,"minecraft:wooden_shovel":1,"minecraft:emerald":24,"minecraft:cooked_porkchop":73,"luphieclutteredmod:luphie_pink_counter":2,"refurbished_furniture:cherry_table":2,"minecraft:iron_pickaxe":5,"minecraft:gold_ingot":18,"minecraft:light_gray_dye":1,"refurbished_furniture:cherry_desk":1,"minecraft:golden_carrot":3,"minecraft:bone_meal":192,"minecraft:pink_dye":40,"kawaiidishes:glass_cup":1,"minecraft:stone_stairs":100,"minecraft:spruce_stairs":8,"refurbished_furniture:workbench":1,"twilightforest:twilight_oak_planks":4,"minecraft:ladder":15,"blue_skies:comet_planks":4,"minecraft:cherry_stairs":136,"minecraft:stone_pickaxe":2,"minecraft:redstone_block":2,"minecraft:dark_oak_planks":32,"minecraft:wheat":918,"luminousworld:autumnplank":8,"minecraft:dried_kelp":45,"minecraft:light_blue_wool":6,"variantvanillablocks:cherry_crafting_table":2,"minecraft:golden_apple":2,"minecraft:wooden_axe":1,"luphieclutteredmod:luphie_yellow_planks":4,"minecraft:iron_shovel":2,"minecraft:iron_leggings":1,"blue_skies:dusk_trapdoor":14,"blue_skies:dusk_door":9,"minecraft:oak_planks":624,"naturalist:cooked_venison":1,"minecraft:cherry_slab":24,"minecraft:cobblestone_stairs":4,"minecraft:stone":101,"minecraft:flower_banner_pattern":1,"luphieclutteredmod:luphie_plant_jar":1,"minecraft:iron_boots":2,"minecraft:chest":5,"blue_skies:lunar_spear":1,"minecraft:oak_fence":15,"minecraft:golden_boots":1,"refurbished_furniture:light_electricity_generator":1,"minecraft:oak_slab":18,"minecraft:arrow":192,"blue_skies:dusk_planks":316,"minecraft:crafting_table":2,"minecraft:spruce_planks":36,"minecraft:baked_potato":51,"minecraft:iron_helmet":2,"refurbished_furniture:cherry_drawer":1,"minecraft:birch_planks":52,"twilightforest:twilight_oak_fence":3,"luphieclutteredmod:unpainted_birdhouse":1,"minecraft:paper":3,"minecraft:purple_dye":6,"minecraft:pink_wool":15,"minecraft:yellow_dye":1,"minecraft:stick":893,"minecraft:light_blue_dye":6,"minecraft:iron_ingot":28,"minecraft:shears":1,"minecraft:cherry_planks":1188,"minecraft:purple_wool":6,"minecraft:fishing_rod":1,"minecraft:furnace":4,"minecraft:blast_furnace":1,"luphieclutteredmod:luphie_pink_endtable":1,"minecraft:glass_pane":80,"variantvanillablocks:spruce_chest":2,"kawaiidishes:black_devil_tail":1,"refurbished_furniture:cherry_chair":2,"minecraft:white_concrete_powder":8,"minecraft:iron_axe":4,"refurbished_furniture:cherry_kitchen_drawer":2,"minecraft:iron_hoe":1,"backpacked:backpack":1,"shieldsplus:wooden_shield":1,"paraglider:paraglider":2,"minecraft:red_dye":8,"supplementaries:item_shelf":2,"shieldsplus:iron_shield":1,"minecraft:iron_sword":1,"luphieclutteredmod:luphie_wood_endtable":1,"minecraft:bucket":2,"minecraft:stone_axe":1,"minecraft:air":0,"minecraft:bread":299,"minecraft:blue_dye":10,"refurbished_furniture:wrench":1,"variantvanillablocks:birch_chest":3,"minecraft:oak_boat":3,"minecraft:gold_nugget":27,"minecraft:white_dye":9,"variantvanillablocks:dark_oak_crafting_table":1,"minecraft:blue_wool":3,"minecraft:stonecutter":1,"minecraft:pink_banner":1,"luphieclutteredmod:luphie_retro_white_fridge":1,"supplementaries:clock_block":1,"minecraft:torch":28,"luphieclutteredmod:luphie_pastel_chair":1,"minecraft:diamond_chestplate":1},"minecraft:killed_by":{"minecraft:piglin_brute":1,"minecraft:zombie":1,"undead_revamp2:sucker":1,"minecraft:creeper":1,"minecraft:drowned":2,"creeperoverhaul:ocean_creeper":3,"enemyexpansion:sprinter":1,"minecraft:player":1,"minecraft:spider":1,"undead_revamp2:thehunter":1},"minecraft:custom":{"minecraft:interact_with_crafting_table":272,"minecraft:open_barrel":97,"minecraft:leave_game":42,"minecraft:time_since_death":273021,"minecraft:damage_blocked_by_shield":653,"minecraft:play_time":1343209,"minecraft:deaths":14,"minecraft:jump":12783,"minecraft:enchant_item":1,"minecraft:interact_with_furnace":124,"minecraft:traded_with_villager":39,"minecraft:sleep_in_bed":64,"minecraft:damage_dealt":13830,"minecraft:interact_with_smithing_table":1,"minecraft:interact_with_anvil":2,"minecraft:sneak_time":5866,"minecraft:interact_with_blast_furnace":1,"minecraft:total_world_time":1343209,"minecraft:time_since_rest":23973,"minecraft:swim_one_cm":187117,"minecraft:fly_one_cm":2217922,"minecraft:open_chest":621,"minecraft:fish_caught":1,"minecraft:fall_one_cm":328993,"minecraft:sprint_one_cm":3843838,"minecraft:drop":236,"minecraft:talked_to_villager":73,"minecraft:walk_on_water_one_cm":81138,"minecraft:interact_with_loom":15,"minecraft:open_enderchest":41,"minecraft:crouch_one_cm":15997,"minecraft:mob_kills":86,"minecraft:damage_dealt_resisted":237,"minecraft:climb_one_cm":61143,"minecraft:walk_one_cm":4039651,"minecraft:walk_under_water_one_cm":88629,"minecraft:boat_one_cm":792555,"minecraft:raid_trigger":1,"minecraft:damage_absorbed":50,"minecraft:damage_taken":15223},"minecraft:killed":{"alexsmobs:lobster":2,"luminousworld:frost_golem":2,"minecraft:skeleton":16,"minecraft:chicken":2,"minecraft:pillager":12,"minecraft:zombie":22,"enemyexpansion:botfly":4,"minecraft:cow":2,"minecraft:vindicator":2,"undead_revamp2:bomber":2,"naturalist:deer":4,"undead_revamp2:the_moonflower":4,"minecraft:wandering_trader":2,"minecraft:spider":14,"naturalist:snail":4,"minecraft:bee":2,"minecraft:piglin_brute":2,"sleep_tight:bedbug":6,"minecraft:zombie_villager":4,"luminousworld:frigid_skeleton":4,"minecraft:sheep":6,"luminousworld:deer":2,"enemyexpansion:direwolf":6,"minecraft:drowned":2,"undead_revamp2:sucker":14,"aquamirae:maw":6,"minecraft:hoglin":4,"minecraft:squid":4,"enemyexpansion:huntsman":4},"minecraft:broken":{"minecraft:wooden_shovel":1,"minecraft:iron_axe":2,"minecraft:iron_pickaxe":3,"minecraft:iron_helmet":1}},"DataVersion":3465}