{
  "variantvanillablocks:recipes/decorations/oak_smithing_table": {
    "criteria": {
      "has_iron_ingot": "2024-08-08 20:04:28 +0000"
    },
    "done": true
  },
  "refurbished_furniture:recipes/misc/constructing/purple_stool": {
    "criteria": {
      "has_planks": "2024-08-08 20:00:51 +0000"
    },
    "done": true
  },
  "minecraft:recipes/decorations/ladder": {
    "criteria": {
      "has_stick": "2024-08-08 20:01:55 +0000"
    },
    "done": true
  },
  "variantvanillablocks:recipes/decorations/spruce_smithing_table": {
    "criteria": {
      "has_iron_ingot": "2024-08-08 20:04:28 +0000"
    },
    "done": true
  },
  "refurbished_furniture:recipes/misc/constructing/lime_grill": {
    "criteria": {
      "has_iron_ingot": "2024-08-08 20:04:28 +0000"
    },
    "done": true
  },
  "refurbished_furniture:recipes/misc/constructing/oak_toilet": {
    "criteria": {
      "has_oak_planks": "2024-08-08 20:01:34 +0000"
    },
    "done": true
  },
  "variantvanillablocks:recipes/decorations/barrel": {
    "criteria": {
      "has_the_recipe": "2024-08-08 19:59:35 +0000"
    },
    "done": true
  },
  "refurbished_furniture:recipes/misc/constructing/crimson_lattice_fence": {
    "criteria": {
      "has_stick": "2024-08-08 20:01:55 +0000"
    },
    "done": true
  },
  "refurbished_furniture:recipes/misc/constructing/jungle_lattice_fence": {
    "criteria": {
      "has_stick": "2024-08-08 20:01:55 +0000"
    },
    "done": true
  },
  "refurbished_furniture:recipes/misc/constructing/spruce_lattice_fence_gate": {
    "criteria": {
      "has_stick": "2024-08-08 20:01:55 +0000"
    },
    "done": true
  },
  "incendium:technical/sentrys_wrath": {
    "criteria": {
      "log_spam_fixer": "2024-08-08 19:58:52 +0000"
    },
    "done": false
  },
  "refurbished_furniture:recipes/misc/constructing/green_stool": {
    "criteria": {
      "has_planks": "2024-08-08 20:00:51 +0000"
    },
    "done": true
  },
  "paraglider:root": {
    "criteria": {
      "crafting_table": "2024-08-08 20:01:43 +0000"
    },
    "done": true
  },
  "refurbished_furniture:recipes/misc/constructing/yellow_lamp": {
    "criteria": {
      "has_planks": "2024-08-08 20:00:51 +0000"
    },
    "done": true
  },
  "refurbished_furniture:recipes/misc/constructing/oak_kitchen_drawer": {
    "criteria": {
      "has_oak_planks": "2024-08-08 20:01:34 +0000"
    },
    "done": true
  },
  "supplementaries:recipes/crank": {
    "criteria": {
      "forge:rods/wooden": "2024-08-08 20:01:55 +0000"
    },
    "done": true
  },
  "supplementaries:recipes/decorations/blue_skies/sign_post_comet": {
    "criteria": {
      "has_planks": "2024-08-08 20:07:19 +0000"
    },
    "done": true
  },
  "refurbished_furniture:recipes/misc/constructing/dark_oak_toilet": {
    "criteria": {
      "has_iron_ingot": "2024-08-08 20:04:28 +0000"
    },
    "done": true
  },
  "minecraft:recipes/decorations/oak_sign": {
    "criteria": {
      "has_planks": "2024-08-08 20:01:34 +0000"
    },
    "done": true
  },
  "refurbished_furniture:recipes/misc/constructing/cherry_bath": {
    "criteria": {
      "has_iron_ingot": "2024-08-08 20:04:28 +0000"
    },
    "done": true
  },
  "blue_skies:recipes/building_blocks/comet_sign": {
    "criteria": {
      "has_item": "2024-08-08 20:07:19 +0000"
    },
    "done": true
  },
  "refurbished_furniture:recipes/misc/spatula": {
    "criteria": {
      "has_iron_ingot": "2024-08-08 20:04:28 +0000"
    },
    "done": true
  },
  "refurbished_furniture:recipes/misc/constructing/acacia_bath": {
    "criteria": {
      "has_iron_ingot": "2024-08-08 20:04:28 +0000"
    },
    "done": true
  },
  "refurbished_furniture:recipes/misc/constructing/red_lamp": {
    "criteria": {
      "has_planks": "2024-08-08 20:00:51 +0000"
    },
    "done": true
  },
  "refurbished_furniture:recipes/misc/dark_electricity_generator": {
    "criteria": {
      "has_iron_ingot": "2024-08-08 20:04:28 +0000"
    },
    "done": true
  },
  "supplementaries:recipes/spring_launcher": {
    "criteria": {
      "has_iron_ingot": "2024-08-08 20:04:28 +0000"
    },
    "done": true
  },
  "minecraft:recipes/building_blocks/lapis_block": {
    "criteria": {
      "has_lapis_lazuli": "2024-08-08 20:06:40 +0000"
    },
    "done": true
  },
  "refurbished_furniture:recipes/misc/constructing/crimson_storage_cabinet": {
    "criteria": {
      "has_iron_ingot": "2024-08-08 20:04:28 +0000"
    },
    "done": true
  },
  "refurbished_furniture:recipes/misc/constructing/orange_lamp": {
    "criteria": {
      "has_planks": "2024-08-08 20:00:51 +0000"
    },
    "done": true
  },
  "refurbished_furniture:recipes/misc/constructing/white_grill": {
    "criteria": {
      "has_iron_ingot": "2024-08-08 20:04:28 +0000"
    },
    "done": true
  },
  "blue_skies:recipes/building_blocks/comet_fence_gate": {
    "criteria": {
      "has_item": "2024-08-08 20:07:19 +0000"
    },
    "done": true
  },
  "undead_revamp2:theundeadchallenges": {
    "criteria": {
      "theundeadchallenges": "2024-08-08 19:58:51 +0000"
    },
    "done": true
  },
  "refurbished_furniture:recipes/misc/constructing/dark_oak_lattice_fence_gate": {
    "criteria": {
      "has_stick": "2024-08-08 20:01:55 +0000"
    },
    "done": true
  },
  "blue_skies:recipes/building_blocks/comet_stairs": {
    "criteria": {
      "has_item": "2024-08-08 20:07:19 +0000"
    },
    "done": true
  },
  "refurbished_furniture:recipes/misc/constructing/pink_grill": {
    "criteria": {
      "has_iron_ingot": "2024-08-08 20:04:28 +0000"
    },
    "done": true
  },
  "minecraft:recipes/combat/diamond_sword": {
    "criteria": {
      "has_diamond": "2024-08-08 20:05:23 +0000"
    },
    "done": true
  },
  "supplementaries:recipes/candle_holders/candle_holder_blue": {
    "criteria": {
      "has_iron_ingot": "2024-08-08 20:04:28 +0000"
    },
    "done": true
  },
  "minecraft:recipes/decorations/jukebox": {
    "criteria": {
      "has_diamond": "2024-08-08 20:05:23 +0000"
    },
    "done": true
  },
  "supplementaries:recipes/flags/flag_orange": {
    "criteria": {
      "has_stick": "2024-08-08 20:01:55 +0000"
    },
    "done": true
  },
  "refurbished_furniture:recipes/misc/constructing/crimson_toilet": {
    "criteria": {
      "has_iron_ingot": "2024-08-08 20:04:28 +0000"
    },
    "done": true
  },
  "supplementaries:recipes/flags/flag_magenta": {
    "criteria": {
      "has_stick": "2024-08-08 20:01:55 +0000"
    },
    "done": true
  },
  "twilightforest:arborist": {
    "criteria": {
      "mining_log": "2024-08-08 20:07:22 +0000",
      "mangrove_wood": "2024-08-08 20:07:23 +0000"
    },
    "done": false
  },
  "kawaiidishes:recipes/misc/gray_headband": {
    "criteria": {
      "has_white_wool": "2024-08-08 20:06:19 +0000"
    },
    "done": true
  },
  "minecraft:recipes/decorations/white_glazed_terracotta": {
    "criteria": {
      "has_white_terracotta": "2024-08-08 20:07:24 +0000"
    },
    "done": true
  },
  "minecraft:recipes/combat/iron_helmet": {
    "criteria": {
      "has_iron_ingot": "2024-08-08 20:04:28 +0000"
    },
    "done": true
  },
  "minecraft:recipes/combat/diamond_chestplate": {
    "criteria": {
      "has_diamond": "2024-08-08 20:05:23 +0000"
    },
    "done": true
  },
  "backpacked:recipes/decorations/cherry_backpack_shelf": {
    "criteria": {
      "has_stick": "2024-08-08 20:01:55 +0000"
    },
    "done": true
  },
  "minecraft:recipes/food/beetroot_soup": {
    "criteria": {
      "has_beetroot": "2024-08-08 20:10:45 +0000"
    },
    "done": true
  },
  "kawaiidishes:recipes/misc/white_fox_ears": {
    "criteria": {
      "has_white_wool": "2024-08-08 20:06:19 +0000"
    },
    "done": true
  },
  "kawaiidishes:recipes/glow_berry_milkshake_from_blending": {
    "criteria": {
      "has_milk_bucket": "2024-08-08 20:00:10 +0000"
    },
    "done": true
  },
  "supplementaries:recipes/candle_holders/candle_holder_lime": {
    "criteria": {
      "has_iron_ingot": "2024-08-08 20:04:28 +0000"
    },
    "done": true
  },
  "refurbished_furniture:recipes/misc/constructing/orange_trampoline": {
    "criteria": {
      "has_iron_ingot": "2024-08-08 20:04:28 +0000"
    },
    "done": true
  },
  "refurbished_furniture:recipes/misc/constructing/light_toaster": {
    "criteria": {
      "has_iron_ingot": "2024-08-08 20:04:28 +0000"
    },
    "done": true
  },
  "refurbished_furniture:recipes/misc/constructing/cyan_trampoline": {
    "criteria": {
      "has_iron_ingot": "2024-08-08 20:04:28 +0000"
    },
    "done": true
  },
  "refurbished_furniture:recipes/misc/constructing/black_grill": {
    "criteria": {
      "has_iron_ingot": "2024-08-08 20:04:28 +0000"
    },
    "done": true
  },
  "supplementaries:recipes/lock_block": {
    "criteria": {
      "minecraft:planks": "2024-08-08 20:00:51 +0000"
    },
    "done": true
  },
  "minecraft:recipes/decorations/soul_lantern": {
    "criteria": {
      "has_soul_torch": "2024-08-08 20:18:15 +0000"
    },
    "done": true
  },
  "minecraft:recipes/tools/wooden_axe": {
    "criteria": {
      "has_stick": "2024-08-08 20:01:55 +0000"
    },
    "done": true
  },
  "kawaiidishes:recipes/misc/red_maid_dress": {
    "criteria": {
      "has_white_wool": "2024-08-08 20:06:19 +0000"
    },
    "done": true
  },
  "backpacked:recipes/decorations/oak_backpack_shelf": {
    "criteria": {
      "has_stick": "2024-08-08 20:01:55 +0000"
    },
    "done": true
  },
  "refurbished_furniture:recipes/misc/constructing/dark_oak_storage_cabinet": {
    "criteria": {
      "has_iron_ingot": "2024-08-08 20:04:28 +0000"
    },
    "done": true
  },
  "refurbished_furniture:recipes/misc/constructing/white_lamp": {
    "criteria": {
      "has_planks": "2024-08-08 20:00:51 +0000"
    },
    "done": true
  },
  "blue_skies:recipes/building_blocks/comet_fence": {
    "criteria": {
      "has_item": "2024-08-08 20:07:19 +0000"
    },
    "done": true
  },
  "kawaiidishes:recipes/misc/pink_maid_dress": {
    "criteria": {
      "has_white_wool": "2024-08-08 20:06:19 +0000"
    },
    "done": true
  },
  "kawaiidishes:recipes/misc/black_maid_dress": {
    "criteria": {
      "has_white_wool": "2024-08-08 20:06:19 +0000"
    },
    "done": true
  },
  "kawaiidishes:recipes/misc/gray_maid_dress": {
    "criteria": {
      "has_white_wool": "2024-08-08 20:06:19 +0000"
    },
    "done": true
  },
  "refurbished_furniture:recipes/misc/constructing/yellow_sofa": {
    "criteria": {
      "has_planks": "2024-08-08 20:00:51 +0000"
    },
    "done": true
  },
  "incendium:technical/on_player_hurt": {
    "criteria": {
      "requirement": "2024-08-08 20:02:39 +0000",
      "log_spam_fixer": "2024-08-08 19:58:52 +0000"
    },
    "done": true
  },
  "kawaiidishes:recipes/misc/purple_maid_dress": {
    "criteria": {
      "has_white_wool": "2024-08-08 20:06:19 +0000"
    },
    "done": true
  },
  "supplementaries:recipes/candle_holders/candle_holder_light_blue": {
    "criteria": {
      "has_iron_ingot": "2024-08-08 20:04:28 +0000"
    },
    "done": true
  },
  "blue_skies:recipes/redstone/comet_button": {
    "criteria": {
      "has_item": "2024-08-08 20:07:19 +0000"
    },
    "done": true
  },
  "supplementaries:recipes/candle_holders/candle_holder_gray": {
    "criteria": {
      "has_iron_ingot": "2024-08-08 20:04:28 +0000"
    },
    "done": true
  },
  "refurbished_furniture:recipes/misc/constructing/orange_sofa": {
    "criteria": {
      "has_planks": "2024-08-08 20:00:51 +0000"
    },
    "done": true
  },
  "minecraft:recipes/decorations/crafting_table": {
    "criteria": {
      "unlock_right_away": "2024-08-08 19:58:51 +0000"
    },
    "done": true
  },
  "minecraft:recipes/decorations/chest": {
    "criteria": {
      "has_lots_of_items": "2024-08-08 20:01:58 +0000"
    },
    "done": true
  },
  "minecraft:recipes/tools/shears": {
    "criteria": {
      "has_iron_ingot": "2024-08-08 20:04:28 +0000"
    },
    "done": true
  },
  "minecraft:recipes/misc/stick": {
    "criteria": {
      "has_planks": "2024-08-08 20:00:51 +0000"
    },
    "done": true
  },
  "kawaiidishes:recipes/cream_cheese_from_blending": {
    "criteria": {
      "has_milk_bucket": "2024-08-08 20:00:10 +0000"
    },
    "done": true
  },
  "supplementaries:recipes/cage": {
    "criteria": {
      "has_iron_ingot": "2024-08-08 20:04:28 +0000"
    },
    "done": true
  },
  "minecraft:recipes/brewing/golden_carrot": {
    "criteria": {
      "has_gold_nugget": "2024-08-08 20:08:51 +0000"
    },
    "done": true
  },
  "kawaiidishes:recipes/cream_milkshake_from_blending": {
    "criteria": {
      "has_milk_bucket": "2024-08-08 20:00:10 +0000"
    },
    "done": true
  },
  "minecraft:recipes/building_blocks/mossy_cobblestone_stairs_from_mossy_cobblestone_stonecutting": {
    "criteria": {
      "has_mossy_cobblestone": "2024-08-08 20:25:08 +0000"
    },
    "done": true
  },
  "naturalist:recipes/food/cooked_egg": {
    "criteria": {
      "has_eggs": "2024-08-08 19:59:35 +0000"
    },
    "done": true
  },
  "refurbished_furniture:recipes/misc/constructing/oak_crate": {
    "criteria": {
      "has_oak_planks": "2024-08-08 20:01:34 +0000"
    },
    "done": true
  },
  "minecraft:adventure/sleep_in_bed": {
    "criteria": {
      "slept_in_bed": "2024-08-08 20:05:07 +0000"
    },
    "done": true
  },
  "minecraft:recipes/transportation/cherry_boat": {
    "criteria": {
      "in_water": "2024-08-08 20:10:41 +0000"
    },
    "done": true
  },
  "minecraft:recipes/tools/diamond_pickaxe": {
    "criteria": {
      "has_diamond": "2024-08-08 20:05:23 +0000"
    },
    "done": true
  },
  "refurbished_furniture:recipes/misc/constructing/gray_grill": {
    "criteria": {
      "has_iron_ingot": "2024-08-08 20:04:28 +0000"
    },
    "done": true
  },
  "refurbished_furniture:recipes/misc/constructing/birch_bath": {
    "criteria": {
      "has_iron_ingot": "2024-08-08 20:04:28 +0000"
    },
    "done": true
  },
  "kawaiidishes:recipes/misc/orange_maid_dress": {
    "criteria": {
      "has_white_wool": "2024-08-08 20:06:19 +0000"
    },
    "done": true
  },
  "variantvanillablocks:recipes/decorations/jungle_smithing_table": {
    "criteria": {
      "has_iron_ingot": "2024-08-08 20:04:28 +0000"
    },
    "done": true
  },
  "refurbished_furniture:recipes/misc/constructing/oak_light_ceiling_fan": {
    "criteria": {
      "has_oak_planks": "2024-08-08 20:01:34 +0000"
    },
    "done": true
  },
  "refurbished_furniture:recipes/misc/constructing/brown_trampoline": {
    "criteria": {
      "has_iron_ingot": "2024-08-08 20:04:28 +0000"
    },
    "done": true
  },
  "kawaiidishes:recipes/misc/light_gray_maid_dress": {
    "criteria": {
      "has_white_wool": "2024-08-08 20:06:19 +0000"
    },
    "done": true
  },
  "refurbished_furniture:recipes/misc/constructing/spruce_bath": {
    "criteria": {
      "has_iron_ingot": "2024-08-08 20:04:28 +0000"
    },
    "done": true
  },
  "variantvanillablocks:recipes/decorations/composter": {
    "criteria": {
      "has_the_recipe": "2024-08-08 19:59:35 +0000"
    },
    "done": true
  },
  "refurbished_furniture:recipes/misc/constructing/crimson_light_ceiling_fan": {
    "criteria": {
      "has_iron_ingot": "2024-08-08 20:04:28 +0000"
    },
    "done": true
  },
  "minecraft:recipes/building_blocks/iron_block": {
    "criteria": {
      "has_iron_ingot": "2024-08-08 20:04:28 +0000"
    },
    "done": true
  },
  "refurbished_furniture:recipes/misc/constructing/birch_storage_cabinet": {
    "criteria": {
      "has_iron_ingot": "2024-08-08 20:04:28 +0000"
    },
    "done": true
  },
  "refurbished_furniture:recipes/misc/constructing/light_microwave": {
    "criteria": {
      "has_iron_ingot": "2024-08-08 20:04:28 +0000"
    },
    "done": true
  },
  "refurbished_furniture:recipes/misc/constructing/cyan_grill": {
    "criteria": {
      "has_iron_ingot": "2024-08-08 20:04:28 +0000"
    },
    "done": true
  },
  "refurbished_furniture:recipes/baking/baked_potato": {
    "criteria": {
      "has_ingredient": "2024-08-08 20:10:40 +0000"
    },
    "done": true
  },
  "kawaiidishes:kawaiidishes/coffee_fruit_got": {
    "criteria": {
      "requirement": "2024-08-08 19:59:35 +0000"
    },
    "done": true
  },
  "blue_skies:recipes/blue_skies_tools/comet_pickaxe": {
    "criteria": {
      "has_resource": "2024-08-08 20:07:19 +0000"
    },
    "done": true
  },
  "kawaiidishes:recipes/misc/golden_cookie": {
    "criteria": {
      "has_gold_nugget": "2024-08-08 20:08:51 +0000"
    },
    "done": true
  },
  "refurbished_furniture:recipes/misc/constructing/oak_lattice_fence_gate": {
    "criteria": {
      "has_oak_planks": "2024-08-08 20:01:34 +0000"
    },
    "done": true
  },
  "refurbished_furniture:recipes/misc/constructing/birch_toilet": {
    "criteria": {
      "has_iron_ingot": "2024-08-08 20:04:28 +0000"
    },
    "done": true
  },
  "minecraft:recipes/transportation/bamboo_raft": {
    "criteria": {
      "in_water": "2024-08-08 20:10:41 +0000"
    },
    "done": true
  },
  "refurbished_furniture:recipes/misc/constructing/acacia_light_ceiling_fan": {
    "criteria": {
      "has_iron_ingot": "2024-08-08 20:04:28 +0000"
    },
    "done": true
  },
  "supplementaries:recipes/bomb": {
    "criteria": {
      "has_iron_ingot": "2024-08-08 20:04:28 +0000"
    },
    "done": true
  },
  "refurbished_furniture:recipes/misc/constructing/light_blue_trampoline": {
    "criteria": {
      "has_iron_ingot": "2024-08-08 20:04:28 +0000"
    },
    "done": true
  },
  "refurbished_furniture:recipes/misc/constructing/crimson_basin": {
    "criteria": {
      "has_iron_ingot": "2024-08-08 20:04:28 +0000"
    },
    "done": true
  },
  "supplementaries:recipes/candle_holders/candle_holder_light_gray": {
    "criteria": {
      "has_iron_ingot": "2024-08-08 20:04:28 +0000"
    },
    "done": true
  },
  "refurbished_furniture:recipes/misc/constructing/magenta_stool": {
    "criteria": {
      "has_planks": "2024-08-08 20:00:51 +0000"
    },
    "done": true
  },
  "backpacked:recipes/decorations/spruce_backpack_shelf": {
    "criteria": {
      "has_stick": "2024-08-08 20:01:55 +0000"
    },
    "done": true
  },
  "refurbished_furniture:recipes/misc/constructing/light_stove": {
    "criteria": {
      "has_iron_ingot": "2024-08-08 20:04:28 +0000"
    },
    "done": true
  },
  "minecraft:recipes/food/bread": {
    "criteria": {
      "has_wheat": "2024-08-08 20:11:06 +0000"
    },
    "done": true
  },
  "refurbished_furniture:recipes/misc/constructing/oak_drawer": {
    "criteria": {
      "has_oak_planks": "2024-08-08 20:01:34 +0000"
    },
    "done": true
  },
  "minecraft:recipes/decorations/oak_hanging_sign": {
    "criteria": {
      "has_stripped_logs": "2024-08-08 20:25:12 +0000"
    },
    "done": true
  },
  "minecraft:recipes/food/dried_coffee_beans_from_smoking": {
    "criteria": {
      "has_coffee_fruit": "2024-08-08 19:59:35 +0000"
    },
    "done": true
  },
  "kawaiidishes:recipes/misc/coffee_press": {
    "criteria": {
      "has_iron_ingot": "2024-08-08 20:04:28 +0000"
    },
    "done": true
  },
  "minecraft:recipes/building_blocks/hay_block": {
    "criteria": {
      "has_wheat": "2024-08-08 20:11:06 +0000"
    },
    "done": true
  },
  "refurbished_furniture:recipes/misc/constructing/birch_lattice_fence": {
    "criteria": {
      "has_stick": "2024-08-08 20:01:55 +0000"
    },
    "done": true
  },
  "minecraft:recipes/redstone/target": {
    "criteria": {
      "has_hay_block": "2024-08-08 20:17:59 +0000"
    },
    "done": true
  },
  "seadwellers:adv_root": {
    "criteria": {
      "adv_root": "2024-08-08 19:58:51 +0000"
    },
    "done": true
  },
  "refurbished_furniture:recipes/misc/constructing/spruce_light_ceiling_fan": {
    "criteria": {
      "has_iron_ingot": "2024-08-08 20:04:28 +0000"
    },
    "done": true
  },
  "minecraft:recipes/tools/diamond_hoe": {
    "criteria": {
      "has_diamond": "2024-08-08 20:05:23 +0000"
    },
    "done": true
  },
  "cavernous:root": {
    "criteria": {
      "makepickaxe": "2024-08-08 20:04:58 +0000"
    },
    "done": true
  },
  "minecraft:recipes/tools/diamond_shovel": {
    "criteria": {
      "has_diamond": "2024-08-08 20:05:23 +0000"
    },
    "done": true
  },
  "refurbished_furniture:recipes/misc/constructing/brown_cooler": {
    "criteria": {
      "has_planks": "2024-08-08 20:00:51 +0000"
    },
    "done": true
  },
  "minecraft:recipes/building_blocks/mossy_cobblestone_slab": {
    "criteria": {
      "has_mossy_cobblestone": "2024-08-08 20:25:08 +0000"
    },
    "done": true
  },
  "supplementaries:recipes/fodder": {
    "criteria": {
      "has_hay_block": "2024-08-08 20:17:59 +0000"
    },
    "done": true
  },
  "refurbished_furniture:recipes/misc/constructing/mangrove_toilet": {
    "criteria": {
      "has_iron_ingot": "2024-08-08 20:04:28 +0000"
    },
    "done": true
  },
  "refurbished_furniture:recipes/misc/constructing/purple_cooler": {
    "criteria": {
      "has_planks": "2024-08-08 20:00:51 +0000"
    },
    "done": true
  },
  "refurbished_furniture:recipes/misc/constructing/warped_storage_cabinet": {
    "criteria": {
      "has_iron_ingot": "2024-08-08 20:04:28 +0000"
    },
    "done": true
  },
  "refurbished_furniture:recipes/misc/constructing/red_trampoline": {
    "criteria": {
      "has_iron_ingot": "2024-08-08 20:04:28 +0000"
    },
    "done": true
  },
  "refurbished_furniture:recipes/misc/constructing/cyan_cooler": {
    "criteria": {
      "has_planks": "2024-08-08 20:00:51 +0000"
    },
    "done": true
  },
  "variantvanillablocks:recipes/redstone/hopper": {
    "criteria": {
      "has_iron_ingot": "2024-08-08 20:04:28 +0000"
    },
    "done": true
  },
  "refurbished_furniture:recipes/misc/constructing/light_gray_cooler": {
    "criteria": {
      "has_planks": "2024-08-08 20:00:51 +0000"
    },
    "done": true
  },
  "supplementaries:recipes/daub_cross_brace": {
    "criteria": {
      "forge:rods/wooden": "2024-08-08 20:01:55 +0000"
    },
    "done": true
  },
  "incendium:technical/new_player": {
    "criteria": {
      "requirement": "2024-08-08 19:58:51 +0000"
    },
    "done": true
  },
  "refurbished_furniture:recipes/misc/constructing/red_sofa": {
    "criteria": {
      "has_planks": "2024-08-08 20:00:51 +0000"
    },
    "done": true
  },
  "incendium:technical/on_kill": {
    "criteria": {
      "log_spam_fixer": "2024-08-08 19:58:52 +0000"
    },
    "done": false
  },
  "refurbished_furniture:recipes/misc/constructing/blue_trampoline": {
    "criteria": {
      "has_iron_ingot": "2024-08-08 20:04:28 +0000"
    },
    "done": true
  },
  "minecraft:recipes/building_blocks/mossy_cobblestone_stairs": {
    "criteria": {
      "has_mossy_cobblestone": "2024-08-08 20:25:08 +0000"
    },
    "done": true
  },
  "refurbished_furniture:recipes/misc/constructing/warped_light_ceiling_fan": {
    "criteria": {
      "has_iron_ingot": "2024-08-08 20:04:28 +0000"
    },
    "done": true
  },
  "blue_skies:recipes/blue_skies_tools/comet_hoe": {
    "criteria": {
      "has_resource": "2024-08-08 20:07:19 +0000"
    },
    "done": true
  },
  "kawaiidishes:recipes/misc/blender": {
    "criteria": {
      "has_iron_ingot": "2024-08-08 20:04:28 +0000"
    },
    "done": true
  },
  "backpacked:recipes/decorations/acacia_backpack_shelf": {
    "criteria": {
      "has_stick": "2024-08-08 20:01:55 +0000"
    },
    "done": true
  },
  "kawaiidishes:recipes/condensed_milk_from_blending": {
    "criteria": {
      "has_milk_bucket": "2024-08-08 20:00:10 +0000",
      "has_the_recipe": "2024-08-08 20:00:10 +0000"
    },
    "done": true
  },
  "minecraft:recipes/chest": {
    "criteria": {
      "has_planks": "2024-08-08 20:01:34 +0000"
    },
    "done": true
  },
  "minecraft:recipes/redstone/hopper": {
    "criteria": {
      "has_iron_ingot": "2024-08-08 20:04:28 +0000"
    },
    "done": true
  },
  "kawaiidishes:recipes/misc/green_maid_dress": {
    "criteria": {
      "has_white_wool": "2024-08-08 20:06:19 +0000"
    },
    "done": true
  },
  "refurbished_furniture:recipes/misc/constructing/lime_stool": {
    "criteria": {
      "has_planks": "2024-08-08 20:00:51 +0000"
    },
    "done": true
  },
  "refurbished_furniture:recipes/misc/constructing/warped_bath": {
    "criteria": {
      "has_iron_ingot": "2024-08-08 20:04:28 +0000"
    },
    "done": true
  },
  "refurbished_furniture:recipes/misc/constructing/green_grill": {
    "criteria": {
      "has_iron_ingot": "2024-08-08 20:04:28 +0000"
    },
    "done": true
  },
  "kawaiidishes:recipes/coffee_milkshake_from_blending": {
    "criteria": {
      "has_milk_bucket": "2024-08-08 20:00:10 +0000"
    },
    "done": true
  },
  "kawaiidishes:recipes/misc/blue_headband": {
    "criteria": {
      "has_white_wool": "2024-08-08 20:06:19 +0000"
    },
    "done": true
  },
  "refurbished_furniture:recipes/misc/constructing/acacia_basin": {
    "criteria": {
      "has_iron_ingot": "2024-08-08 20:04:28 +0000"
    },
    "done": true
  },
  "refurbished_furniture:recipes/misc/constructing/magenta_lamp": {
    "criteria": {
      "has_planks": "2024-08-08 20:00:51 +0000"
    },
    "done": true
  },
  "minecraft:recipes/building_blocks/oak_slab": {
    "criteria": {
      "has_planks": "2024-08-08 20:01:34 +0000"
    },
    "done": true
  },
  "refurbished_furniture:recipes/misc/constructing/purple_grill": {
    "criteria": {
      "has_iron_ingot": "2024-08-08 20:04:28 +0000"
    },
    "done": true
  },
  "twilightforest:recipes/building_blocks/wood/mining_wood": {
    "criteria": {
      "has_item": "2024-08-08 20:07:22 +0000"
    },
    "done": true
  },
  "supplementaries:recipes/candle_holders/candle_holder_orange": {
    "criteria": {
      "has_iron_ingot": "2024-08-08 20:04:28 +0000"
    },
    "done": true
  },
  "refurbished_furniture:recipes/misc/constructing/acacia_storage_cabinet": {
    "criteria": {
      "has_iron_ingot": "2024-08-08 20:04:28 +0000"
    },
    "done": true
  },
  "supplementaries:recipes/candle_holders/candle_holder_purple": {
    "criteria": {
      "has_iron_ingot": "2024-08-08 20:04:28 +0000"
    },
    "done": true
  },
  "minecraft:recipes/combat/iron_boots": {
    "criteria": {
      "has_iron_ingot": "2024-08-08 20:04:28 +0000"
    },
    "done": true
  },
  "supplementaries:recipes/flags/flag_pink": {
    "criteria": {
      "has_stick": "2024-08-08 20:01:55 +0000"
    },
    "done": true
  },
  "refurbished_furniture:recipes/misc/constructing/light_gray_sofa": {
    "criteria": {
      "has_planks": "2024-08-08 20:00:51 +0000"
    },
    "done": true
  },
  "kawaiidishes:recipes/mocha_milkshake_from_blending": {
    "criteria": {
      "has_milk_bucket": "2024-08-08 20:00:10 +0000"
    },
    "done": true
  },
  "kawaiidishes:recipes/sweet_berry_milkshake_from_blending": {
    "criteria": {
      "has_milk_bucket": "2024-08-08 20:00:10 +0000"
    },
    "done": true
  },
  "refurbished_furniture:recipes/misc/constructing/frying_pan": {
    "criteria": {
      "has_iron_ingot": "2024-08-08 20:04:28 +0000"
    },
    "done": true
  },
  "minecraft:recipes/decorations/lantern": {
    "criteria": {
      "has_iron_ingot": "2024-08-08 20:04:28 +0000"
    },
    "done": true
  },
  "kawaiidishes:recipes/misc/magenta_headband": {
    "criteria": {
      "has_white_wool": "2024-08-08 20:06:19 +0000"
    },
    "done": true
  },
  "kawaiidishes:recipes/misc/yellow_headband": {
    "criteria": {
      "has_white_wool": "2024-08-08 20:06:19 +0000"
    },
    "done": true
  },
  "kawaiidishes:recipes/misc/white_cat_ears": {
    "criteria": {
      "has_white_wool": "2024-08-08 20:06:19 +0000"
    },
    "done": true
  },
  "minecraft:recipes/decorations/campfire": {
    "criteria": {
      "has_stick": "2024-08-08 20:01:55 +0000"
    },
    "done": true
  },
  "supplementaries:recipes/timber_frame": {
    "criteria": {
      "forge:rods/wooden": "2024-08-08 20:01:55 +0000"
    },
    "done": true
  },
  "refurbished_furniture:recipes/misc/constructing/dark_oak_lattice_fence": {
    "criteria": {
      "has_stick": "2024-08-08 20:01:55 +0000"
    },
    "done": true
  },
  "refurbished_furniture:recipes/misc/constructing/jungle_storage_cabinet": {
    "criteria": {
      "has_iron_ingot": "2024-08-08 20:04:28 +0000"
    },
    "done": true
  },
  "minecraft:recipes/misc/red_dye_from_beetroot": {
    "criteria": {
      "has_beetroot": "2024-08-08 20:10:45 +0000"
    },
    "done": true
  },
  "minecraft:recipes/tools/wooden_hoe": {
    "criteria": {
      "has_stick": "2024-08-08 20:01:55 +0000"
    },
    "done": true
  },
  "kawaiidishes:recipes/misc/coffee_machine": {
    "criteria": {
      "has_iron_ingot": "2024-08-08 20:04:28 +0000"
    },
    "done": true
  },
  "minecraft:recipes/redstone/oak_fence_gate": {
    "criteria": {
      "has_planks": "2024-08-08 20:01:34 +0000"
    },
    "done": true
  },
  "supplementaries:recipes/candle_holders/candle_holder_red": {
    "criteria": {
      "has_iron_ingot": "2024-08-08 20:04:28 +0000"
    },
    "done": true
  },
  "minecraft:recipes/misc/charcoal": {
    "criteria": {
      "has_log": "2024-08-08 20:01:21 +0000"
    },
    "done": true
  },
  "kawaiidishes:recipes/misc/orange_headband": {
    "criteria": {
      "has_white_wool": "2024-08-08 20:06:19 +0000"
    },
    "done": true
  },
  "minecraft:recipes/tools/iron_shovel": {
    "criteria": {
      "has_iron_ingot": "2024-08-08 20:04:28 +0000"
    },
    "done": true
  },
  "supplementaries:recipes/bubble_blower": {
    "criteria": {
      "has_iron_ingot": "2024-08-08 20:04:28 +0000"
    },
    "done": true
  },
  "refurbished_furniture:recipes/misc/constructing/acacia_lattice_fence": {
    "criteria": {
      "has_stick": "2024-08-08 20:01:55 +0000"
    },
    "done": true
  },
  "refurbished_furniture:recipes/heating/baked_potato": {
    "criteria": {
      "has_ingredient": "2024-08-08 20:10:40 +0000"
    },
    "done": true
  },
  "minecraft:recipes/combat/diamond_helmet": {
    "criteria": {
      "has_diamond": "2024-08-08 20:05:23 +0000"
    },
    "done": true
  },
  "incendium:technical/on_inventory_change": {
    "criteria": {
      "log_spam_fixer": "2024-08-08 19:58:52 +0000"
    },
    "done": false
  },
  "refurbished_furniture:recipes/misc/constructing/white_trampoline": {
    "criteria": {
      "has_iron_ingot": "2024-08-08 20:04:28 +0000"
    },
    "done": true
  },
  "kawaiidishes:recipes/misc/pink_headband": {
    "criteria": {
      "has_white_wool": "2024-08-08 20:06:19 +0000"
    },
    "done": true
  },
  "refurbished_furniture:recipes/misc/constructing/oak_kitchen_storage_cabinet": {
    "criteria": {
      "has_oak_planks": "2024-08-08 20:01:34 +0000"
    },
    "done": true
  },
  "supplementaries:recipes/slingshot": {
    "criteria": {
      "forge:rods/wooden": "2024-08-08 20:01:55 +0000"
    },
    "done": true
  },
  "supplementaries:recipes/timber_brace": {
    "criteria": {
      "forge:rods/wooden": "2024-08-08 20:01:55 +0000"
    },
    "done": true
  },
  "refurbished_furniture:recipes/misc/constructing/jungle_light_ceiling_fan": {
    "criteria": {
      "has_iron_ingot": "2024-08-08 20:04:28 +0000"
    },
    "done": true
  },
  "blue_skies:recipes/building_blocks/comet_door": {
    "criteria": {
      "has_item": "2024-08-08 20:07:19 +0000"
    },
    "done": true
  },
  "refurbished_furniture:recipes/misc/constructing/oak_kitchen_cabinetry": {
    "criteria": {
      "has_oak_planks": "2024-08-08 20:01:34 +0000"
    },
    "done": true
  },
  "refurbished_furniture:recipes/misc/constructing/blue_grill": {
    "criteria": {
      "has_iron_ingot": "2024-08-08 20:04:28 +0000"
    },
    "done": true
  },
  "minecraft:recipes/redstone/oak_door": {
    "criteria": {
      "has_planks": "2024-08-08 20:01:34 +0000"
    },
    "done": true
  },
  "refurbished_furniture:recipes/misc/constructing/oak_desk": {
    "criteria": {
      "has_oak_planks": "2024-08-08 20:01:34 +0000"
    },
    "done": true
  },
  "supplementaries:recipes/turn_table": {
    "criteria": {
      "minecraft:planks": "2024-08-08 20:00:51 +0000"
    },
    "done": true
  },
  "minecraft:recipes/building_blocks/melon": {
    "criteria": {
      "has_melon": "2024-08-08 20:08:23 +0000"
    },
    "done": true
  },
  "kawaiidishes:recipes/misc/cyan_maid_dress": {
    "criteria": {
      "has_white_wool": "2024-08-08 20:06:19 +0000"
    },
    "done": true
  },
  "twilightforest:recipes/building_blocks/wood/mangrove_planks": {
    "criteria": {
      "has_item": "2024-08-08 20:07:23 +0000"
    },
    "done": true
  },
  "minecraft:recipes/tools/wooden_shovel": {
    "criteria": {
      "has_stick": "2024-08-08 20:01:55 +0000"
    },
    "done": true
  },
  "minecraft:recipes/building_blocks/mossy_cobblestone_slab_from_mossy_cobblestone_stonecutting": {
    "criteria": {
      "has_mossy_cobblestone": "2024-08-08 20:25:08 +0000"
    },
    "done": true
  },
  "refurbished_furniture:recipes/misc/constructing/mangrove_light_ceiling_fan": {
    "criteria": {
      "has_iron_ingot": "2024-08-08 20:04:28 +0000"
    },
    "done": true
  },
  "kawaiidishes:recipes/misc/light_blue_headband": {
    "criteria": {
      "has_white_wool": "2024-08-08 20:06:19 +0000"
    },
    "done": true
  },
  "refurbished_furniture:recipes/misc/constructing/post_box": {
    "criteria": {
      "has_planks": "2024-08-08 20:00:51 +0000"
    },
    "done": true
  },
  "paraglider:recipes/misc/paraglider": {
    "criteria": {
      "has_stick": "2024-08-08 20:01:55 +0000"
    },
    "done": true
  },
  "minecraft:recipes/transportation/acacia_boat": {
    "criteria": {
      "in_water": "2024-08-08 20:10:41 +0000"
    },
    "done": true
  },
  "minecraft:recipes/redstone/iron_trapdoor": {
    "criteria": {
      "has_iron_ingot": "2024-08-08 20:04:28 +0000"
    },
    "done": true
  },
  "backpacked:recipes/decorations/crimson_backpack_shelf": {
    "criteria": {
      "has_stick": "2024-08-08 20:01:55 +0000"
    },
    "done": true
  },
  "refurbished_furniture:recipes/misc/constructing/green_lamp": {
    "criteria": {
      "has_planks": "2024-08-08 20:00:51 +0000"
    },
    "done": true
  },
  "supplementaries:recipes/clock_block": {
    "criteria": {
      "minecraft:planks": "2024-08-08 20:00:51 +0000"
    },
    "done": true
  },
  "supplementaries:recipes/flags/flag_black": {
    "criteria": {
      "has_stick": "2024-08-08 20:01:55 +0000"
    },
    "done": true
  },
  "refurbished_furniture:recipes/misc/constructing/magenta_sofa": {
    "criteria": {
      "has_planks": "2024-08-08 20:00:51 +0000"
    },
    "done": true
  },
  "kawaiidishes:recipes/misc/brown_headband": {
    "criteria": {
      "has_white_wool": "2024-08-08 20:06:19 +0000"
    },
    "done": true
  },
  "minecraft:recipes/combat/wooden_sword": {
    "criteria": {
      "has_stick": "2024-08-08 20:01:55 +0000"
    },
    "done": true
  },
  "minecraft:recipes/building_blocks/oak_planks": {
    "criteria": {
      "has_logs": "2024-08-08 20:01:21 +0000"
    },
    "done": true
  },
  "kawaiidishes:recipes/misc/white_maid_dress": {
    "criteria": {
      "has_white_wool": "2024-08-08 20:06:19 +0000"
    },
    "done": true
  },
  "minecraft:recipes/combat/crossbow": {
    "criteria": {
      "has_iron_ingot": "2024-08-08 20:04:28 +0000"
    },
    "done": true
  },
  "betterdungeons:root": {
    "criteria": {
      "always": "2024-08-08 19:58:51 +0000"
    },
    "done": true
  },
  "refurbished_furniture:recipes/misc/constructing/oak_storage_jar": {
    "criteria": {
      "has_oak_planks": "2024-08-08 20:01:34 +0000"
    },
    "done": true
  },
  "minecraft:recipes/decorations/barrel": {
    "criteria": {
      "has_spruce_planks": "2024-08-08 19:59:35 +0000",
      "has_spruce_slab": "2024-08-08 19:59:35 +0000"
    },
    "done": true
  },
  "refurbished_furniture:recipes/misc/constructing/oak_cutting_board": {
    "criteria": {
      "has_oak_planks": "2024-08-08 20:01:34 +0000"
    },
    "done": true
  },
  "incendium:technical/holy_wrath": {
    "criteria": {
      "log_spam_fixer": "2024-08-08 19:58:52 +0000"
    },
    "done": false
  },
  "supplementaries:recipes/flags/flag_green": {
    "criteria": {
      "has_stick": "2024-08-08 20:01:55 +0000"
    },
    "done": true
  },
  "variantvanillablocks:recipes/decorations/cherry_smithing_table": {
    "criteria": {
      "has_iron_ingot": "2024-08-08 20:04:28 +0000"
    },
    "done": true
  },
  "minecraft:recipes/building_blocks/diamond_block": {
    "criteria": {
      "has_diamond": "2024-08-08 20:05:23 +0000"
    },
    "done": true
  },
  "minecraft:recipes/building_blocks/stripped_oak_wood": {
    "criteria": {
      "has_log": "2024-08-08 20:25:12 +0000"
    },
    "done": true
  },
  "incendium:technical/on_block": {
    "criteria": {
      "log_spam_fixer": "2024-08-08 19:58:52 +0000"
    },
    "done": false
  },
  "minecraft:recipes/decorations/white_bed": {
    "criteria": {
      "has_white_wool": "2024-08-08 20:06:19 +0000"
    },
    "done": true
  },
  "realmrpg_quests:root": {
    "criteria": {
      "root_0": "2024-08-08 19:58:51 +0000"
    },
    "done": true
  },
  "kawaiidishes:recipes/misc/red_headband": {
    "criteria": {
      "has_white_wool": "2024-08-08 20:06:19 +0000"
    },
    "done": true
  },
  "refurbished_furniture:recipes/misc/constructing/cyan_stool": {
    "criteria": {
      "has_planks": "2024-08-08 20:00:51 +0000"
    },
    "done": true
  },
  "refurbished_furniture:recipes/misc/constructing/jungle_toilet": {
    "criteria": {
      "has_iron_ingot": "2024-08-08 20:04:28 +0000"
    },
    "done": true
  },
  "incendium:technical/using/shield": {
    "criteria": {
      "log_spam_fixer": "2024-08-08 19:58:52 +0000"
    },
    "done": false
  },
  "refurbished_furniture:recipes/misc/constructing/light_blue_grill": {
    "criteria": {
      "has_iron_ingot": "2024-08-08 20:04:28 +0000"
    },
    "done": true
  },
  "refurbished_furniture:recipes/misc/constructing/green_sofa": {
    "criteria": {
      "has_planks": "2024-08-08 20:00:51 +0000"
    },
    "done": true
  },
  "supplementaries:recipes/candle_holders/candle_holder_magenta": {
    "criteria": {
      "has_iron_ingot": "2024-08-08 20:04:28 +0000"
    },
    "done": true
  },
  "minecraft:recipes/combat/spectral_arrow": {
    "criteria": {
      "has_glowstone_dust": "2024-08-08 20:19:18 +0000"
    },
    "done": true
  },
  "kawaiidishes:recipes/misc/white_bunny_tail": {
    "criteria": {
      "has_white_wool": "2024-08-08 20:06:19 +0000"
    },
    "done": true
  },
  "supplementaries:recipes/flags/flag_purple": {
    "criteria": {
      "has_stick": "2024-08-08 20:01:55 +0000"
    },
    "done": true
  },
  "refurbished_furniture:recipes/misc/constructing/cherry_light_ceiling_fan": {
    "criteria": {
      "has_iron_ingot": "2024-08-08 20:04:28 +0000"
    },
    "done": true
  },
  "minecraft:story/mine_diamond": {
    "criteria": {
      "diamond": "2024-08-08 20:05:23 +0000"
    },
    "done": true
  },
  "refurbished_furniture:recipes/misc/constructing/birch_light_ceiling_fan": {
    "criteria": {
      "has_iron_ingot": "2024-08-08 20:04:28 +0000"
    },
    "done": true
  },
  "variantvanillablocks:recipes/decorations/smithing_table": {
    "criteria": {
      "has_the_recipe": "2024-08-08 20:04:28 +0000"
    },
    "done": true
  },
  "refurbished_furniture:recipes/misc/constructing/yellow_trampoline": {
    "criteria": {
      "has_iron_ingot": "2024-08-08 20:04:28 +0000"
    },
    "done": true
  },
  "refurbished_furniture:recipes/misc/constructing/mangrove_lattice_fence_gate": {
    "criteria": {
      "has_stick": "2024-08-08 20:01:55 +0000"
    },
    "done": true
  },
  "aquamirae:adventure/root": {
    "criteria": {
      "crafting_table": "2024-08-08 20:01:43 +0000"
    },
    "done": true
  },
  "refurbished_furniture:recipes/misc/constructing/recycle_bin": {
    "criteria": {
      "has_iron_ingot": "2024-08-08 20:04:28 +0000"
    },
    "done": true
  },
  "refurbished_furniture:recipes/misc/constructing/light_gray_lamp": {
    "criteria": {
      "has_planks": "2024-08-08 20:00:51 +0000"
    },
    "done": true
  },
  "minecraft:recipes/building_blocks/oak_wood": {
    "criteria": {
      "has_log": "2024-08-08 20:01:21 +0000"
    },
    "done": true
  },
  "refurbished_furniture:recipes/misc/constructing/magenta_grill": {
    "criteria": {
      "has_iron_ingot": "2024-08-08 20:04:28 +0000"
    },
    "done": true
  },
  "refurbished_furniture:recipes/misc/slicing/bread_slice_from_bread": {
    "criteria": {
      "has_bread": "2024-08-08 20:25:14 +0000"
    },
    "done": true
  },
  "supplementaries:recipes/flags/flag_white": {
    "criteria": {
      "has_stick": "2024-08-08 20:01:55 +0000"
    },
    "done": true
  },
  "minecraft:recipes/transportation/jungle_boat": {
    "criteria": {
      "in_water": "2024-08-08 20:10:41 +0000"
    },
    "done": true
  },
  "minecraft:recipes/redstone/heavy_weighted_pressure_plate": {
    "criteria": {
      "has_iron_ingot": "2024-08-08 20:04:28 +0000"
    },
    "done": true
  },
  "refurbished_furniture:recipes/misc/constructing/jungle_lattice_fence_gate": {
    "criteria": {
      "has_stick": "2024-08-08 20:01:55 +0000"
    },
    "done": true
  },
  "refurbished_furniture:recipes/misc/constructing/light_ceiling_light": {
    "criteria": {
      "has_iron_ingot": "2024-08-08 20:04:28 +0000"
    },
    "done": true
  },
  "kawaiidishes:recipes/misc/black_headband": {
    "criteria": {
      "has_white_wool": "2024-08-08 20:06:19 +0000"
    },
    "done": true
  },
  "twilightforest:recipes/transportation/twilight_oak_boat": {
    "criteria": {
      "in_water": "2024-08-08 20:10:41 +0000"
    },
    "done": true
  },
  "refurbished_furniture:recipes/misc/light_electricity_generator": {
    "criteria": {
      "has_iron_ingot": "2024-08-08 20:04:28 +0000"
    },
    "done": true
  },
  "refurbished_furniture:recipes/misc/constructing/birch_basin": {
    "criteria": {
      "has_iron_ingot": "2024-08-08 20:04:28 +0000"
    },
    "done": true
  },
  "refurbished_furniture:recipes/misc/constructing/acacia_toilet": {
    "criteria": {
      "has_iron_ingot": "2024-08-08 20:04:28 +0000"
    },
    "done": true
  },
  "minecraft:recipes/misc/melon_seeds": {
    "criteria": {
      "has_melon": "2024-08-08 20:08:23 +0000"
    },
    "done": true
  },
  "twilightforest:recipes/transportation/time_boat": {
    "criteria": {
      "in_water": "2024-08-08 20:10:41 +0000"
    },
    "done": true
  },
  "refurbished_furniture:recipes/misc/constructing/magenta_trampoline": {
    "criteria": {
      "has_iron_ingot": "2024-08-08 20:04:28 +0000"
    },
    "done": true
  },
  "minecraft:recipes/combat/iron_leggings": {
    "criteria": {
      "has_iron_ingot": "2024-08-08 20:04:28 +0000"
    },
    "done": true
  },
  "kawaiidishes:recipes/misc/lime_headband": {
    "criteria": {
      "has_white_wool": "2024-08-08 20:06:19 +0000"
    },
    "done": true
  },
  "twilightforest:recipes/transportation/mining_boat": {
    "criteria": {
      "in_water": "2024-08-08 20:10:41 +0000"
    },
    "done": true
  },
  "refurbished_furniture:recipes/misc/constructing/blue_stool": {
    "criteria": {
      "has_planks": "2024-08-08 20:00:51 +0000"
    },
    "done": true
  },
  "kawaiidishes:recipes/misc/cyan_headband": {
    "criteria": {
      "has_white_wool": "2024-08-08 20:06:19 +0000"
    },
    "done": true
  },
  "supplementaries:recipes/timber_cross_brace": {
    "criteria": {
      "forge:rods/wooden": "2024-08-08 20:01:55 +0000"
    },
    "done": true
  },
  "minecraft:recipes/food/dried_coffee_beans_from_smelting": {
    "criteria": {
      "has_coffee_fruit": "2024-08-08 19:59:35 +0000"
    },
    "done": true
  },
  "minecraft:story/obtain_armor": {
    "criteria": {
      "iron_leggings": "2024-08-08 20:04:59 +0000"
    },
    "done": true
  },
  "refurbished_furniture:recipes/misc/constructing/gray_trampoline": {
    "criteria": {
      "has_iron_ingot": "2024-08-08 20:04:28 +0000"
    },
    "done": true
  },
  "refurbished_furniture:recipes/misc/constructing/brown_stool": {
    "criteria": {
      "has_planks": "2024-08-08 20:00:51 +0000"
    },
    "done": true
  },
  "kawaiidishes:recipes/misc/white_headband": {
    "criteria": {
      "has_white_wool": "2024-08-08 20:06:19 +0000"
    },
    "done": true
  },
  "minecraft:recipes/combat/diamond_leggings": {
    "criteria": {
      "has_diamond": "2024-08-08 20:05:23 +0000"
    },
    "done": true
  },
  "blue_skies:recipes/building_blocks/glowing_poison_stone": {
    "criteria": {
      "has_item": "2024-08-08 20:19:18 +0000"
    },
    "done": true
  },
  "variantvanillablocks:recipes/decorations/dark_oak_smithing_table": {
    "criteria": {
      "has_iron_ingot": "2024-08-08 20:04:28 +0000"
    },
    "done": true
  },
  "refurbished_furniture:recipes/misc/constructing/mangrove_bath": {
    "criteria": {
      "has_iron_ingot": "2024-08-08 20:04:28 +0000"
    },
    "done": true
  },
  "refurbished_furniture:recipes/misc/constructing/oak_kitchen_sink": {
    "criteria": {
      "has_oak_planks": "2024-08-08 20:01:34 +0000"
    },
    "done": true
  },
  "refurbished_furniture:recipes/misc/constructing/orange_stool": {
    "criteria": {
      "has_planks": "2024-08-08 20:00:51 +0000"
    },
    "done": true
  },
  "refurbished_furniture:recipes/misc/constructing/light_fridge": {
    "criteria": {
      "has_iron_ingot": "2024-08-08 20:04:28 +0000"
    },
    "done": true
  },
  "minecraft:recipes/misc/iron_nugget_from_smelting": {
    "criteria": {
      "has_iron_pickaxe": "2024-08-08 20:04:58 +0000"
    },
    "done": true
  },
  "minecraft:recipes/misc/blue_dye": {
    "criteria": {
      "has_lapis_lazuli": "2024-08-08 20:06:40 +0000"
    },
    "done": true
  },
  "refurbished_furniture:recipes/misc/constructing/jungle_bath": {
    "criteria": {
      "has_iron_ingot": "2024-08-08 20:04:28 +0000"
    },
    "done": true
  },
  "minecraft:recipes/food/baked_potato_from_campfire_cooking": {
    "criteria": {
      "has_potato": "2024-08-08 20:10:40 +0000"
    },
    "done": true
  },
  "variantvanillablocks:recipes/decorations/warped_smithing_table": {
    "criteria": {
      "has_iron_ingot": "2024-08-08 20:04:28 +0000"
    },
    "done": true
  },
  "incendium:technical/inventory/sentrys_wrath": {
    "criteria": {
      "log_spam_fixer": "2024-08-08 19:58:52 +0000"
    },
    "done": false
  },
  "blue_skies:recipes/blue_skies_tools/comet_sword": {
    "criteria": {
      "has_resource": "2024-08-08 20:07:19 +0000"
    },
    "done": true
  },
  "minecraft:story/iron_tools": {
    "criteria": {
      "iron_pickaxe": "2024-08-08 20:04:58 +0000"
    },
    "done": true
  },
  "minecraft:recipes/combat/iron_chestplate": {
    "criteria": {
      "has_iron_ingot": "2024-08-08 20:04:28 +0000"
    },
    "done": true
  },
  "minecraft:recipes/redstone/oak_trapdoor": {
    "criteria": {
      "has_planks": "2024-08-08 20:01:34 +0000"
    },
    "done": true
  },
  "refurbished_furniture:recipes/misc/constructing/black_cooler": {
    "criteria": {
      "has_planks": "2024-08-08 20:00:51 +0000"
    },
    "done": true
  },
  "refurbished_furniture:recipes/misc/constructing/lime_lamp": {
    "criteria": {
      "has_planks": "2024-08-08 20:00:51 +0000"
    },
    "done": true
  },
  "variantvanillablocks:recipes/decorations/birch_smithing_table": {
    "criteria": {
      "has_iron_ingot": "2024-08-08 20:04:28 +0000"
    },
    "done": true
  },
  "kawaiidishes:recipes/misc/white_fox_tail": {
    "criteria": {
      "has_white_wool": "2024-08-08 20:06:19 +0000"
    },
    "done": true
  },
  "refurbished_furniture:recipes/misc/constructing/dark_oak_basin": {
    "criteria": {
      "has_iron_ingot": "2024-08-08 20:04:28 +0000"
    },
    "done": true
  },
  "supplementaries:recipes/flags/flag_brown": {
    "criteria": {
      "has_stick": "2024-08-08 20:01:55 +0000"
    },
    "done": true
  },
  "minecraft:recipes/misc/iron_nugget": {
    "criteria": {
      "has_iron_ingot": "2024-08-08 20:04:28 +0000"
    },
    "done": true
  },
  "supplementaries:recipes/flags/flag_gray": {
    "criteria": {
      "has_stick": "2024-08-08 20:01:55 +0000"
    },
    "done": true
  },
  "variantvanillablocks:recipes/decorations/oak_barrel": {
    "criteria": {
      "has_planks": "2024-08-08 20:01:34 +0000"
    },
    "done": true
  },
  "minecraft:recipes/misc/bucket": {
    "criteria": {
      "has_iron_ingot": "2024-08-08 20:04:28 +0000"
    },
    "done": true
  },
  "refurbished_furniture:recipes/misc/constructing/cherry_basin": {
    "criteria": {
      "has_iron_ingot": "2024-08-08 20:04:28 +0000"
    },
    "done": true
  },
  "minecraft:recipes/transportation/minecart": {
    "criteria": {
      "has_iron_ingot": "2024-08-08 20:04:28 +0000"
    },
    "done": true
  },
  "supplementaries:recipes/faucet": {
    "criteria": {
      "forge:rods/wooden": "2024-08-08 20:01:55 +0000"
    },
    "done": true
  },
  "minecraft:recipes/tools/iron_hoe": {
    "criteria": {
      "has_iron_ingot": "2024-08-08 20:04:28 +0000"
    },
    "done": true
  },
  "refurbished_furniture:recipes/misc/constructing/computer": {
    "criteria": {
      "has_iron_ingot": "2024-08-08 20:04:28 +0000"
    },
    "done": true
  },
  "shieldsplus:recipes/combat/diamond_shield": {
    "criteria": {
      "has_diamond": "2024-08-08 20:05:23 +0000"
    },
    "done": true
  },
  "minecraft:recipes/food/baked_potato": {
    "criteria": {
      "has_potato": "2024-08-08 20:10:40 +0000"
    },
    "done": true
  },
  "minecraft:recipes/misc/gold_ingot_from_nuggets": {
    "criteria": {
      "has_gold_nugget": "2024-08-08 20:08:51 +0000"
    },
    "done": true
  },
  "incendium:technical/feed_ghastling": {
    "criteria": {
      "log_spam_fixer": "2024-08-08 19:58:52 +0000"
    },
    "done": false
  },
  "refurbished_furniture:recipes/misc/constructing/cherry_storage_cabinet": {
    "criteria": {
      "has_iron_ingot": "2024-08-08 20:04:28 +0000"
    },
    "done": true
  },
  "variantvanillablocks:recipes/misc/crafting_table": {
    "criteria": {
      "has_the_recipe": "2024-08-08 19:58:51 +0000"
    },
    "done": true
  },
  "supplementaries:recipes/candle_holders/candle_holder_pink": {
    "criteria": {
      "has_iron_ingot": "2024-08-08 20:04:28 +0000"
    },
    "done": true
  },
  "refurbished_furniture:recipes/misc/constructing/magenta_cooler": {
    "criteria": {
      "has_planks": "2024-08-08 20:00:51 +0000"
    },
    "done": true
  },
  "minecraft:recipes/decorations/painting": {
    "criteria": {
      "has_wool": "2024-08-08 20:06:19 +0000"
    },
    "done": true
  },
  "refurbished_furniture:recipes/misc/constructing/spruce_lattice_fence": {
    "criteria": {
      "has_stick": "2024-08-08 20:01:55 +0000"
    },
    "done": true
  },
  "refurbished_furniture:recipes/misc/constructing/light_blue_cooler": {
    "criteria": {
      "has_planks": "2024-08-08 20:00:51 +0000"
    },
    "done": true
  },
  "blue_skies:recipes/blue_skies_tools/comet_axe": {
    "criteria": {
      "has_resource": "2024-08-08 20:07:19 +0000"
    },
    "done": true
  },
  "backpacked:recipes/decorations/dark_oak_backpack_shelf": {
    "criteria": {
      "has_stick": "2024-08-08 20:01:55 +0000"
    },
    "done": true
  },
  "blue_skies:recipes/building_blocks/frostbright_planks": {
    "criteria": {
      "has_item": "2024-08-08 20:07:22 +0000"
    },
    "done": true
  },
  "refurbished_furniture:recipes/misc/constructing/oak_mail_box": {
    "criteria": {
      "has_oak_planks": "2024-08-08 20:01:34 +0000"
    },
    "done": true
  },
  "kawaiidishes:recipes/misc/green_headband": {
    "criteria": {
      "has_white_wool": "2024-08-08 20:06:19 +0000"
    },
    "done": true
  },
  "backpacked:recipes/decorations/birch_backpack_shelf": {
    "criteria": {
      "has_stick": "2024-08-08 20:01:55 +0000"
    },
    "done": true
  },
  "refurbished_furniture:recipes/misc/constructing/pink_sofa": {
    "criteria": {
      "has_planks": "2024-08-08 20:00:51 +0000"
    },
    "done": true
  },
  "minecraft:recipes/decorations/composter": {
    "criteria": {
      "has_spruce_slab": "2024-08-08 19:59:35 +0000"
    },
    "done": true
  },
  "refurbished_furniture:recipes/misc/constructing/oak_bath": {
    "criteria": {
      "has_oak_planks": "2024-08-08 20:01:34 +0000"
    },
    "done": true
  },
  "refurbished_furniture:recipes/misc/constructing/brown_lamp": {
    "criteria": {
      "has_planks": "2024-08-08 20:00:51 +0000"
    },
    "done": true
  },
  "variantvanillablocks:recipes/decorations/bamboo_smithing_table": {
    "criteria": {
      "has_iron_ingot": "2024-08-08 20:04:28 +0000"
    },
    "done": true
  },
  "twilightforest:recipes/transportation/mangrove_boat": {
    "criteria": {
      "in_water": "2024-08-08 20:10:41 +0000"
    },
    "done": true
  },
  "refurbished_furniture:recipes/misc/constructing/crimson_lattice_fence_gate": {
    "criteria": {
      "has_stick": "2024-08-08 20:01:55 +0000"
    },
    "done": true
  },
  "refurbished_furniture:recipes/misc/constructing/red_grill": {
    "criteria": {
      "has_iron_ingot": "2024-08-08 20:04:28 +0000"
    },
    "done": true
  },
  "minecraft:story/smelt_iron": {
    "criteria": {
      "iron": "2024-08-08 20:04:28 +0000"
    },
    "done": true
  },
  "kawaiidishes:recipes/cream_ice_cream_from_coffee_machining": {
    "criteria": {
      "has_milk_bucket": "2024-08-08 20:00:10 +0000"
    },
    "done": true
  },
  "supplementaries:recipes/candle_holders/candle_holder_white": {
    "criteria": {
      "has_iron_ingot": "2024-08-08 20:04:28 +0000"
    },
    "done": true
  },
  "supplementaries:recipes/bed_from_feather_block": {
    "criteria": {
      "minecraft:planks": "2024-08-08 20:00:51 +0000"
    },
    "done": true
  },
  "minecraft:recipes/building_blocks/emerald_block": {
    "criteria": {
      "has_emerald": "2024-08-08 20:08:35 +0000"
    },
    "done": true
  },
  "refurbished_furniture:recipes/misc/constructing/lime_sofa": {
    "criteria": {
      "has_planks": "2024-08-08 20:00:51 +0000"
    },
    "done": true
  },
  "shieldsplus:recipes/combat/wooden_shield": {
    "criteria": {
      "has_planks": "2024-08-08 20:00:51 +0000"
    },
    "done": true
  },
  "twilightforest:recipes/transportation/transformation_boat": {
    "criteria": {
      "in_water": "2024-08-08 20:10:41 +0000"
    },
    "done": true
  },
  "refurbished_furniture:recipes/misc/constructing/light_gray_trampoline": {
    "criteria": {
      "has_iron_ingot": "2024-08-08 20:04:28 +0000"
    },
    "done": true
  },
  "minecraft:recipes/building_blocks/oak_stairs": {
    "criteria": {
      "has_planks": "2024-08-08 20:01:34 +0000"
    },
    "done": true
  },
  "refurbished_furniture:recipes/misc/constructing/mangrove_basin": {
    "criteria": {
      "has_iron_ingot": "2024-08-08 20:04:28 +0000"
    },
    "done": true
  },
  "refurbished_furniture:recipes/misc/constructing/red_cooler": {
    "criteria": {
      "has_planks": "2024-08-08 20:00:51 +0000"
    },
    "done": true
  },
  "refurbished_furniture:recipes/misc/constructing/green_trampoline": {
    "criteria": {
      "has_iron_ingot": "2024-08-08 20:04:28 +0000"
    },
    "done": true
  },
  "minecraft:recipes/decorations/chain": {
    "criteria": {
      "has_iron_ingot": "2024-08-08 20:04:28 +0000"
    },
    "done": true
  },
  "minecraft:recipes/decorations/oak_fence": {
    "criteria": {
      "has_planks": "2024-08-08 20:01:34 +0000"
    },
    "done": true
  },
  "blue_skies:recipes/building_blocks/comet_slab": {
    "criteria": {
      "has_item": "2024-08-08 20:07:19 +0000"
    },
    "done": true
  },
  "kawaiidishes:recipes/misc/ice_cream_machine": {
    "criteria": {
      "has_iron_ingot": "2024-08-08 20:04:28 +0000"
    },
    "done": true
  },
  "refurbished_furniture:recipes/misc/constructing/oak_basin": {
    "criteria": {
      "has_oak_planks": "2024-08-08 20:01:34 +0000"
    },
    "done": true
  },
  "refurbished_furniture:recipes/misc/constructing/lime_trampoline": {
    "criteria": {
      "has_iron_ingot": "2024-08-08 20:04:28 +0000"
    },
    "done": true
  },
  "blue_skies:recipes/building_blocks/glowing_nature_stonebrick_from_glowstone": {
    "criteria": {
      "has_item": "2024-08-08 20:19:18 +0000"
    },
    "done": true
  },
  "refurbished_furniture:recipes/misc/constructing/dark_oak_bath": {
    "criteria": {
      "has_iron_ingot": "2024-08-08 20:04:28 +0000"
    },
    "done": true
  },
  "incendium:technical/firestorm": {
    "criteria": {
      "log_spam_fixer": "2024-08-08 19:58:52 +0000"
    },
    "done": false
  },
  "minecraft:recipes/decorations/smithing_table": {
    "criteria": {
      "has_iron_ingot": "2024-08-08 20:04:28 +0000"
    },
    "done": true
  },
  "refurbished_furniture:recipes/misc/constructing/crimson_bath": {
    "criteria": {
      "has_iron_ingot": "2024-08-08 20:04:28 +0000"
    },
    "done": true
  },
  "supplementaries:recipes/speaker_block": {
    "criteria": {
      "minecraft:planks": "2024-08-08 20:00:51 +0000"
    },
    "done": true
  },
  "refurbished_furniture:recipes/misc/constructing/black_trampoline": {
    "criteria": {
      "has_iron_ingot": "2024-08-08 20:04:28 +0000"
    },
    "done": true
  },
  "supplementaries:recipes/flags/flag_light_blue": {
    "criteria": {
      "has_stick": "2024-08-08 20:01:55 +0000"
    },
    "done": true
  },
  "kawaiidishes:recipes/misc/light_gray_headband": {
    "criteria": {
      "has_white_wool": "2024-08-08 20:06:19 +0000"
    },
    "done": true
  },
  "minecraft:recipes/transportation/spruce_boat": {
    "criteria": {
      "in_water": "2024-08-08 20:10:41 +0000"
    },
    "done": true
  },
  "supplementaries:recipes/pancake_fd": {
    "criteria": {
      "forge:milk": "2024-08-08 20:00:10 +0000"
    },
    "done": true
  },
  "blue_skies:recipes/building_blocks/comet_crafting_table": {
    "criteria": {
      "has_item": "2024-08-08 20:07:19 +0000"
    },
    "done": true
  },
  "refurbished_furniture:recipes/misc/constructing/green_cooler": {
    "criteria": {
      "has_planks": "2024-08-08 20:00:51 +0000"
    },
    "done": true
  },
  "cavernous:spelunkage": {
    "criteria": {
      "diamond": "2024-08-08 20:05:23 +0000",
      "cobblestone": "2024-08-08 20:04:34 +0000",
      "cobbled_deepslate": "2024-08-08 20:08:35 +0000",
      "lapis": "2024-08-08 20:06:40 +0000"
    },
    "done": false
  },
  "refurbished_furniture:recipes/misc/knife": {
    "criteria": {
      "has_iron_ingot": "2024-08-08 20:04:28 +0000"
    },
    "done": true
  },
  "refurbished_furniture:recipes/misc/workbench": {
    "criteria": {
      "has_planks": "2024-08-08 20:00:51 +0000"
    },
    "done": true
  },
  "refurbished_furniture:recipes/misc/constructing/brown_sofa": {
    "criteria": {
      "has_planks": "2024-08-08 20:00:51 +0000"
    },
    "done": true
  },
  "refurbished_furniture:recipes/misc/constructing/door_mat": {
    "criteria": {
      "has_wheat": "2024-08-08 20:11:06 +0000"
    },
    "done": true
  },
  "minecraft:husbandry/root": {
    "criteria": {
      "consumed_item": "2024-08-08 20:09:13 +0000"
    },
    "done": true
  },
  "minecraft:recipes/transportation/birch_boat": {
    "criteria": {
      "in_water": "2024-08-08 20:10:41 +0000"
    },
    "done": true
  },
  "refurbished_furniture:recipes/misc/constructing/light_blue_lamp": {
    "criteria": {
      "has_planks": "2024-08-08 20:00:51 +0000"
    },
    "done": true
  },
  "incendium:technical/inventory/firestorm": {
    "criteria": {
      "log_spam_fixer": "2024-08-08 19:58:52 +0000"
    },
    "done": false
  },
  "variantvanillablocks:recipes/misc/chest": {
    "criteria": {
      "has_the_recipe": "2024-08-08 20:01:58 +0000"
    },
    "done": true
  },
  "minecraft:recipes/decorations/white_carpet": {
    "criteria": {
      "has_white_wool": "2024-08-08 20:06:19 +0000"
    },
    "done": true
  },
  "refurbished_furniture:recipes/misc/constructing/blue_sofa": {
    "criteria": {
      "has_planks": "2024-08-08 20:00:51 +0000"
    },
    "done": true
  },
  "refurbished_furniture:recipes/misc/constructing/warped_basin": {
    "criteria": {
      "has_iron_ingot": "2024-08-08 20:04:28 +0000"
    },
    "done": true
  },
  "minecraft:recipes/transportation/oak_boat": {
    "criteria": {
      "in_water": "2024-08-08 20:10:41 +0000"
    },
    "done": true
  },
  "refurbished_furniture:recipes/misc/constructing/doorbell": {
    "criteria": {
      "has_iron_ingot": "2024-08-08 20:04:28 +0000"
    },
    "done": true
  },
  "refurbished_furniture:recipes/misc/constructing/light_lightswitch": {
    "criteria": {
      "has_iron_ingot": "2024-08-08 20:04:28 +0000"
    },
    "done": true
  },
  "minecraft:recipes/misc/paper": {
    "criteria": {
      "has_reeds": "2024-08-08 20:11:26 +0000"
    },
    "done": true
  },
  "kawaiidishes:recipes/napolitano_milkshake_from_blending": {
    "criteria": {
      "has_milk_bucket": "2024-08-08 20:00:10 +0000"
    },
    "done": true
  },
  "refurbished_furniture:recipes/misc/constructing/light_blue_stool": {
    "criteria": {
      "has_planks": "2024-08-08 20:00:51 +0000"
    },
    "done": true
  },
  "minecraft:recipes/building_blocks/coal_block": {
    "criteria": {
      "has_coal": "2024-08-08 20:04:34 +0000"
    },
    "done": true
  },
  "minecraft:recipes/misc/black_headband_fox_ears_red_uncraft": {
    "criteria": {
      "has_black_headband_fox_ears_red": "2024-08-08 20:20:56 +0000"
    },
    "done": true
  },
  "refurbished_furniture:recipes/misc/constructing/cherry_lattice_fence": {
    "criteria": {
      "has_stick": "2024-08-08 20:01:55 +0000"
    },
    "done": true
  },
  "supplementaries:recipes/candle_holders/candle_holder_brown": {
    "criteria": {
      "has_iron_ingot": "2024-08-08 20:04:28 +0000"
    },
    "done": true
  },
  "supplementaries:recipes/goblet": {
    "criteria": {
      "has_iron_ingot": "2024-08-08 20:04:28 +0000"
    },
    "done": true
  },
  "refurbished_furniture:recipes/misc/constructing/oak_chair": {
    "criteria": {
      "has_oak_planks": "2024-08-08 20:01:34 +0000"
    },
    "done": true
  },
  "minecraft:recipes/redstone/oak_button": {
    "criteria": {
      "has_planks": "2024-08-08 20:01:34 +0000"
    },
    "done": true
  },
  "refurbished_furniture:recipes/misc/constructing/white_cooler": {
    "criteria": {
      "has_planks": "2024-08-08 20:00:51 +0000"
    },
    "done": true
  },
  "kawaiidishes:recipes/misc/condensed_milk": {
    "criteria": {
      "has_milk_bucket": "2024-08-08 20:00:10 +0000"
    },
    "done": true
  },
  "incendium:technical/give_ghastling": {
    "criteria": {
      "log_spam_fixer": "2024-08-08 19:58:52 +0000"
    },
    "done": false
  },
  "minecraft:recipes/combat/diamond_boots": {
    "criteria": {
      "has_diamond": "2024-08-08 20:05:23 +0000"
    },
    "done": true
  },
  "minecraft:recipes/combat/iron_sword": {
    "criteria": {
      "has_iron_ingot": "2024-08-08 20:04:28 +0000"
    },
    "done": true
  },
  "minecraft:recipes/tools/iron_pickaxe": {
    "criteria": {
      "has_iron_ingot": "2024-08-08 20:04:28 +0000"
    },
    "done": true
  },
  "refurbished_furniture:recipes/misc/constructing/blue_lamp": {
    "criteria": {
      "has_planks": "2024-08-08 20:00:51 +0000"
    },
    "done": true
  },
  "refurbished_furniture:recipes/misc/constructing/spruce_toilet": {
    "criteria": {
      "has_iron_ingot": "2024-08-08 20:04:28 +0000"
    },
    "done": true
  },
  "refurbished_furniture:recipes/misc/constructing/red_stool": {
    "criteria": {
      "has_planks": "2024-08-08 20:00:51 +0000"
    },
    "done": true
  },
  "kawaiidishes:recipes/misc/lime_maid_dress": {
    "criteria": {
      "has_white_wool": "2024-08-08 20:06:19 +0000"
    },
    "done": true
  },
  "minecraft:recipes/transportation/mangrove_boat": {
    "criteria": {
      "in_water": "2024-08-08 20:10:41 +0000"
    },
    "done": true
  },
  "supplementaries:recipes/daub_brace": {
    "criteria": {
      "forge:rods/wooden": "2024-08-08 20:01:55 +0000"
    },
    "done": true
  },
  "kawaiidishes:recipes/chocolate_milkshake_from_blending": {
    "criteria": {
      "has_milk_bucket": "2024-08-08 20:00:10 +0000"
    },
    "done": true
  },
  "supplementaries:recipes/flags/flag_blue": {
    "criteria": {
      "has_stick": "2024-08-08 20:01:55 +0000"
    },
    "done": true
  },
  "supplementaries:recipes/iron_gate": {
    "criteria": {
      "has_iron_ingot": "2024-08-08 20:04:28 +0000"
    },
    "done": true
  },
  "minecraft:recipes/combat/shield": {
    "criteria": {
      "has_iron_ingot": "2024-08-08 20:04:28 +0000"
    },
    "done": true
  },
  "refurbished_furniture:recipes/misc/wrench": {
    "criteria": {
      "has_iron_ingot": "2024-08-08 20:04:28 +0000"
    },
    "done": true
  },
  "kawaiidishes:recipes/misc/brown_maid_dress": {
    "criteria": {
      "has_white_wool": "2024-08-08 20:06:19 +0000"
    },
    "done": true
  },
  "minecraft:recipes/decorations/iron_bars": {
    "criteria": {
      "has_iron_ingot": "2024-08-08 20:04:28 +0000"
    },
    "done": true
  },
  "incendium:technical/scroll_of_returning": {
    "criteria": {
      "log_spam_fixer": "2024-08-08 19:58:52 +0000"
    },
    "done": false
  },
  "blue_skies:recipes/building_blocks/comet_trapdoor": {
    "criteria": {
      "has_item": "2024-08-08 20:07:19 +0000"
    },
    "done": true
  },
  "kawaiidishes:recipes/misc/white_thigh_highs": {
    "criteria": {
      "has_white_wool": "2024-08-08 20:06:19 +0000"
    },
    "done": true
  },
  "supplementaries:recipes/candle_holders/candle_holder_black": {
    "criteria": {
      "has_iron_ingot": "2024-08-08 20:04:28 +0000"
    },
    "done": true
  },
  "refurbished_furniture:recipes/misc/constructing/brown_grill": {
    "criteria": {
      "has_iron_ingot": "2024-08-08 20:04:28 +0000"
    },
    "done": true
  },
  "minecraft:recipes/brewing/glistering_melon_slice": {
    "criteria": {
      "has_melon": "2024-08-08 20:08:23 +0000"
    },
    "done": true
  },
  "supplementaries:recipes/notice_board": {
    "criteria": {
      "minecraft:planks": "2024-08-08 20:00:51 +0000"
    },
    "done": true
  },
  "refurbished_furniture:recipes/misc/constructing/television": {
    "criteria": {
      "has_iron_ingot": "2024-08-08 20:04:28 +0000"
    },
    "done": true
  },
  "kawaiidishes:recipes/misc/light_blue_maid_dress": {
    "criteria": {
      "has_white_wool": "2024-08-08 20:06:19 +0000"
    },
    "done": true
  },
  "refurbished_furniture:recipes/misc/constructing/gray_lamp": {
    "criteria": {
      "has_planks": "2024-08-08 20:00:51 +0000"
    },
    "done": true
  },
  "refurbished_furniture:recipes/misc/constructing/warped_lattice_fence_gate": {
    "criteria": {
      "has_stick": "2024-08-08 20:01:55 +0000"
    },
    "done": true
  },
  "supplementaries:recipes/daub_frame": {
    "criteria": {
      "forge:rods/wooden": "2024-08-08 20:01:55 +0000"
    },
    "done": true
  },
  "minecraft:recipes/misc/black_maid_dress_fox_tail_red_uncraft": {
    "criteria": {
      "has_black_maid_dress_fox_tail_red": "2024-08-08 20:20:56 +0000"
    },
    "done": true
  },
  "blue_skies:recipes/redstone/comet_pressure_plate": {
    "criteria": {
      "has_item": "2024-08-08 20:07:19 +0000"
    },
    "done": true
  },
  "refurbished_furniture:recipes/misc/constructing/spruce_basin": {
    "criteria": {
      "has_iron_ingot": "2024-08-08 20:04:28 +0000"
    },
    "done": true
  },
  "refurbished_furniture:recipes/misc/constructing/jungle_basin": {
    "criteria": {
      "has_iron_ingot": "2024-08-08 20:04:28 +0000"
    },
    "done": true
  },
  "kawaiidishes:recipes/misc/magenta_maid_dress": {
    "criteria": {
      "has_white_wool": "2024-08-08 20:06:19 +0000"
    },
    "done": true
  },
  "supplementaries:recipes/key": {
    "criteria": {
      "has_gold_nugget": "2024-08-08 20:08:51 +0000"
    },
    "done": true
  },
  "refurbished_furniture:recipes/misc/constructing/light_blue_sofa": {
    "criteria": {
      "has_planks": "2024-08-08 20:00:51 +0000"
    },
    "done": true
  },
  "refurbished_furniture:recipes/misc/constructing/pink_trampoline": {
    "criteria": {
      "has_iron_ingot": "2024-08-08 20:04:28 +0000"
    },
    "done": true
  },
  "incendium:technical/multiplex_crossbow": {
    "criteria": {
      "log_spam_fixer": "2024-08-08 19:58:52 +0000"
    },
    "done": false
  },
  "refurbished_furniture:recipes/misc/constructing/black_sofa": {
    "criteria": {
      "has_planks": "2024-08-08 20:00:51 +0000"
    },
    "done": true
  },
  "incendium:technical/using/ragnarok": {
    "criteria": {
      "log_spam_fixer": "2024-08-08 19:58:52 +0000"
    },
    "done": false
  },
  "refurbished_furniture:recipes/misc/constructing/purple_sofa": {
    "criteria": {
      "has_planks": "2024-08-08 20:00:51 +0000"
    },
    "done": true
  },
  "supplementaries:recipes/candle_holders/candle_holder_green": {
    "criteria": {
      "has_iron_ingot": "2024-08-08 20:04:28 +0000"
    },
    "done": true
  },
  "twilightforest:recipes/transportation/canopy_boat": {
    "criteria": {
      "in_water": "2024-08-08 20:10:41 +0000"
    },
    "done": true
  },
  "backpacked:recipes/decorations/jungle_backpack_shelf": {
    "criteria": {
      "has_stick": "2024-08-08 20:01:55 +0000"
    },
    "done": true
  },
  "minecraft:recipes/misc/sugar_from_sugar_cane": {
    "criteria": {
      "has_sugar_cane": "2024-08-08 20:11:26 +0000"
    },
    "done": true
  },
  "twilightforest:recipes/transportation/dark_boat": {
    "criteria": {
      "in_water": "2024-08-08 20:10:41 +0000"
    },
    "done": true
  },
  "kawaiidishes:recipes/misc/white_horns": {
    "criteria": {
      "has_white_wool": "2024-08-08 20:06:19 +0000"
    },
    "done": true
  },
  "refurbished_furniture:recipes/misc/constructing/oak_lattice_fence": {
    "criteria": {
      "has_oak_planks": "2024-08-08 20:01:34 +0000"
    },
    "done": true
  },
  "minecraft:recipes/decorations/white_banner": {
    "criteria": {
      "has_white_wool": "2024-08-08 20:06:19 +0000"
    },
    "done": true
  },
  "minecraft:recipes/decorations/mossy_cobblestone_wall": {
    "criteria": {
      "has_mossy_cobblestone": "2024-08-08 20:25:08 +0000"
    },
    "done": true
  },
  "refurbished_furniture:recipes/misc/constructing/gray_cooler": {
    "criteria": {
      "has_planks": "2024-08-08 20:00:51 +0000"
    },
    "done": true
  },
  "minecraft:recipes/tools/wooden_pickaxe": {
    "criteria": {
      "has_stick": "2024-08-08 20:01:55 +0000"
    },
    "done": true
  },
  "refurbished_furniture:recipes/food/cheese": {
    "criteria": {
      "has_milk": "2024-08-08 20:00:10 +0000"
    },
    "done": true
  },
  "minecraft:recipes/food/baked_potato_from_smoking": {
    "criteria": {
      "has_potato": "2024-08-08 20:10:40 +0000"
    },
    "done": true
  },
  "variantvanillablocks:recipes/decorations/acacia_smithing_table": {
    "criteria": {
      "has_iron_ingot": "2024-08-08 20:04:28 +0000"
    },
    "done": true
  },
  "supplementaries:recipes/flags/flag_cyan": {
    "criteria": {
      "has_stick": "2024-08-08 20:01:55 +0000"
    },
    "done": true
  },
  "refurbished_furniture:recipes/misc/constructing/light_gray_stool": {
    "criteria": {
      "has_planks": "2024-08-08 20:00:51 +0000"
    },
    "done": true
  },
  "refurbished_furniture:recipes/misc/constructing/white_stool": {
    "criteria": {
      "has_planks": "2024-08-08 20:00:51 +0000"
    },
    "done": true
  },
  "minecraft:recipes/redstone/oak_pressure_plate": {
    "criteria": {
      "has_planks": "2024-08-08 20:01:34 +0000"
    },
    "done": true
  },
  "refurbished_furniture:recipes/misc/constructing/orange_grill": {
    "criteria": {
      "has_iron_ingot": "2024-08-08 20:04:28 +0000"
    },
    "done": true
  },
  "refurbished_furniture:recipes/misc/constructing/mangrove_lattice_fence": {
    "criteria": {
      "has_stick": "2024-08-08 20:01:55 +0000"
    },
    "done": true
  },
  "refurbished_furniture:recipes/misc/constructing/cherry_lattice_fence_gate": {
    "criteria": {
      "has_stick": "2024-08-08 20:01:55 +0000"
    },
    "done": true
  },
  "kawaiidishes:recipes/misc/white_cat_tail": {
    "criteria": {
      "has_white_wool": "2024-08-08 20:06:19 +0000"
    },
    "done": true
  },
  "supplementaries:recipes/flags/flag_yellow": {
    "criteria": {
      "has_stick": "2024-08-08 20:01:55 +0000"
    },
    "done": true
  },
  "supplementaries:recipes/candle_holders/candle_holder": {
    "criteria": {
      "has_iron_ingot": "2024-08-08 20:04:28 +0000"
    },
    "done": true
  },
  "refurbished_furniture:recipes/misc/constructing/yellow_stool": {
    "criteria": {
      "has_planks": "2024-08-08 20:00:51 +0000"
    },
    "done": true
  },
  "minecraft:recipes/transportation/carrot_on_a_stick": {
    "criteria": {
      "has_carrot": "2024-08-08 20:10:37 +0000"
    },
    "done": true
  },
  "refurbished_furniture:recipes/misc/constructing/black_lamp": {
    "criteria": {
      "has_planks": "2024-08-08 20:00:51 +0000"
    },
    "done": true
  },
  "supplementaries:recipes/building_blocks/luphieclutteredmod/sign_post_luphie_yellow": {
    "criteria": {
      "has_planks": "2024-08-08 20:07:18 +0000"
    },
    "done": true
  },
  "backpacked:recipes/decorations/warped_backpack_shelf": {
    "criteria": {
      "has_stick": "2024-08-08 20:01:55 +0000"
    },
    "done": true
  },
  "kawaiidishes:kawaiidishes/root": {
    "criteria": {
      "tick": "2024-08-08 19:58:51 +0000"
    },
    "done": true
  },
  "refurbished_furniture:recipes/misc/constructing/light_range_hood": {
    "criteria": {
      "has_iron_ingot": "2024-08-08 20:04:28 +0000"
    },
    "done": true
  },
  "supplementaries:recipes/flags/flag_light_gray": {
    "criteria": {
      "has_stick": "2024-08-08 20:01:55 +0000"
    },
    "done": true
  },
  "kawaiidishes:recipes/misc/yellow_maid_dress": {
    "criteria": {
      "has_white_wool": "2024-08-08 20:06:19 +0000"
    },
    "done": true
  },
  "incendium:technical/using/trailblazer": {
    "criteria": {
      "log_spam_fixer": "2024-08-08 19:58:52 +0000"
    },
    "done": false
  },
  "refurbished_furniture:recipes/misc/constructing/pink_lamp": {
    "criteria": {
      "has_planks": "2024-08-08 20:00:51 +0000"
    },
    "done": true
  },
  "refurbished_furniture:recipes/misc/constructing/lime_cooler": {
    "criteria": {
      "has_planks": "2024-08-08 20:00:51 +0000"
    },
    "done": true
  },
  "refurbished_furniture:recipes/misc/constructing/oak_storage_cabinet": {
    "criteria": {
      "has_oak_planks": "2024-08-08 20:01:34 +0000"
    },
    "done": true
  },
  "refurbished_furniture:recipes/misc/constructing/spruce_storage_cabinet": {
    "criteria": {
      "has_iron_ingot": "2024-08-08 20:04:28 +0000"
    },
    "done": true
  },
  "refurbished_furniture:recipes/misc/constructing/cherry_toilet": {
    "criteria": {
      "has_iron_ingot": "2024-08-08 20:04:28 +0000"
    },
    "done": true
  },
  "refurbished_furniture:recipes/misc/constructing/gray_stool": {
    "criteria": {
      "has_planks": "2024-08-08 20:00:51 +0000"
    },
    "done": true
  },
  "blue_skies:recipes/building_blocks/comet_planks": {
    "criteria": {
      "has_item": "2024-08-08 20:06:12 +0000"
    },
    "done": true
  },
  "kawaiidishes:recipes/misc/blue_maid_dress": {
    "criteria": {
      "has_white_wool": "2024-08-08 20:06:19 +0000"
    },
    "done": true
  },
  "refurbished_furniture:recipes/misc/constructing/acacia_lattice_fence_gate": {
    "criteria": {
      "has_stick": "2024-08-08 20:01:55 +0000"
    },
    "done": true
  },
  "supplementaries:recipes/candle_holders/candle_holder_cyan": {
    "criteria": {
      "has_iron_ingot": "2024-08-08 20:04:28 +0000"
    },
    "done": true
  },
  "refurbished_furniture:recipes/misc/constructing/pink_cooler": {
    "criteria": {
      "has_planks": "2024-08-08 20:00:51 +0000"
    },
    "done": true
  },
  "supplementaries:recipes/flags/flag_red": {
    "criteria": {
      "has_stick": "2024-08-08 20:01:55 +0000"
    },
    "done": true
  },
  "minecraft:recipes/tools/iron_axe": {
    "criteria": {
      "has_iron_ingot": "2024-08-08 20:04:28 +0000"
    },
    "done": true
  },
  "minecraft:recipes/building_blocks/glowstone": {
    "criteria": {
      "has_glowstone_dust": "2024-08-08 20:19:18 +0000"
    },
    "done": true
  },
  "blue_skies:recipes/building_blocks/glowing_nature_stone": {
    "criteria": {
      "has_item": "2024-08-08 20:19:18 +0000"
    },
    "done": true
  },
  "kawaiidishes:kawaiidishes/maid_dress": {
    "criteria": {
      "tick": "2024-08-08 20:20:56 +0000"
    },
    "done": true
  },
  "refurbished_furniture:recipes/misc/constructing/white_sofa": {
    "criteria": {
      "has_planks": "2024-08-08 20:00:51 +0000"
    },
    "done": true
  },
  "minecraft:recipes/misc/iron_nugget_from_blasting": {
    "criteria": {
      "has_iron_pickaxe": "2024-08-08 20:04:58 +0000"
    },
    "done": true
  },
  "minecraft:adventure/adventuring_time": {
    "criteria": {
      "minecraft:beach": "2024-08-08 19:59:02 +0000",
      "minecraft:river": "2024-08-08 19:59:17 +0000",
      "minecraft:snowy_taiga": "2024-08-08 19:58:52 +0000",
      "minecraft:cold_ocean": "2024-08-08 20:14:24 +0000",
      "minecraft:forest": "2024-08-08 19:59:33 +0000",
      "minecraft:plains": "2024-08-08 20:02:16 +0000"
    },
    "done": false
  },
  "refurbished_furniture:recipes/misc/constructing/oak_table": {
    "criteria": {
      "has_oak_planks": "2024-08-08 20:01:34 +0000"
    },
    "done": true
  },
  "supplementaries:recipes/pulley": {
    "criteria": {
      "minecraft:planks": "2024-08-08 20:00:51 +0000"
    },
    "done": true
  },
  "refurbished_furniture:recipes/misc/constructing/cyan_sofa": {
    "criteria": {
      "has_planks": "2024-08-08 20:00:51 +0000"
    },
    "done": true
  },
  "refurbished_furniture:recipes/misc/constructing/yellow_cooler": {
    "criteria": {
      "has_planks": "2024-08-08 20:00:51 +0000"
    },
    "done": true
  },
  "supplementaries:recipes/sconce_soul": {
    "criteria": {
      "has_soul_torch": "2024-08-08 20:18:15 +0000"
    },
    "done": true
  },
  "minecraft:recipes/misc/wheat": {
    "criteria": {
      "has_hay_block": "2024-08-08 20:17:59 +0000"
    },
    "done": true
  },
  "kawaiidishes:recipes/misc/white_bunny_ears": {
    "criteria": {
      "has_white_wool": "2024-08-08 20:06:19 +0000"
    },
    "done": true
  },
  "blue_skies:recipes/blue_skies_tools/comet_shovel": {
    "criteria": {
      "has_resource": "2024-08-08 20:07:19 +0000"
    },
    "done": true
  },
  "refurbished_furniture:recipes/misc/constructing/light_gray_grill": {
    "criteria": {
      "has_iron_ingot": "2024-08-08 20:04:28 +0000"
    },
    "done": true
  },
  "refurbished_furniture:recipes/misc/constructing/yellow_grill": {
    "criteria": {
      "has_iron_ingot": "2024-08-08 20:04:28 +0000"
    },
    "done": true
  },
  "refurbished_furniture:recipes/misc/constructing/black_stool": {
    "criteria": {
      "has_planks": "2024-08-08 20:00:51 +0000"
    },
    "done": true
  },
  "supplementaries:recipes/daub": {
    "criteria": {
      "supplementaries:straw": "2024-08-08 20:11:06 +0000"
    },
    "done": true
  },
  "twilightforest:recipes/transportation/sorting_boat": {
    "criteria": {
      "in_water": "2024-08-08 20:10:41 +0000"
    },
    "done": true
  },
  "blue_skies:recipes/building_blocks/glowing_blinding_stone": {
    "criteria": {
      "has_item": "2024-08-08 20:19:18 +0000"
    },
    "done": true
  },
  "minecraft:recipes/decorations/mossy_cobblestone_wall_from_mossy_cobblestone_stonecutting": {
    "criteria": {
      "has_mossy_cobblestone": "2024-08-08 20:25:08 +0000"
    },
    "done": true
  },
  "kawaiidishes:recipes/misc/white_stool": {
    "criteria": {
      "has_white_wool": "2024-08-08 20:06:19 +0000"
    },
    "done": true
  },
  "kawaiidishes:recipes/misc/purple_headband": {
    "criteria": {
      "has_white_wool": "2024-08-08 20:06:19 +0000"
    },
    "done": true
  },
  "supplementaries:recipes/lapis_bricks": {
    "criteria": {
      "has_lapis_lazuli": "2024-08-08 20:06:40 +0000"
    },
    "done": true
  },
  "refurbished_furniture:recipes/misc/constructing/blue_cooler": {
    "criteria": {
      "has_planks": "2024-08-08 20:00:51 +0000"
    },
    "done": true
  },
  "twilightforest:recipes/building_blocks/wood/mining_planks": {
    "criteria": {
      "has_item": "2024-08-08 20:07:22 +0000"
    },
    "done": true
  },
  "refurbished_furniture:recipes/misc/constructing/warped_lattice_fence": {
    "criteria": {
      "has_stick": "2024-08-08 20:01:55 +0000"
    },
    "done": true
  },
  "refurbished_furniture:recipes/misc/constructing/dark_oak_light_ceiling_fan": {
    "criteria": {
      "has_iron_ingot": "2024-08-08 20:04:28 +0000"
    },
    "done": true
  },
  "refurbished_furniture:recipes/misc/constructing/orange_cooler": {
    "criteria": {
      "has_planks": "2024-08-08 20:00:51 +0000"
    },
    "done": true
  },
  "refurbished_furniture:recipes/misc/constructing/purple_trampoline": {
    "criteria": {
      "has_iron_ingot": "2024-08-08 20:04:28 +0000"
    },
    "done": true
  },
  "minecraft:recipes/tools/diamond_axe": {
    "criteria": {
      "has_diamond": "2024-08-08 20:05:23 +0000"
    },
    "done": true
  },
  "refurbished_furniture:recipes/misc/constructing/birch_lattice_fence_gate": {
    "criteria": {
      "has_stick": "2024-08-08 20:01:55 +0000"
    },
    "done": true
  },
  "variantvanillablocks:recipes/decorations/crimson_smithing_table": {
    "criteria": {
      "has_iron_ingot": "2024-08-08 20:04:28 +0000"
    },
    "done": true
  },
  "refurbished_furniture:recipes/misc/constructing/cyan_lamp": {
    "criteria": {
      "has_planks": "2024-08-08 20:00:51 +0000"
    },
    "done": true
  },
  "refurbished_furniture:recipes/misc/constructing/gray_sofa": {
    "criteria": {
      "has_planks": "2024-08-08 20:00:51 +0000"
    },
    "done": true
  },
  "minecraft:story/root": {
    "criteria": {
      "crafting_table": "2024-08-08 20:01:43 +0000"
    },
    "done": true
  },
  "supplementaries:recipes/candle_holders/candle_holder_yellow": {
    "criteria": {
      "has_iron_ingot": "2024-08-08 20:04:28 +0000"
    },
    "done": true
  },
  "refurbished_furniture:recipes/misc/constructing/mangrove_storage_cabinet": {
    "criteria": {
      "has_iron_ingot": "2024-08-08 20:04:28 +0000"
    },
    "done": true
  },
  "refurbished_furniture:recipes/misc/constructing/purple_lamp": {
    "criteria": {
      "has_planks": "2024-08-08 20:00:51 +0000"
    },
    "done": true
  },
  "minecraft:recipes/redstone/iron_door": {
    "criteria": {
      "has_iron_ingot": "2024-08-08 20:04:28 +0000"
    },
    "done": true
  },
  "minecraft:recipes/transportation/dark_oak_boat": {
    "criteria": {
      "in_water": "2024-08-08 20:10:41 +0000"
    },
    "done": true
  },
  "supplementaries:recipes/flags/flag_lime": {
    "criteria": {
      "has_stick": "2024-08-08 20:01:55 +0000"
    },
    "done": true
  },
  "blue_skies:recipes/misc/comet_stick": {
    "criteria": {
      "has_item": "2024-08-08 20:07:19 +0000"
    },
    "done": true
  },
  "refurbished_furniture:recipes/misc/constructing/warped_toilet": {
    "criteria": {
      "has_iron_ingot": "2024-08-08 20:04:28 +0000"
    },
    "done": true
  },
  "refurbished_furniture:recipes/misc/constructing/pink_stool": {
    "criteria": {
      "has_planks": "2024-08-08 20:00:51 +0000"
    },
    "done": true
  },
  "DataVersion": 3465
}